       Step     Time          Energy          fmax
LBFGS:    0 10:46:46   -82345.496130        0.077138
LBFGS:    1 10:46:46   -82345.500774        0.058904
LBFGS:    2 10:46:47   -82345.508826        0.073102
LBFGS:    3 10:46:47   -82345.512482        0.084526
LBFGS:    4 10:46:47   -82345.518294        0.065902
LBFGS:    5 10:46:47   -82345.523492        0.062707
LBFGS:    6 10:46:47   -82345.528297        0.059623
LBFGS:    7 10:46:47   -82345.532948        0.078080
LBFGS:    8 10:46:47   -82345.538191        0.066660
LBFGS:    9 10:46:47   -82345.543550        0.052979
LBFGS:   10 10:46:47   -82345.548694        0.060093
LBFGS:   11 10:46:47   -82345.553817        0.066099
LBFGS:   12 10:46:47   -82345.559409        0.060981
LBFGS:   13 10:46:47   -82345.565413        0.068723
LBFGS:   14 10:46:47   -82345.571248        0.073808
LBFGS:   15 10:46:47   -82345.576653        0.063186
LBFGS:   16 10:46:47   -82345.582147        0.060834
LBFGS:   17 10:46:47   -82345.588388        0.073538
LBFGS:   18 10:46:47   -82345.595450        0.093366
LBFGS:   19 10:46:47   -82345.602652        0.101107
LBFGS:   20 10:46:48   -82345.609352        0.066892
LBFGS:   21 10:46:48   -82345.615774        0.065980
LBFGS:   22 10:46:48   -82345.622686        0.088792
LBFGS:   23 10:46:48   -82345.630442        0.116729
LBFGS:   24 10:46:48   -82345.638364        0.113640
LBFGS:   25 10:46:48   -82345.645547        0.075371
LBFGS:   26 10:46:48   -82345.652111        0.082524
LBFGS:   27 10:46:48   -82345.658803        0.102801
LBFGS:   28 10:46:48   -82345.666024        0.102680
LBFGS:   29 10:46:48   -82345.673267        0.079193
LBFGS:   30 10:46:48   -82345.679991        0.071544
LBFGS:   31 10:46:48   -82345.686613        0.095998
LBFGS:   32 10:46:48   -82345.693934        0.099981
LBFGS:   33 10:46:48   -82345.702053        0.086263
LBFGS:   34 10:46:48   -82345.710133        0.090312
LBFGS:   35 10:46:48   -82345.717718        0.116226
LBFGS:   36 10:46:49   -82345.725436        0.114865
LBFGS:   37 10:46:49   -82345.734624        0.090782
LBFGS:   38 10:46:49   -82345.744663        0.094405
LBFGS:   39 10:46:49   -82345.753411        0.098897
LBFGS:   40 10:46:49   -82345.763182        0.104239
LBFGS:   41 10:46:49   -82345.773595        0.099170
LBFGS:   42 10:46:49   -82345.785118        0.095486
LBFGS:   43 10:46:49   -82345.797096        0.105167
LBFGS:   44 10:46:49   -82345.808600        0.115083
LBFGS:   45 10:46:49   -82345.819025        0.168643
LBFGS:   46 10:46:49   -82345.827623        0.256941
LBFGS:   47 10:46:49   -82345.838883        0.099180
LBFGS:   48 10:46:49   -82345.851983        0.098409
LBFGS:   49 10:46:49   -82345.862650        0.117530
LBFGS:   50 10:46:49   -82345.875874        0.109888
LBFGS:   51 10:46:50   -82345.888636        0.109917
LBFGS:   52 10:46:50   -82345.903271        0.112360
LBFGS:   53 10:46:50   -82345.916159        0.174307
LBFGS:   54 10:46:50   -82345.925329        0.298290
LBFGS:   55 10:46:50   -82345.938646        0.113718
LBFGS:   56 10:46:50   -82345.951514        0.145577
LBFGS:   57 10:46:50   -82345.964770        0.123863
LBFGS:   58 10:46:50   -82345.975668        0.112071
LBFGS:   59 10:46:50   -82345.986567        0.081753
LBFGS:   60 10:46:50   -82345.996898        0.100946
LBFGS:   61 10:46:50   -82346.006062        0.104552
LBFGS:   62 10:46:50   -82346.015142        0.097325
LBFGS:   63 10:46:50   -82346.023770        0.086000
LBFGS:   64 10:46:50   -82346.031163        0.078956
LBFGS:   65 10:46:50   -82346.037644        0.099482
LBFGS:   66 10:46:51   -82346.043984        0.079008
LBFGS:   67 10:46:51   -82346.050367        0.088494
LBFGS:   68 10:46:51   -82346.056884        0.087813
LBFGS:   69 10:46:51   -82346.062672        0.066491
LBFGS:   70 10:46:51   -82346.068215        0.063218
LBFGS:   71 10:46:51   -82346.073898        0.069957
LBFGS:   72 10:46:51   -82346.079720        0.087028
LBFGS:   73 10:46:51   -82346.085232        0.077353
LBFGS:   74 10:46:51   -82346.090418        0.066167
LBFGS:   75 10:46:51   -82346.095352        0.072241
LBFGS:   76 10:46:51   -82346.100303        0.078107
LBFGS:   77 10:46:51   -82346.105204        0.066919
LBFGS:   78 10:46:51   -82346.109622        0.125623
LBFGS:   79 10:46:51   -82346.113502        0.107353
LBFGS:   80 10:46:51   -82346.117168        0.075044
LBFGS:   81 10:46:52   -82346.121194        0.063228
LBFGS:   82 10:46:52   -82346.124489        0.061232
LBFGS:   83 10:46:52   -82346.127350        0.053112
LBFGS:   84 10:46:52   -82346.130040        0.052107
LBFGS:   85 10:46:52   -82346.132744        0.050443
LBFGS:   86 10:46:52   -82346.135720        0.051707
LBFGS:   87 10:46:52   -82346.138858        0.051208
LBFGS:   88 10:46:52   -82346.141821        0.051522
LBFGS:   89 10:46:52   -82346.144467        0.050127
LBFGS:   90 10:46:52   -82346.146947        0.043740
LBFGS:   91 10:46:52   -82346.149455        0.051582
LBFGS:   92 10:46:52   -82346.151805        0.117032
LBFGS:   93 10:46:52   -82346.154138        0.078367
LBFGS:   94 10:46:52   -82346.156440        0.040158
LBFGS:   95 10:46:52   -82346.159196        0.047581
LBFGS:   96 10:46:52   -82346.161062        0.049461
LBFGS:   97 10:46:53   -82346.163861        0.047311
LBFGS:   98 10:46:53   -82346.166129        0.041103
LBFGS:   99 10:46:53   -82346.168647        0.053549
LBFGS:  100 10:46:53   -82346.171284        0.053811
LBFGS:  101 10:46:53   -82346.174021        0.051840
LBFGS:  102 10:46:53   -82346.176483        0.045737
LBFGS:  103 10:46:53   -82346.178710        0.048156
LBFGS:  104 10:46:53   -82346.180748        0.053713
LBFGS:  105 10:46:53   -82346.182653        0.061378
LBFGS:  106 10:46:53   -82346.184447        0.053955
LBFGS:  107 10:46:53   -82346.186294        0.042938
LBFGS:  108 10:46:53   -82346.188221        0.053763
LBFGS:  109 10:46:53   -82346.189849        0.041152
LBFGS:  110 10:46:53   -82346.191430        0.040398
LBFGS:  111 10:46:53   -82346.192945        0.041160
LBFGS:  112 10:46:53   -82346.194524        0.047720
LBFGS:  113 10:46:54   -82346.196078        0.040546
LBFGS:  114 10:46:54   -82346.197494        0.033472
LBFGS:  115 10:46:54   -82346.198791        0.034630
LBFGS:  116 10:46:54   -82346.200088        0.037583
LBFGS:  117 10:46:54   -82346.201409        0.034821
LBFGS:  118 10:46:54   -82346.202676        0.034199
LBFGS:  119 10:46:54   -82346.203869        0.033239
LBFGS:  120 10:46:54   -82346.205065        0.033559
LBFGS:  121 10:46:54   -82346.206314        0.032448
LBFGS:  122 10:46:54   -82346.207589        0.030972
LBFGS:  123 10:46:54   -82346.208853        0.035926
LBFGS:  124 10:46:54   -82346.210116        0.032926
LBFGS:  125 10:46:54   -82346.211387        0.035452
LBFGS:  126 10:46:54   -82346.212621        0.029089
LBFGS:  127 10:46:54   -82346.213804        0.032010
LBFGS:  128 10:46:54   -82346.215000        0.033939
LBFGS:  129 10:46:55   -82346.216295        0.035290
LBFGS:  130 10:46:55   -82346.217696        0.037563
LBFGS:  131 10:46:55   -82346.219163        0.033078
LBFGS:  132 10:46:55   -82346.220697        0.039228
LBFGS:  133 10:46:55   -82346.222340        0.045914
LBFGS:  134 10:46:55   -82346.224096        0.040933
LBFGS:  135 10:46:55   -82346.225835        0.050161
LBFGS:  136 10:46:55   -82346.227621        0.052664
LBFGS:  137 10:46:55   -82346.229586        0.052349
LBFGS:  138 10:46:55   -82346.232517        0.055485
LBFGS:  139 10:46:55   -82346.235876        0.098583
LBFGS:  140 10:46:55   -82346.240362        0.086054
LBFGS:  141 10:46:55   -82346.244546        0.328723
LBFGS:  142 10:46:55   -82346.251241        0.115551
LBFGS:  143 10:46:55   -82346.258686        0.217228
LBFGS:  144 10:46:55   -82346.271457        0.253424
LBFGS:  145 10:46:56   -82346.281233        0.159027
LBFGS:  146 10:46:56   -82346.251841        1.427468
LBFGS:  147 10:46:56   -82346.300709        0.697433
LBFGS:  148 10:46:56   -82346.313597        0.124973
LBFGS:  149 10:46:56   -82346.321627        0.222282
LBFGS:  150 10:46:56   -82346.330236        0.422824
LBFGS:  151 10:46:56   -82346.341777        0.276906
LBFGS:  152 10:46:56   -82346.352065        0.215798
LBFGS:  153 10:46:56   -82346.358542        0.146448
LBFGS:  154 10:46:56   -82346.366491        0.099702
LBFGS:  155 10:46:56   -82346.374522        0.120372
LBFGS:  156 10:46:56   -82346.380668        0.147059
LBFGS:  157 10:46:56   -82346.387635        0.108878
LBFGS:  158 10:46:56   -82346.393794        0.168917
LBFGS:  159 10:46:56   -82346.399781        0.099005
LBFGS:  160 10:46:57   -82346.405230        0.087309
LBFGS:  161 10:46:57   -82346.411026        0.115958
LBFGS:  162 10:46:57   -82346.416409        0.080427
LBFGS:  163 10:46:57   -82346.421494        0.064819
LBFGS:  164 10:46:57   -82346.426384        0.069945
LBFGS:  165 10:46:57   -82346.431219        0.073864
LBFGS:  166 10:46:57   -82346.435705        0.065100
LBFGS:  167 10:46:57   -82346.439774        0.059686
LBFGS:  168 10:46:57   -82346.443534        0.066865
LBFGS:  169 10:46:57   -82346.447195        0.069941
LBFGS:  170 10:46:57   -82346.450787        0.070573
LBFGS:  171 10:46:57   -82346.454331        0.131299
LBFGS:  172 10:46:57   -82346.457848        0.075621
LBFGS:  173 10:46:57   -82346.461536        0.090336
LBFGS:  174 10:46:57   -82346.464864        0.097697
LBFGS:  175 10:46:58   -82346.467949        0.094599
LBFGS:  176 10:46:58   -82346.471612        0.074737
LBFGS:  177 10:46:58   -82346.475413        0.069491
LBFGS:  178 10:46:58   -82346.479317        0.061688
LBFGS:  179 10:46:58   -82346.483231        0.066515
LBFGS:  180 10:46:58   -82346.487325        0.079763
LBFGS:  181 10:46:58   -82346.491673        0.081614
LBFGS:  182 10:46:58   -82346.496316        0.072095
LBFGS:  183 10:46:58   -82346.501320        0.072356
LBFGS:  184 10:46:58   -82346.506933        0.087321
LBFGS:  185 10:46:58   -82346.513307        0.089078
LBFGS:  186 10:46:58   -82346.520534        0.085774
LBFGS:  187 10:46:58   -82346.528671        0.083370
LBFGS:  188 10:46:58   -82346.536048        0.275541
LBFGS:  189 10:46:58   -82346.544412        0.285688
LBFGS:  190 10:46:58   -82346.554004        0.154836
LBFGS:  191 10:46:59   -82346.569406        0.128766
LBFGS:  192 10:46:59   -82346.577888        0.132654
LBFGS:  193 10:46:59   -82346.593123        0.134462
LBFGS:  194 10:46:59   -82346.603977        0.106823
LBFGS:  195 10:46:59   -82346.613721        0.130071
LBFGS:  196 10:46:59   -82346.624361        0.179719
LBFGS:  197 10:46:59   -82346.636005        0.153634
LBFGS:  198 10:46:59   -82346.646882        0.092182
LBFGS:  199 10:46:59   -82346.655911        0.109597
LBFGS:  200 10:46:59   -82346.665878        0.138819
       Step     Time          Energy          fmax
LBFGS:    0 10:55:51   -82346.665878        0.138819
LBFGS:    1 10:55:51   -82346.670494        0.089095
LBFGS:    2 10:55:51   -82346.678850        0.158516
LBFGS:    3 10:55:51   -82346.682856        0.117647
LBFGS:    4 10:55:51   -82346.689319        0.089084
LBFGS:    5 10:55:51   -82346.694644        0.063631
LBFGS:    6 10:55:51   -82346.699311        0.077637
LBFGS:    7 10:55:51   -82346.704090        0.091146
LBFGS:    8 10:55:51   -82346.709601        0.080944
LBFGS:    9 10:55:51   -82346.715281        0.077722
LBFGS:   10 10:55:51   -82346.720809        0.069792
LBFGS:   11 10:55:51   -82346.726467        0.088388
LBFGS:   12 10:55:51   -82346.732790        0.083261
LBFGS:   13 10:55:52   -82346.739678        0.079338
LBFGS:   14 10:55:52   -82346.746669        0.078328
LBFGS:   15 10:55:52   -82346.753855        0.093374
LBFGS:   16 10:55:52   -82346.761700        0.094885
LBFGS:   17 10:55:52   -82346.770502        0.084103
LBFGS:   18 10:55:52   -82346.780194        0.108379
LBFGS:   19 10:55:52   -82346.790435        0.119993
LBFGS:   20 10:55:52   -82346.801126        0.122224
LBFGS:   21 10:55:52   -82346.812365        0.110909
LBFGS:   22 10:55:52   -82346.823900        0.119120
LBFGS:   23 10:55:52   -82346.835428        0.130454
LBFGS:   24 10:55:52   -82346.843457        0.237426
LBFGS:   25 10:55:52   -82346.852790        0.142106
LBFGS:   26 10:55:52   -82346.861776        0.091501
LBFGS:   27 10:55:52   -82346.873751        0.125322
LBFGS:   28 10:55:53   -82346.880123        0.109908
LBFGS:   29 10:55:53   -82346.890462        0.086847
LBFGS:   30 10:55:53   -82346.897974        0.076769
LBFGS:   31 10:55:53   -82346.905708        0.095740
LBFGS:   32 10:55:53   -82346.913591        0.140265
LBFGS:   33 10:55:53   -82346.919545        0.247284
LBFGS:   34 10:55:53   -82346.927064        0.117507
LBFGS:   35 10:55:53   -82346.933615        0.089684
LBFGS:   36 10:55:53   -82346.943487        0.104501
LBFGS:   37 10:55:53   -82346.948641        0.138235
LBFGS:   38 10:55:53   -82346.957151        0.117221
LBFGS:   39 10:55:53   -82346.962632        0.095907
LBFGS:   40 10:55:53   -82346.968501        0.092291
LBFGS:   41 10:55:53   -82346.973803        0.113880
LBFGS:   42 10:55:53   -82346.979279        0.082739
LBFGS:   43 10:55:54   -82346.984620        0.140554
LBFGS:   44 10:55:54   -82346.989576        0.170067
LBFGS:   45 10:55:54   -82346.994851        0.067463
LBFGS:   46 10:55:54   -82347.000459        0.086649
LBFGS:   47 10:55:54   -82347.006757        0.103567
LBFGS:   48 10:55:54   -82347.011836        0.100488
LBFGS:   49 10:55:54   -82347.017895        0.083980
LBFGS:   50 10:55:54   -82347.023161        0.094259
LBFGS:   51 10:55:54   -82347.028974        0.114356
LBFGS:   52 10:55:54   -82347.035173        0.107315
LBFGS:   53 10:55:54   -82347.041070        0.101849
LBFGS:   54 10:55:54   -82347.045959        0.069137
LBFGS:   55 10:55:54   -82347.050387        0.087975
LBFGS:   56 10:55:54   -82347.055125        0.084428
LBFGS:   57 10:55:54   -82347.060245        0.096244
LBFGS:   58 10:55:55   -82347.065426        0.071294
LBFGS:   59 10:55:55   -82347.070494        0.071739
LBFGS:   60 10:55:55   -82347.075569        0.165542
LBFGS:   61 10:55:55   -82347.080232        0.086405
LBFGS:   62 10:55:55   -82347.085052        0.059727
LBFGS:   63 10:55:55   -82347.089787        0.070278
LBFGS:   64 10:55:55   -82347.094153        0.069347
LBFGS:   65 10:55:55   -82347.098995        0.079575
LBFGS:   66 10:55:55   -82347.104195        0.071951
LBFGS:   67 10:55:55   -82347.109026        0.079166
LBFGS:   68 10:55:55   -82347.113622        0.071883
LBFGS:   69 10:55:55   -82347.117972        0.067990
LBFGS:   70 10:55:55   -82347.122205        0.057765
LBFGS:   71 10:55:55   -82347.126233        0.077773
LBFGS:   72 10:55:55   -82347.130060        0.077787
LBFGS:   73 10:55:55   -82347.133429        0.138337
LBFGS:   74 10:55:55   -82347.137123        0.067732
LBFGS:   75 10:55:56   -82347.141256        0.094199
LBFGS:   76 10:55:56   -82347.146299        0.084100
LBFGS:   77 10:55:56   -82347.150533        0.067620
LBFGS:   78 10:55:56   -82347.155395        0.060339
LBFGS:   79 10:55:56   -82347.159568        0.090927
LBFGS:   80 10:55:56   -82347.163968        0.091094
LBFGS:   81 10:55:56   -82347.168604        0.066348
LBFGS:   82 10:55:56   -82347.173367        0.068734
LBFGS:   83 10:55:56   -82347.177797        0.078232
LBFGS:   84 10:55:56   -82347.182005        0.093213
LBFGS:   85 10:55:56   -82347.186289        0.072675
LBFGS:   86 10:55:56   -82347.190525        0.060845
LBFGS:   87 10:55:56   -82347.194500        0.099822
LBFGS:   88 10:55:56   -82347.198148        0.083815
LBFGS:   89 10:55:56   -82347.201994        0.073829
LBFGS:   90 10:55:56   -82347.206131        0.062286
LBFGS:   91 10:55:56   -82347.210007        0.066429
LBFGS:   92 10:55:57   -82347.213761        0.065514
       Step     Time          Energy          fmax
LBFGS:    0 10:55:59   -82347.217497        0.060979
LBFGS:    1 10:55:59   -82347.219268        0.036198
LBFGS:    2 10:55:59   -82347.222326        0.054509
LBFGS:    3 10:55:59   -82347.223500        0.054987
LBFGS:    4 10:55:59   -82347.226103        0.050932
LBFGS:    5 10:55:59   -82347.227932        0.051759
LBFGS:    6 10:55:59   -82347.229589        0.039190
LBFGS:    7 10:55:59   -82347.231515        0.049110
LBFGS:    8 10:55:59   -82347.233442        0.055041
LBFGS:    9 10:55:59   -82347.235198        0.051053
LBFGS:   10 10:55:59   -82347.236916        0.047766
LBFGS:   11 10:56:00   -82347.238828        0.048112
LBFGS:   12 10:56:00   -82347.240846        0.043653
LBFGS:   13 10:56:00   -82347.242747        0.044791
LBFGS:   14 10:56:00   -82347.244561        0.049289
LBFGS:   15 10:56:00   -82347.246494        0.049923
LBFGS:   16 10:56:00   -82347.248584        0.052938
LBFGS:   17 10:56:00   -82347.250644        0.042638
LBFGS:   18 10:56:00   -82347.252591        0.048399
LBFGS:   19 10:56:00   -82347.254534        0.056523
LBFGS:   20 10:56:00   -82347.256618        0.051850
LBFGS:   21 10:56:00   -82347.258832        0.053820
LBFGS:   22 10:56:00   -82347.261118        0.050914
LBFGS:   23 10:56:00   -82347.263488        0.057266
LBFGS:   24 10:56:00   -82347.265989        0.061556
LBFGS:   25 10:56:00   -82347.268644        0.052004
LBFGS:   26 10:56:00   -82347.271395        0.066305
LBFGS:   27 10:56:01   -82347.274296        0.094949
LBFGS:   28 10:56:01   -82347.276822        0.196340
LBFGS:   29 10:56:01   -82347.279896        0.072295
LBFGS:   30 10:56:01   -82347.282962        0.056867
LBFGS:   31 10:56:01   -82347.286370        0.072286
LBFGS:   32 10:56:01   -82347.289533        0.071670
LBFGS:   33 10:56:01   -82347.293699        0.086759
LBFGS:   34 10:56:01   -82347.297784        0.072229
LBFGS:   35 10:56:01   -82347.301721        0.199269
LBFGS:   36 10:56:01   -82347.304038        0.365431
LBFGS:   37 10:56:01   -82347.308980        0.088463
LBFGS:   38 10:56:01   -82347.312859        0.185063
LBFGS:   39 10:56:01   -82347.317164        0.141448
LBFGS:   40 10:56:01   -82347.321216        0.127314
LBFGS:   41 10:56:01   -82347.326828        0.113068
LBFGS:   42 10:56:01   -82347.331893        0.069289
LBFGS:   43 10:56:02   -82347.336057        0.213585
LBFGS:   44 10:56:02   -82347.338400        0.371734
LBFGS:   45 10:56:02   -82347.343831        0.098043
LBFGS:   46 10:56:02   -82347.348552        0.068056
LBFGS:   47 10:56:02   -82347.352919        0.054416
LBFGS:   48 10:56:02   -82347.356659        0.076039
LBFGS:   49 10:56:02   -82347.360564        0.182939
LBFGS:   50 10:56:02   -82347.364772        0.113794
LBFGS:   51 10:56:02   -82347.368627        0.042242
LBFGS:   52 10:56:02   -82347.372025        0.057428
LBFGS:   53 10:56:02   -82347.375882        0.088184
LBFGS:   54 10:56:02   -82347.379328        0.086664
LBFGS:   55 10:56:02   -82347.382407        0.069609
LBFGS:   56 10:56:02   -82347.385426        0.045372
LBFGS:   57 10:56:02   -82347.388378        0.165449
LBFGS:   58 10:56:02   -82347.391286        0.109823
LBFGS:   59 10:56:03   -82347.394257        0.089087
LBFGS:   60 10:56:03   -82347.397936        0.066777
LBFGS:   61 10:56:03   -82347.401114        0.065893
LBFGS:   62 10:56:03   -82347.405117        0.087333
LBFGS:   63 10:56:03   -82347.408810        0.096254
LBFGS:   64 10:56:03   -82347.412724        0.068506
LBFGS:   65 10:56:03   -82347.416839        0.073880
LBFGS:   66 10:56:03   -82347.420930        0.053029
LBFGS:   67 10:56:03   -82347.424627        0.078126
LBFGS:   68 10:56:03   -82347.428281        0.101024
LBFGS:   69 10:56:03   -82347.432284        0.074327
LBFGS:   70 10:56:03   -82347.436709        0.133277
LBFGS:   71 10:56:03   -82347.440782        0.059173
LBFGS:   72 10:56:03   -82347.444520        0.073566
LBFGS:   73 10:56:03   -82347.447928        0.059383
LBFGS:   74 10:56:03   -82347.451760        0.061479
LBFGS:   75 10:56:04   -82347.455283        0.060302
LBFGS:   76 10:56:04   -82347.458917        0.059733
LBFGS:   77 10:56:04   -82347.462432        0.066969
LBFGS:   78 10:56:04   -82347.466071        0.075103
LBFGS:   79 10:56:04   -82347.469712        0.068903
LBFGS:   80 10:56:04   -82347.473329        0.053792
LBFGS:   81 10:56:04   -82347.476870        0.056878
LBFGS:   82 10:56:04   -82347.480329        0.069501
LBFGS:   83 10:56:04   -82347.483698        0.069419
LBFGS:   84 10:56:04   -82347.486872        0.135202
LBFGS:   85 10:56:04   -82347.489912        0.061567
LBFGS:   86 10:56:04   -82347.492923        0.075861
LBFGS:   87 10:56:04   -82347.496001        0.058917
LBFGS:   88 10:56:04   -82347.498429        0.056766
LBFGS:   89 10:56:04   -82347.501167        0.056953
LBFGS:   90 10:56:04   -82347.503814        0.059590
LBFGS:   91 10:56:05   -82347.506084        0.051842
LBFGS:   92 10:56:05   -82347.507947        0.054439
LBFGS:   93 10:56:05   -82347.509824        0.042635
LBFGS:   94 10:56:05   -82347.512009        0.068958
LBFGS:   95 10:56:05   -82347.514438        0.069768
LBFGS:   96 10:56:05   -82347.516853        0.067355
LBFGS:   97 10:56:05   -82347.519055        0.061035
LBFGS:   98 10:56:05   -82347.521023        0.044718
LBFGS:   99 10:56:05   -82347.522867        0.045735
LBFGS:  100 10:56:05   -82347.524677        0.085491
LBFGS:  101 10:56:05   -82347.526567        0.068994
LBFGS:  102 10:56:05   -82347.528410        0.077524
LBFGS:  103 10:56:05   -82347.530064        0.048277
LBFGS:  104 10:56:05   -82347.531584        0.049621
LBFGS:  105 10:56:05   -82347.533190        0.070701
LBFGS:  106 10:56:05   -82347.534944        0.049605
LBFGS:  107 10:56:06   -82347.536693        0.047541
LBFGS:  108 10:56:06   -82347.538391        0.055083
LBFGS:  109 10:56:06   -82347.540046        0.070484
LBFGS:  110 10:56:06   -82347.541716        0.078981
LBFGS:  111 10:56:06   -82347.543410        0.047555
LBFGS:  112 10:56:06   -82347.545125        0.054782
LBFGS:  113 10:56:06   -82347.546888        0.053117
LBFGS:  114 10:56:06   -82347.548702        0.067549
LBFGS:  115 10:56:06   -82347.550491        0.057123
LBFGS:  116 10:56:06   -82347.552194        0.049682
LBFGS:  117 10:56:06   -82347.553847        0.040166
LBFGS:  118 10:56:06   -82347.555574        0.074917
LBFGS:  119 10:56:06   -82347.557398        0.080054
LBFGS:  120 10:56:06   -82347.559241        0.049285
LBFGS:  121 10:56:06   -82347.561057        0.049418
LBFGS:  122 10:56:07   -82347.562901        0.052700
LBFGS:  123 10:56:07   -82347.564838        0.074532
LBFGS:  124 10:56:07   -82347.566837        0.060776
LBFGS:  125 10:56:07   -82347.568864        0.060033
LBFGS:  126 10:56:07   -82347.570814        0.049360
LBFGS:  127 10:56:07   -82347.572836        0.069193
LBFGS:  128 10:56:07   -82347.574736        0.069026
LBFGS:  129 10:56:07   -82347.576633        0.065009
LBFGS:  130 10:56:07   -82347.578681        0.054678
LBFGS:  131 10:56:07   -82347.581003        0.061785
LBFGS:  132 10:56:07   -82347.583580        0.079575
LBFGS:  133 10:56:07   -82347.586301        0.079982
LBFGS:  134 10:56:07   -82347.588803        0.057369
LBFGS:  135 10:56:07   -82347.590917        0.046656
LBFGS:  136 10:56:07   -82347.592860        0.048703
LBFGS:  137 10:56:07   -82347.594908        0.077388
LBFGS:  138 10:56:08   -82347.597279        0.070864
LBFGS:  139 10:56:08   -82347.599869        0.043988
LBFGS:  140 10:56:08   -82347.602401        0.040591
LBFGS:  141 10:56:08   -82347.604304        0.052176
LBFGS:  142 10:56:08   -82347.606504        0.050644
LBFGS:  143 10:56:08   -82347.608530        0.049435
LBFGS:  144 10:56:08   -82347.610389        0.040166
LBFGS:  145 10:56:08   -82347.612150        0.044888
LBFGS:  146 10:56:08   -82347.614073        0.044221
LBFGS:  147 10:56:08   -82347.616104        0.048536
LBFGS:  148 10:56:08   -82347.618000        0.039012
LBFGS:  149 10:56:08   -82347.619632        0.042182
LBFGS:  150 10:56:08   -82347.621171        0.037565
LBFGS:  151 10:56:08   -82347.622776        0.051488
LBFGS:  152 10:56:08   -82347.624380        0.072637
LBFGS:  153 10:56:09   -82347.625912        0.054431
LBFGS:  154 10:56:09   -82347.627558        0.043538
LBFGS:  155 10:56:09   -82347.629443        0.044495
LBFGS:  156 10:56:09   -82347.630854        0.040969
LBFGS:  157 10:56:09   -82347.632656        0.043041
LBFGS:  158 10:56:09   -82347.634264        0.049520
LBFGS:  159 10:56:09   -82347.635866        0.042721
LBFGS:  160 10:56:09   -82347.637467        0.049398
LBFGS:  161 10:56:09   -82347.639131        0.043370
LBFGS:  162 10:56:09   -82347.640873        0.043610
LBFGS:  163 10:56:09   -82347.642634        0.041355
LBFGS:  164 10:56:09   -82347.644327        0.044043
LBFGS:  165 10:56:09   -82347.645845        0.047859
LBFGS:  166 10:56:09   -82347.647325        0.039248
LBFGS:  167 10:56:09   -82347.648881        0.075750
LBFGS:  168 10:56:09   -82347.650717        0.066884
LBFGS:  169 10:56:10   -82347.652412        0.048644
LBFGS:  170 10:56:10   -82347.654099        0.036855
LBFGS:  171 10:56:10   -82347.655725        0.041680
LBFGS:  172 10:56:10   -82347.657405        0.056623
LBFGS:  173 10:56:10   -82347.659082        0.050595
LBFGS:  174 10:56:10   -82347.660885        0.053038
LBFGS:  175 10:56:10   -82347.662640        0.058535
LBFGS:  176 10:56:10   -82347.664575        0.057564
LBFGS:  177 10:56:10   -82347.666561        0.069056
LBFGS:  178 10:56:10   -82347.668808        0.057214
LBFGS:  179 10:56:10   -82347.670945        0.069567
LBFGS:  180 10:56:10   -82347.673483        0.071041
LBFGS:  181 10:56:10   -82347.676108        0.099081
LBFGS:  182 10:56:10   -82347.679031        0.110915
LBFGS:  183 10:56:10   -82347.680999        0.215238
LBFGS:  184 10:56:11   -82347.684732        0.077484
LBFGS:  185 10:56:11   -82347.688334        0.093367
LBFGS:  186 10:56:11   -82347.694624        0.124365
LBFGS:  187 10:56:11   -82347.699166        0.144905
LBFGS:  188 10:56:11   -82347.706656        0.277898
LBFGS:  189 10:56:11   -82347.711953        0.187128
LBFGS:  190 10:56:11   -82347.714773        0.490975
LBFGS:  191 10:56:11   -82347.722359        0.130622
LBFGS:  192 10:56:11   -82347.727352        0.098873
LBFGS:  193 10:56:11   -82347.738227        0.136204
LBFGS:  194 10:56:11   -82347.743955        0.204519
LBFGS:  195 10:56:11   -82347.751098        0.165294
LBFGS:  196 10:56:11   -82347.758570        0.166698
LBFGS:  197 10:56:11   -82347.765813        0.182771
LBFGS:  198 10:56:11   -82347.770398        0.356460
LBFGS:  199 10:56:11   -82347.776964        0.173524
LBFGS:  200 10:56:12   -82347.784211        0.099806
LBFGS:  201 10:56:12   -82347.790557        0.105089
LBFGS:  202 10:56:12   -82347.797642        0.200697
LBFGS:  203 10:56:12   -82347.804338        0.178793
LBFGS:  204 10:56:12   -82347.811501        0.227174
LBFGS:  205 10:56:12   -82347.818056        0.197689
LBFGS:  206 10:56:12   -82347.822854        0.322588
LBFGS:  207 10:56:12   -82347.830241        0.108794
LBFGS:  208 10:56:12   -82347.837852        0.092414
LBFGS:  209 10:56:12   -82347.843964        0.088945
LBFGS:  210 10:56:12   -82347.850985        0.182255
LBFGS:  211 10:56:12   -82347.857876        0.199011
LBFGS:  212 10:56:12   -82347.865356        0.155958
LBFGS:  213 10:56:12   -82347.872135        0.090567
LBFGS:  214 10:56:12   -82347.878477        0.119998
LBFGS:  215 10:56:13   -82347.883399        0.286674
LBFGS:  216 10:56:13   -82347.888494        0.128870
LBFGS:  217 10:56:13   -82347.893235        0.102559
LBFGS:  218 10:56:13   -82347.899176        0.060409
LBFGS:  219 10:56:13   -82347.902842        0.060661
LBFGS:  220 10:56:13   -82347.907803        0.063430
LBFGS:  221 10:56:13   -82347.911254        0.073791
LBFGS:  222 10:56:13   -82347.914850        0.072892
LBFGS:  223 10:56:13   -82347.918381        0.053988
LBFGS:  224 10:56:13   -82347.921966        0.052476
LBFGS:  225 10:56:13   -82347.925355        0.051162
LBFGS:  226 10:56:13   -82347.928674        0.061689
LBFGS:  227 10:56:13   -82347.932090        0.053834
LBFGS:  228 10:56:13   -82347.935636        0.083049
LBFGS:  229 10:56:13   -82347.939163        0.066553
LBFGS:  230 10:56:13   -82347.942330        0.194674
LBFGS:  231 10:56:14   -82347.945719        0.060019
LBFGS:  232 10:56:14   -82347.949317        0.062825
LBFGS:  233 10:56:14   -82347.953338        0.067188
LBFGS:  234 10:56:14   -82347.956205        0.063294
LBFGS:  235 10:56:14   -82347.960070        0.051778
LBFGS:  236 10:56:14   -82347.963452        0.064157
LBFGS:  237 10:56:14   -82347.967087        0.061137
LBFGS:  238 10:56:14   -82347.970673        0.067174
LBFGS:  239 10:56:14   -82347.974157        0.056720
LBFGS:  240 10:56:14   -82347.977212        0.055748
LBFGS:  241 10:56:14   -82347.979942        0.049429
LBFGS:  242 10:56:14   -82347.982590        0.049806
LBFGS:  243 10:56:14   -82347.985317        0.051650
LBFGS:  244 10:56:14   -82347.988083        0.056695
LBFGS:  245 10:56:14   -82347.990803        0.050530
LBFGS:  246 10:56:15   -82347.993496        0.050155
LBFGS:  247 10:56:15   -82347.996174        0.048027
LBFGS:  248 10:56:15   -82347.998780        0.055277
LBFGS:  249 10:56:15   -82348.001221        0.054088
LBFGS:  250 10:56:15   -82348.003553        0.058567
LBFGS:  251 10:56:15   -82348.005869        0.054582
LBFGS:  252 10:56:15   -82348.008226        0.045986
LBFGS:  253 10:56:15   -82348.010555        0.050514
LBFGS:  254 10:56:15   -82348.012868        0.048590
LBFGS:  255 10:56:15   -82348.015170        0.053743
LBFGS:  256 10:56:15   -82348.017490        0.058535
LBFGS:  257 10:56:15   -82348.019733        0.057741
LBFGS:  258 10:56:15   -82348.021886        0.050478
LBFGS:  259 10:56:15   -82348.023972        0.046581
LBFGS:  260 10:56:15   -82348.026108        0.057926
LBFGS:  261 10:56:15   -82348.028301        0.058386
LBFGS:  262 10:56:16   -82348.030457        0.061507
LBFGS:  263 10:56:16   -82348.032519        0.059623
LBFGS:  264 10:56:16   -82348.034552        0.053666
LBFGS:  265 10:56:16   -82348.036619        0.058958
LBFGS:  266 10:56:16   -82348.038698        0.045588
LBFGS:  267 10:56:16   -82348.040715        0.058868
LBFGS:  268 10:56:16   -82348.042640        0.061798
LBFGS:  269 10:56:16   -82348.044476        0.069347
LBFGS:  270 10:56:16   -82348.046238        0.044137
LBFGS:  271 10:56:16   -82348.047956        0.041035
LBFGS:  272 10:56:16   -82348.049694        0.048414
LBFGS:  273 10:56:16   -82348.051473        0.058121
LBFGS:  274 10:56:16   -82348.053240        0.044059
LBFGS:  275 10:56:16   -82348.054920        0.044551
LBFGS:  276 10:56:16   -82348.056526        0.041523
LBFGS:  277 10:56:16   -82348.058105        0.056162
LBFGS:  278 10:56:17   -82348.059674        0.040793
LBFGS:  279 10:56:17   -82348.061158        0.037338
LBFGS:  280 10:56:17   -82348.062577        0.041850
LBFGS:  281 10:56:17   -82348.064029        0.060354
LBFGS:  282 10:56:17   -82348.065632        0.047121
LBFGS:  283 10:56:17   -82348.067255        0.044750
LBFGS:  284 10:56:17   -82348.068796        0.042632
LBFGS:  285 10:56:17   -82348.070263        0.051924
LBFGS:  286 10:56:17   -82348.071791        0.048577
LBFGS:  287 10:56:17   -82348.073420        0.050136
LBFGS:  288 10:56:17   -82348.075090        0.046174
LBFGS:  289 10:56:17   -82348.076651        0.052235
LBFGS:  290 10:56:17   -82348.078101        0.037531
LBFGS:  291 10:56:17   -82348.079467        0.044022
LBFGS:  292 10:56:17   -82348.080842        0.044720
LBFGS:  293 10:56:17   -82348.082198        0.059592
LBFGS:  294 10:56:18   -82348.083518        0.044881
LBFGS:  295 10:56:18   -82348.084782        0.038241
LBFGS:  296 10:56:18   -82348.086076        0.044960
LBFGS:  297 10:56:18   -82348.087413        0.062282
LBFGS:  298 10:56:18   -82348.088737        0.052785
LBFGS:  299 10:56:18   -82348.089934        0.034893
LBFGS:  300 10:56:18   -82348.091008        0.032179
LBFGS:  301 10:56:18   -82348.092055        0.044127
LBFGS:  302 10:56:18   -82348.093176        0.041588
LBFGS:  303 10:56:18   -82348.094357        0.035370
LBFGS:  304 10:56:18   -82348.095529        0.036137
LBFGS:  305 10:56:18   -82348.096646        0.047746
LBFGS:  306 10:56:18   -82348.097724        0.046137
LBFGS:  307 10:56:18   -82348.098786        0.031617
LBFGS:  308 10:56:18   -82348.099865        0.042080
LBFGS:  309 10:56:19   -82348.100947        0.043511
LBFGS:  310 10:56:19   -82348.102016        0.041978
LBFGS:  311 10:56:19   -82348.103061        0.033484
LBFGS:  312 10:56:19   -82348.104137        0.044208
LBFGS:  313 10:56:19   -82348.105222        0.053564
LBFGS:  314 10:56:19   -82348.106280        0.044165
LBFGS:  315 10:56:19   -82348.107274        0.027485
LBFGS:  316 10:56:19   -82348.108249        0.036690
LBFGS:  317 10:56:19   -82348.109280        0.045361
LBFGS:  318 10:56:19   -82348.110395        0.050135
LBFGS:  319 10:56:19   -82348.111513        0.030394
LBFGS:  320 10:56:19   -82348.112568        0.032749
LBFGS:  321 10:56:19   -82348.113591        0.037460
LBFGS:  322 10:56:19   -82348.114664        0.046442
LBFGS:  323 10:56:19   -82348.115829        0.037369
LBFGS:  324 10:56:19   -82348.117102        0.036192
LBFGS:  325 10:56:20   -82348.118480        0.043612
LBFGS:  326 10:56:20   -82348.119991        0.056420
LBFGS:  327 10:56:20   -82348.121558        0.042645
LBFGS:  328 10:56:20   -82348.123113        0.035800
LBFGS:  329 10:56:20   -82348.124553        0.040200
LBFGS:  330 10:56:20   -82348.126011        0.056072
LBFGS:  331 10:56:20   -82348.127488        0.042784
LBFGS:  332 10:56:20   -82348.129036        0.035494
LBFGS:  333 10:56:20   -82348.130578        0.043450
LBFGS:  334 10:56:20   -82348.132179        0.057761
LBFGS:  335 10:56:20   -82348.133777        0.044332
LBFGS:  336 10:56:20   -82348.135380        0.038866
LBFGS:  337 10:56:20   -82348.136982        0.038329
LBFGS:  338 10:56:20   -82348.138675        0.060092
LBFGS:  339 10:56:20   -82348.140399        0.047867
LBFGS:  340 10:56:21   -82348.142094        0.049201
LBFGS:  341 10:56:21   -82348.143695        0.047537
LBFGS:  342 10:56:21   -82348.145292        0.067795
LBFGS:  343 10:56:21   -82348.146901        0.060836
LBFGS:  344 10:56:21   -82348.148627        0.050158
LBFGS:  345 10:56:21   -82348.150268        0.041648
LBFGS:  346 10:56:21   -82348.151889        0.063632
LBFGS:  347 10:56:21   -82348.153551        0.058734
LBFGS:  348 10:56:21   -82348.155173        0.043938
LBFGS:  349 10:56:21   -82348.156675        0.031196
LBFGS:  350 10:56:21   -82348.158157        0.061809
LBFGS:  351 10:56:21   -82348.159622        0.060319
LBFGS:  352 10:56:21   -82348.161017        0.036136
LBFGS:  353 10:56:21   -82348.162262        0.034330
LBFGS:  354 10:56:21   -82348.163414        0.046655
LBFGS:  355 10:56:21   -82348.164502        0.049458
LBFGS:  356 10:56:22   -82348.165544        0.034018
LBFGS:  357 10:56:22   -82348.166552        0.026999
LBFGS:  358 10:56:22   -82348.167621        0.048434
LBFGS:  359 10:56:22   -82348.168729        0.052697
LBFGS:  360 10:56:22   -82348.169843        0.039936
LBFGS:  361 10:56:22   -82348.170926        0.030320
LBFGS:  362 10:56:22   -82348.171947        0.038738
LBFGS:  363 10:56:22   -82348.172927        0.042955
LBFGS:  364 10:56:22   -82348.173888        0.034399
LBFGS:  365 10:56:22   -82348.174822        0.029412
LBFGS:  366 10:56:22   -82348.175728        0.041401
LBFGS:  367 10:56:22   -82348.176616        0.045858
LBFGS:  368 10:56:22   -82348.177483        0.029241
LBFGS:  369 10:56:22   -82348.178319        0.027578
LBFGS:  370 10:56:22   -82348.179141        0.046443
LBFGS:  371 10:56:22   -82348.179983        0.056447
LBFGS:  372 10:56:23   -82348.180880        0.041925
LBFGS:  373 10:56:23   -82348.181843        0.032965
LBFGS:  374 10:56:23   -82348.182881        0.032125
LBFGS:  375 10:56:23   -82348.183965        0.052894
LBFGS:  376 10:56:23   -82348.185073        0.047102
LBFGS:  377 10:56:23   -82348.186177        0.049191
LBFGS:  378 10:56:23   -82348.187446        0.045024
LBFGS:  379 10:56:23   -82348.188869        0.062475
LBFGS:  380 10:56:23   -82348.190598        0.062823
LBFGS:  381 10:56:23   -82348.192362        0.094764
LBFGS:  382 10:56:23   -82348.194100        0.094075
LBFGS:  383 10:56:23   -82348.195377        0.137369
LBFGS:  384 10:56:23   -82348.197260        0.055618
LBFGS:  385 10:56:23   -82348.199142        0.050378
LBFGS:  386 10:56:23   -82348.200884        0.041992
LBFGS:  387 10:56:23   -82348.202406        0.059345
LBFGS:  388 10:56:24   -82348.203832        0.055447
LBFGS:  389 10:56:24   -82348.205287        0.039959
LBFGS:  390 10:56:24   -82348.206477        0.069349
LBFGS:  391 10:56:24   -82348.207511        0.093344
LBFGS:  392 10:56:24   -82348.208620        0.048981
LBFGS:  393 10:56:24   -82348.209841        0.043190
LBFGS:  394 10:56:24   -82348.210695        0.040110
LBFGS:  395 10:56:24   -82348.211731        0.040358
LBFGS:  396 10:56:24   -82348.212561        0.031811
LBFGS:  397 10:56:24   -82348.213310        0.033994
LBFGS:  398 10:56:24   -82348.214008        0.033756
LBFGS:  399 10:56:24   -82348.214789        0.030713
LBFGS:  400 10:56:24   -82348.215679        0.034698
LBFGS:  401 10:56:24   -82348.216582        0.038957
LBFGS:  402 10:56:24   -82348.217441        0.043069
LBFGS:  403 10:56:25   -82348.218295        0.041512
LBFGS:  404 10:56:25   -82348.219232        0.040404
LBFGS:  405 10:56:25   -82348.220268        0.047836
LBFGS:  406 10:56:25   -82348.221360        0.043226
LBFGS:  407 10:56:25   -82348.222478        0.036269
LBFGS:  408 10:56:25   -82348.223644        0.042028
LBFGS:  409 10:56:25   -82348.224859        0.043446
LBFGS:  410 10:56:25   -82348.226080        0.043790
LBFGS:  411 10:56:25   -82348.227243        0.031034
LBFGS:  412 10:56:25   -82348.228344        0.044482
LBFGS:  413 10:56:25   -82348.229396        0.050485
LBFGS:  414 10:56:25   -82348.230493        0.045663
LBFGS:  415 10:56:25   -82348.231645        0.035601
LBFGS:  416 10:56:25   -82348.232755        0.031935
LBFGS:  417 10:56:25   -82348.233752        0.042025
LBFGS:  418 10:56:26   -82348.234862        0.039397
LBFGS:  419 10:56:26   -82348.235948        0.033596
LBFGS:  420 10:56:26   -82348.237037        0.031258
LBFGS:  421 10:56:26   -82348.238090        0.044312
LBFGS:  422 10:56:26   -82348.239138        0.041924
LBFGS:  423 10:56:26   -82348.240193        0.035997
LBFGS:  424 10:56:26   -82348.241281        0.027810
LBFGS:  425 10:56:26   -82348.242394        0.044676
LBFGS:  426 10:56:26   -82348.243480        0.042246
LBFGS:  427 10:56:26   -82348.244476        0.032077
LBFGS:  428 10:56:26   -82348.245348        0.030545
LBFGS:  429 10:56:26   -82348.246133        0.050682
LBFGS:  430 10:56:26   -82348.246929        0.042670
LBFGS:  431 10:56:26   -82348.247839        0.034593
LBFGS:  432 10:56:26   -82348.248916        0.029163
LBFGS:  433 10:56:27   -82348.249702        0.033989
LBFGS:  434 10:56:27   -82348.250578        0.031351
LBFGS:  435 10:56:27   -82348.251359        0.028391
LBFGS:  436 10:56:27   -82348.252124        0.023894
LBFGS:  437 10:56:27   -82348.252857        0.031012
LBFGS:  438 10:56:27   -82348.253586        0.033406
LBFGS:  439 10:56:27   -82348.254296        0.027483
LBFGS:  440 10:56:27   -82348.254974        0.023951
LBFGS:  441 10:56:27   -82348.255624        0.028113
LBFGS:  442 10:56:27   -82348.256249        0.028041
LBFGS:  443 10:56:27   -82348.256852        0.028135
LBFGS:  444 10:56:27   -82348.257416        0.020900
LBFGS:  445 10:56:27   -82348.257947        0.034336
LBFGS:  446 10:56:27   -82348.258454        0.031537
LBFGS:  447 10:56:27   -82348.258963        0.030390
LBFGS:  448 10:56:27   -82348.259473        0.025330
LBFGS:  449 10:56:28   -82348.259988        0.028463
LBFGS:  450 10:56:28   -82348.260489        0.028144
LBFGS:  451 10:56:28   -82348.260972        0.023279
LBFGS:  452 10:56:28   -82348.261424        0.021573
LBFGS:  453 10:56:28   -82348.261855        0.024814
LBFGS:  454 10:56:28   -82348.262282        0.025604
LBFGS:  455 10:56:28   -82348.262724        0.026429
LBFGS:  456 10:56:28   -82348.263153        0.022352
LBFGS:  457 10:56:28   -82348.263548        0.023372
LBFGS:  458 10:56:28   -82348.263912        0.022974
LBFGS:  459 10:56:28   -82348.264270        0.022080
LBFGS:  460 10:56:28   -82348.264628        0.019725
LBFGS:  461 10:56:28   -82348.264994        0.021842
LBFGS:  462 10:56:28   -82348.265377        0.022937
LBFGS:  463 10:56:28   -82348.265782        0.022867
LBFGS:  464 10:56:29   -82348.266173        0.022563
LBFGS:  465 10:56:29   -82348.266520        0.022511
LBFGS:  466 10:56:29   -82348.266836        0.022586
LBFGS:  467 10:56:29   -82348.267162        0.020527
LBFGS:  468 10:56:29   -82348.267515        0.022545
LBFGS:  469 10:56:29   -82348.267877        0.025393
LBFGS:  470 10:56:29   -82348.268226        0.028202
LBFGS:  471 10:56:29   -82348.268570        0.016528
LBFGS:  472 10:56:29   -82348.268926        0.018918
LBFGS:  473 10:56:29   -82348.269295        0.022452
LBFGS:  474 10:56:29   -82348.269659        0.028862
LBFGS:  475 10:56:29   -82348.270012        0.020014
LBFGS:  476 10:56:29   -82348.270361        0.018619
LBFGS:  477 10:56:29   -82348.270726        0.021450
LBFGS:  478 10:56:29   -82348.271090        0.030149
LBFGS:  479 10:56:30   -82348.271430        0.022254
LBFGS:  480 10:56:30   -82348.271760        0.021234
LBFGS:  481 10:56:30   -82348.272082        0.018356
LBFGS:  482 10:56:30   -82348.272376        0.025040
LBFGS:  483 10:56:30   -82348.272644        0.018049
LBFGS:  484 10:56:30   -82348.272896        0.015568
LBFGS:  485 10:56:30   -82348.273142        0.015040
LBFGS:  486 10:56:30   -82348.273376        0.019939
LBFGS:  487 10:56:30   -82348.273595        0.016569
LBFGS:  488 10:56:30   -82348.273798        0.014020
LBFGS:  489 10:56:30   -82348.273988        0.013912
LBFGS:  490 10:56:30   -82348.274171        0.018444
LBFGS:  491 10:56:30   -82348.274356        0.016647
LBFGS:  492 10:56:30   -82348.274544        0.015738
LBFGS:  493 10:56:30   -82348.274731        0.014684
LBFGS:  494 10:56:31   -82348.274911        0.020531
LBFGS:  495 10:56:31   -82348.275081        0.016221
LBFGS:  496 10:56:31   -82348.275240        0.013569
LBFGS:  497 10:56:31   -82348.275389        0.011198
LBFGS:  498 10:56:31   -82348.275532        0.015669
LBFGS:  499 10:56:31   -82348.275678        0.014312
LBFGS:  500 10:56:31   -82348.275829        0.013240
       Step     Time          Energy          fmax
LBFGS:    0 11:00:56   -82242.147055        7.923719
LBFGS:    1 11:00:56   -82253.297028        8.153883
LBFGS:    2 11:00:57   -82267.071433        4.598323
LBFGS:    3 11:00:57   -82280.973985        4.613038
LBFGS:    4 11:00:58   -82289.554626        7.278158
LBFGS:    5 11:00:58   -82295.884129        7.311816
LBFGS:    6 11:00:58   -82301.741532        5.701852
LBFGS:    7 11:00:58   -82306.939541        2.921224
LBFGS:    8 11:00:58   -82310.160293        4.062388
LBFGS:    9 11:00:58   -82312.138884        3.589640
LBFGS:   10 11:00:58   -82313.719103        1.913943
LBFGS:   11 11:00:58   -82314.911889        1.953358
LBFGS:   12 11:00:58   -82315.754442        3.065677
LBFGS:   13 11:00:58   -82316.752894        2.476915
LBFGS:   14 11:00:59   -82318.407155        3.011718
LBFGS:   15 11:00:59   -82319.251799        1.997005
LBFGS:   16 11:00:59   -82320.463887        1.993332
LBFGS:   17 11:00:59   -82321.496086        1.942610
LBFGS:   18 11:00:59   -82322.265612        1.886532
LBFGS:   19 11:00:59   -82323.077999        2.274885
LBFGS:   20 11:00:59   -82323.291086        2.516937
LBFGS:   21 11:00:59   -82324.026447        2.112656
LBFGS:   22 11:00:59   -82324.395567        1.846068
LBFGS:   23 11:00:59   -82324.946220        2.640726
LBFGS:   24 11:00:59   -82325.941526        3.627612
LBFGS:   25 11:00:59   -82326.623718        2.582587
LBFGS:   26 11:00:59   -82327.477131        2.441100
LBFGS:   27 11:00:59   -82328.337077        2.596893
LBFGS:   28 11:00:59   -82329.133356        1.902628
LBFGS:   29 11:00:59   -82329.450498        1.352058
LBFGS:   30 11:00:59   -82329.826686        1.369431
LBFGS:   31 11:00:59   -82330.242218        1.176904
LBFGS:   32 11:01:00   -82330.997168        1.755710
LBFGS:   33 11:01:00   -82331.367898        1.579083
LBFGS:   34 11:01:00   -82331.795685        1.420280
LBFGS:   35 11:01:00   -82332.342949        1.572396
LBFGS:   36 11:01:00   -82332.734389        1.156098
LBFGS:   37 11:01:00   -82333.048503        1.027349
LBFGS:   38 11:01:00   -82333.266730        0.817668
LBFGS:   39 11:01:00   -82333.487132        0.784217
LBFGS:   40 11:01:00   -82333.697565        1.048171
LBFGS:   41 11:01:00   -82333.955839        1.403350
LBFGS:   42 11:01:00   -82334.277067        1.710749
LBFGS:   43 11:01:00   -82334.574195        0.793934
LBFGS:   44 11:01:00   -82334.808512        0.802513
LBFGS:   45 11:01:00   -82335.056080        0.863209
LBFGS:   46 11:01:00   -82335.190903        1.080235
LBFGS:   47 11:01:00   -82335.339714        1.044724
LBFGS:   48 11:01:00   -82335.495282        0.690200
LBFGS:   49 11:01:00   -82335.684935        0.950399
LBFGS:   50 11:01:01   -82335.945327        1.063031
LBFGS:   51 11:01:01   -82336.157526        1.126076
LBFGS:   52 11:01:01   -82336.337992        1.009270
LBFGS:   53 11:01:01   -82336.435257        1.608364
LBFGS:   54 11:01:01   -82336.560829        1.107510
LBFGS:   55 11:01:01   -82336.665567        0.501679
LBFGS:   56 11:01:01   -82336.762253        0.605053
LBFGS:   57 11:01:01   -82336.853594        0.583046
LBFGS:   58 11:01:01   -82336.970529        0.564432
LBFGS:   59 11:01:01   -82337.071391        0.465891
LBFGS:   60 11:01:01   -82337.152820        0.475104
LBFGS:   61 11:01:01   -82337.230610        0.429246
LBFGS:   62 11:01:01   -82337.342665        0.436131
LBFGS:   63 11:01:01   -82337.452260        0.509373
LBFGS:   64 11:01:01   -82337.564985        0.616814
LBFGS:   65 11:01:01   -82337.670412        0.700926
LBFGS:   66 11:01:01   -82337.773944        0.533761
LBFGS:   67 11:01:02   -82337.873607        0.432093
LBFGS:   68 11:01:02   -82337.998628        0.454380
LBFGS:   69 11:01:02   -82338.109632        0.744708
LBFGS:   70 11:01:02   -82338.207300        0.816712
LBFGS:   71 11:01:02   -82338.303506        0.974058
LBFGS:   72 11:01:02   -82338.403437        0.494936
LBFGS:   73 11:01:02   -82338.479343        0.397361
LBFGS:   74 11:01:02   -82338.546366        0.366879
LBFGS:   75 11:01:02   -82338.612654        0.349194
LBFGS:   76 11:01:02   -82338.679503        0.442544
LBFGS:   77 11:01:02   -82338.743730        0.569338
LBFGS:   78 11:01:02   -82338.802117        0.744107
LBFGS:   79 11:01:02   -82338.865048        0.382954
LBFGS:   80 11:01:02   -82338.926288        0.394285
LBFGS:   81 11:01:02   -82338.977975        0.386320
LBFGS:   82 11:01:02   -82339.032269        0.350915
LBFGS:   83 11:01:03   -82339.095048        0.432934
LBFGS:   84 11:01:03   -82339.164677        0.525693
LBFGS:   85 11:01:03   -82339.236259        0.349155
LBFGS:   86 11:01:03   -82339.304283        0.350479
LBFGS:   87 11:01:03   -82339.355817        0.573587
LBFGS:   88 11:01:03   -82339.408772        0.432106
LBFGS:   89 11:01:03   -82339.465165        0.347612
LBFGS:   90 11:01:03   -82339.534777        0.338489
LBFGS:   91 11:01:03   -82339.603265        0.359170
LBFGS:   92 11:01:03   -82339.675871        0.330025
LBFGS:   93 11:01:03   -82339.737965        0.391520
LBFGS:   94 11:01:03   -82339.782003        0.478099
LBFGS:   95 11:01:03   -82339.821137        0.673422
LBFGS:   96 11:01:03   -82339.865699        0.321993
LBFGS:   97 11:01:03   -82339.909303        0.271370
LBFGS:   98 11:01:04   -82339.955233        0.334813
LBFGS:   99 11:01:04   -82340.022316        0.454733
LBFGS:  100 11:01:04   -82340.089035        0.518679
LBFGS:  101 11:01:04   -82340.139982        0.408549
LBFGS:  102 11:01:04   -82340.175915        0.344089
LBFGS:  103 11:01:04   -82340.208996        0.315588
LBFGS:  104 11:01:04   -82340.239283        0.403155
LBFGS:  105 11:01:04   -82340.268346        0.410135
LBFGS:  106 11:01:04   -82340.297329        0.250979
LBFGS:  107 11:01:04   -82340.335962        0.234388
LBFGS:  108 11:01:04   -82340.379397        0.459786
LBFGS:  109 11:01:04   -82340.412370        0.401203
LBFGS:  110 11:01:04   -82340.440143        0.236342
LBFGS:  111 11:01:04   -82340.474174        0.202549
LBFGS:  112 11:01:04   -82340.515193        0.364702
LBFGS:  113 11:01:05   -82340.551915        0.351794
LBFGS:  114 11:01:05   -82340.583287        0.258699
LBFGS:  115 11:01:05   -82340.615880        0.326361
LBFGS:  116 11:01:05   -82340.643648        0.346484
LBFGS:  117 11:01:05   -82340.682607        0.358406
LBFGS:  118 11:01:05   -82340.719571        0.239080
LBFGS:  119 11:01:05   -82340.757094        0.312684
LBFGS:  120 11:01:05   -82340.800454        0.285967
LBFGS:  121 11:01:05   -82340.849797        0.302716
LBFGS:  122 11:01:05   -82340.880781        0.310707
LBFGS:  123 11:01:05   -82340.913325        0.259226
LBFGS:  124 11:01:05   -82340.953261        0.252726
LBFGS:  125 11:01:05   -82341.007181        0.316540
LBFGS:  126 11:01:05   -82341.056839        0.304760
LBFGS:  127 11:01:05   -82341.098219        0.288199
LBFGS:  128 11:01:06   -82341.135985        0.313218
LBFGS:  129 11:01:06   -82341.183211        0.294069
LBFGS:  130 11:01:06   -82341.234789        0.297137
LBFGS:  131 11:01:06   -82341.266189        0.254372
LBFGS:  132 11:01:06   -82341.309660        0.434103
LBFGS:  133 11:01:06   -82341.369438        0.476144
LBFGS:  134 11:01:06   -82341.433969        0.351917
LBFGS:  135 11:01:06   -82341.505798        0.330751
LBFGS:  136 11:01:06   -82341.540939        0.422321
LBFGS:  137 11:01:06   -82341.573193        0.554574
LBFGS:  138 11:01:06   -82341.587582        1.358547
LBFGS:  139 11:01:06   -82341.645234        0.310972
LBFGS:  140 11:01:06   -82341.695586        0.319578
LBFGS:  141 11:01:06   -82341.771342        0.416499
LBFGS:  142 11:01:06   -82341.820100        0.475240
LBFGS:  143 11:01:07   -82341.867723        0.297179
LBFGS:  144 11:01:07   -82341.919647        0.313047
LBFGS:  145 11:01:07   -82341.951092        0.425159
LBFGS:  146 11:01:07   -82341.979726        0.496494
LBFGS:  147 11:01:07   -82342.017037        0.394815
LBFGS:  148 11:01:07   -82342.059934        0.347613
LBFGS:  149 11:01:07   -82342.106085        0.373816
LBFGS:  150 11:01:07   -82342.154290        0.392084
LBFGS:  151 11:01:07   -82342.213206        0.352579
LBFGS:  152 11:01:07   -82342.258767        0.310237
LBFGS:  153 11:01:07   -82342.297472        0.265188
LBFGS:  154 11:01:07   -82342.338705        0.376063
LBFGS:  155 11:01:07   -82342.380098        0.434197
LBFGS:  156 11:01:07   -82342.415131        0.443280
LBFGS:  157 11:01:07   -82342.450342        0.230814
LBFGS:  158 11:01:08   -82342.480736        0.275122
LBFGS:  159 11:01:08   -82342.513580        0.353830
LBFGS:  160 11:01:08   -82342.552572        0.309193
LBFGS:  161 11:01:08   -82342.593322        0.310600
LBFGS:  162 11:01:08   -82342.627561        0.329012
LBFGS:  163 11:01:08   -82342.656664        0.283496
LBFGS:  164 11:01:08   -82342.680551        0.224361
LBFGS:  165 11:01:08   -82342.708556        0.260766
LBFGS:  166 11:01:08   -82342.738592        0.264703
LBFGS:  167 11:01:08   -82342.767413        0.249636
LBFGS:  168 11:01:08   -82342.795758        0.238048
LBFGS:  169 11:01:08   -82342.826978        0.294586
LBFGS:  170 11:01:08   -82342.859856        0.224713
LBFGS:  171 11:01:08   -82342.891616        0.415250
LBFGS:  172 11:01:08   -82342.913851        0.332287
LBFGS:  173 11:01:09   -82342.936398        0.330296
LBFGS:  174 11:01:09   -82342.960158        0.236466
LBFGS:  175 11:01:09   -82342.990972        0.219424
LBFGS:  176 11:01:09   -82343.019788        0.290812
LBFGS:  177 11:01:09   -82343.054898        0.311405
LBFGS:  178 11:01:09   -82343.086225        0.263116
LBFGS:  179 11:01:09   -82343.112619        0.223991
LBFGS:  180 11:01:09   -82343.136050        0.318555
LBFGS:  181 11:01:09   -82343.161607        0.284039
LBFGS:  182 11:01:09   -82343.187811        0.302411
LBFGS:  183 11:01:09   -82343.212748        0.264498
LBFGS:  184 11:01:09   -82343.240001        0.256008
LBFGS:  185 11:01:09   -82343.267253        0.295730
LBFGS:  186 11:01:09   -82343.295420        0.287362
LBFGS:  187 11:01:09   -82343.318897        0.299384
LBFGS:  188 11:01:10   -82343.345874        0.286597
LBFGS:  189 11:01:10   -82343.373245        0.268426
LBFGS:  190 11:01:10   -82343.398412        0.240674
LBFGS:  191 11:01:10   -82343.421093        0.201403
LBFGS:  192 11:01:10   -82343.444547        0.191084
LBFGS:  193 11:01:10   -82343.468621        0.220154
LBFGS:  194 11:01:10   -82343.490023        0.243391
LBFGS:  195 11:01:10   -82343.505642        0.250532
LBFGS:  196 11:01:10   -82343.522855        0.172205
LBFGS:  197 11:01:10   -82343.544085        0.191589
LBFGS:  198 11:01:10   -82343.571265        0.219833
LBFGS:  199 11:01:10   -82343.587451        0.199421
LBFGS:  200 11:01:10   -82343.605871        0.241883
       Step     Time          Energy          fmax
LBFGS:    0 11:12:54   -89704.891960       10.832109
LBFGS:    1 11:12:54   -89722.035904        8.743277
LBFGS:    2 11:12:54   -89743.366491        4.466659
LBFGS:    3 11:12:54   -89763.796003        7.559743
LBFGS:    4 11:12:54   -89777.280601        7.954770
LBFGS:    5 11:12:54   -89787.003261        7.743431
LBFGS:    6 11:12:55   -89795.844916        4.977659
LBFGS:    7 11:12:55   -89802.557540        7.132618
LBFGS:    8 11:12:55   -89806.713635        4.830084
LBFGS:    9 11:12:55   -89809.105370        3.094600
LBFGS:   10 11:12:55   -89812.146843        2.281865
LBFGS:   11 11:12:55   -89813.627344        2.015995
LBFGS:   12 11:12:55   -89815.231750        2.778538
LBFGS:   13 11:12:55   -89817.158845        3.149358
LBFGS:   14 11:12:55   -89819.910964        2.568193
LBFGS:   15 11:12:55   -89820.995480        1.928832
LBFGS:   16 11:12:55   -89822.626540        1.869145
LBFGS:   17 11:12:55   -89823.750825        1.847782
LBFGS:   18 11:12:55   -89824.761223        2.359916
LBFGS:   19 11:12:55   -89825.744473        1.932600
LBFGS:   20 11:12:56   -89826.292029        2.718515
LBFGS:   21 11:12:56   -89827.287924        2.884932
LBFGS:   22 11:12:56   -89827.861083        1.934294
LBFGS:   23 11:12:56   -89828.758159        2.357521
LBFGS:   24 11:12:56   -89829.485510        2.584208
LBFGS:   25 11:12:56   -89830.406720        3.658756
LBFGS:   26 11:12:56   -89831.295785        3.946117
LBFGS:   27 11:12:56   -89832.268665        3.055842
LBFGS:   28 11:12:56   -89833.133342        6.850921
LBFGS:   29 11:12:56   -89833.940361        2.249201
LBFGS:   30 11:12:56   -89834.864268        2.192082
LBFGS:   31 11:12:56   -89835.475259        3.067583
LBFGS:   32 11:12:56   -89835.945574        3.191856
LBFGS:   33 11:12:56   -89836.595249        1.902806
LBFGS:   34 11:12:57   -89837.375169        2.803466
LBFGS:   35 11:12:57   -89837.890435        1.530115
LBFGS:   36 11:12:57   -89838.195689        1.012444
LBFGS:   37 11:12:57   -89838.457482        1.517910
LBFGS:   38 11:12:57   -89838.977522        1.745501
LBFGS:   39 11:12:57   -89839.516551        1.852286
LBFGS:   40 11:12:57   -89839.945025        1.266168
LBFGS:   41 11:12:57   -89840.320969        1.564273
LBFGS:   42 11:12:57   -89840.791807        1.018813
LBFGS:   43 11:12:57   -89841.127137        1.105799
LBFGS:   44 11:12:57   -89841.354153        0.790418
LBFGS:   45 11:12:57   -89841.568473        0.695213
LBFGS:   46 11:12:57   -89841.974456        1.370070
LBFGS:   47 11:12:57   -89842.207554        1.013354
LBFGS:   48 11:12:58   -89842.464423        0.732946
LBFGS:   49 11:12:58   -89842.640559        0.706981
LBFGS:   50 11:12:58   -89842.805798        0.890880
LBFGS:   51 11:12:58   -89842.970905        0.618196
LBFGS:   52 11:12:58   -89843.177322        0.726289
LBFGS:   53 11:12:58   -89843.399325        1.317110
LBFGS:   54 11:12:58   -89843.596470        1.123737
LBFGS:   55 11:12:58   -89843.843499        0.848952
LBFGS:   56 11:12:58   -89844.073849        1.236507
LBFGS:   57 11:12:58   -89844.258877        1.197316
LBFGS:   58 11:12:58   -89844.434970        0.751316
LBFGS:   59 11:12:58   -89844.601383        0.468899
LBFGS:   60 11:12:58   -89844.776362        0.719965
LBFGS:   61 11:12:59   -89844.985837        0.961711
LBFGS:   62 11:12:59   -89845.190156        0.986900
LBFGS:   63 11:12:59   -89845.379845        0.714775
LBFGS:   64 11:12:59   -89845.507578        1.699303
LBFGS:   65 11:12:59   -89845.589607        1.055699
LBFGS:   66 11:12:59   -89845.759350        0.844068
LBFGS:   67 11:12:59   -89845.865886        0.408882
LBFGS:   68 11:12:59   -89846.006716        0.688557
LBFGS:   69 11:12:59   -89846.149658        0.759764
LBFGS:   70 11:12:59   -89846.288798        0.626651
LBFGS:   71 11:12:59   -89846.436276        0.753653
LBFGS:   72 11:12:59   -89846.549223        0.552030
LBFGS:   73 11:12:59   -89846.684376        0.444472
LBFGS:   74 11:12:59   -89846.800015        0.503764
LBFGS:   75 11:13:00   -89846.894458        0.460583
LBFGS:   76 11:13:00   -89846.985112        0.425674
LBFGS:   77 11:13:00   -89847.126869        0.549747
LBFGS:   78 11:13:00   -89847.258218        0.622280
LBFGS:   79 11:13:00   -89847.392910        0.450678
LBFGS:   80 11:13:00   -89847.496161        0.530704
LBFGS:   81 11:13:00   -89847.581016        0.617209
LBFGS:   82 11:13:00   -89847.666665        0.358550
LBFGS:   83 11:13:00   -89847.778018        0.314020
LBFGS:   84 11:13:00   -89847.875139        0.357174
LBFGS:   85 11:13:00   -89847.968536        0.345924
LBFGS:   86 11:13:00   -89848.048856        0.407117
LBFGS:   87 11:13:00   -89848.127585        0.413787
LBFGS:   88 11:13:00   -89848.205334        0.472349
LBFGS:   89 11:13:01   -89848.284220        0.472129
LBFGS:   90 11:13:01   -89848.362952        0.406980
LBFGS:   91 11:13:01   -89848.446360        0.604753
LBFGS:   92 11:13:01   -89848.520511        0.568141
LBFGS:   93 11:13:01   -89848.617186        0.356588
LBFGS:   94 11:13:01   -89848.714267        0.426451
LBFGS:   95 11:13:01   -89848.770534        0.632711
LBFGS:   96 11:13:01   -89848.824806        0.814115
LBFGS:   97 11:13:01   -89848.864491        1.132002
LBFGS:   98 11:13:01   -89848.954060        0.579806
LBFGS:   99 11:13:01   -89849.007963        0.505584
LBFGS:  100 11:13:01   -89849.094171        0.379932
LBFGS:  101 11:13:01   -89849.165542        0.631584
LBFGS:  102 11:13:02   -89849.218934        0.428119
LBFGS:  103 11:13:02   -89849.279588        0.363401
LBFGS:  104 11:13:02   -89849.334455        0.271973
LBFGS:  105 11:13:02   -89849.394289        0.557310
LBFGS:  106 11:13:02   -89849.444545        0.333990
LBFGS:  107 11:13:02   -89849.489390        0.352255
LBFGS:  108 11:13:02   -89849.530755        0.298099
LBFGS:  109 11:13:02   -89849.583882        0.478720
LBFGS:  110 11:13:02   -89849.639873        0.477232
LBFGS:  111 11:13:02   -89849.697276        0.317481
LBFGS:  112 11:13:02   -89849.753145        0.342311
LBFGS:  113 11:13:02   -89849.801072        0.377776
LBFGS:  114 11:13:02   -89849.843558        0.353332
LBFGS:  115 11:13:02   -89849.884858        0.491013
LBFGS:  116 11:13:03   -89849.928271        0.500804
LBFGS:  117 11:13:03   -89849.974499        0.270641
LBFGS:  118 11:13:03   -89850.025044        0.259514
LBFGS:  119 11:13:03   -89850.059642        0.274746
LBFGS:  120 11:13:03   -89850.110260        0.281732
LBFGS:  121 11:13:03   -89850.153801        0.293818
LBFGS:  122 11:13:03   -89850.185194        0.195589
LBFGS:  123 11:13:03   -89850.211721        0.193203
LBFGS:  124 11:13:03   -89850.238554        0.521057
LBFGS:  125 11:13:03   -89850.276174        0.416083
LBFGS:  126 11:13:03   -89850.317322        0.268408
LBFGS:  127 11:13:03   -89850.364848        0.254274
LBFGS:  128 11:13:03   -89850.388563        0.211867
LBFGS:  129 11:13:03   -89850.436241        0.334280
LBFGS:  130 11:13:04   -89850.470650        0.283254
LBFGS:  131 11:13:04   -89850.498291        0.413809
LBFGS:  132 11:13:04   -89850.529668        0.238735
LBFGS:  133 11:13:04   -89850.566367        0.263962
LBFGS:  134 11:13:04   -89850.602996        0.239483
LBFGS:  135 11:13:04   -89850.632752        0.271666
LBFGS:  136 11:13:04   -89850.660356        0.220784
LBFGS:  137 11:13:04   -89850.685238        0.229052
LBFGS:  138 11:13:04   -89850.713780        0.250782
LBFGS:  139 11:13:04   -89850.743001        0.263481
LBFGS:  140 11:13:04   -89850.767722        0.375652
LBFGS:  141 11:13:04   -89850.790357        0.294964
LBFGS:  142 11:13:04   -89850.814843        0.184210
LBFGS:  143 11:13:05   -89850.842620        0.151526
LBFGS:  144 11:13:05   -89850.862930        0.162114
LBFGS:  145 11:13:05   -89850.893472        0.253504
LBFGS:  146 11:13:05   -89850.920720        0.252519
LBFGS:  147 11:13:05   -89850.951555        0.201993
LBFGS:  148 11:13:05   -89850.981802        0.201047
LBFGS:  149 11:13:05   -89851.011985        0.175764
LBFGS:  150 11:13:05   -89851.038094        0.248011
LBFGS:  151 11:13:05   -89851.055903        0.383662
LBFGS:  152 11:13:05   -89851.082534        0.186412
LBFGS:  153 11:13:05   -89851.109620        0.211244
LBFGS:  154 11:13:05   -89851.142541        0.258342
LBFGS:  155 11:13:05   -89851.176793        0.296651
LBFGS:  156 11:13:05   -89851.208263        0.264312
LBFGS:  157 11:13:06   -89851.239885        0.236530
LBFGS:  158 11:13:06   -89851.264497        0.495370
LBFGS:  159 11:13:06   -89851.286087        0.442932
LBFGS:  160 11:13:06   -89851.317953        0.260653
LBFGS:  161 11:13:06   -89851.358187        0.191437
LBFGS:  162 11:13:06   -89851.382698        0.265647
LBFGS:  163 11:13:06   -89851.422339        0.354741
LBFGS:  164 11:13:06   -89851.456613        0.415832
LBFGS:  165 11:13:06   -89851.492970        0.289471
LBFGS:  166 11:13:06   -89851.520519        0.670538
LBFGS:  167 11:13:06   -89851.540975        0.947835
LBFGS:  168 11:13:06   -89851.582816        0.379899
LBFGS:  169 11:13:06   -89851.620331        0.521934
LBFGS:  170 11:13:07   -89851.663150        0.517840
LBFGS:  171 11:13:07   -89851.697036        0.315650
LBFGS:  172 11:13:07   -89851.723652        0.215395
LBFGS:  173 11:13:07   -89851.743859        0.394026
LBFGS:  174 11:13:07   -89851.764707        0.199208
LBFGS:  175 11:13:07   -89851.792667        0.331673
LBFGS:  176 11:13:07   -89851.819006        0.184227
LBFGS:  177 11:13:07   -89851.839494        0.213734
LBFGS:  178 11:13:07   -89851.856694        0.183041
LBFGS:  179 11:13:07   -89851.876466        0.281696
LBFGS:  180 11:13:07   -89851.895321        0.227671
LBFGS:  181 11:13:07   -89851.911525        0.171042
LBFGS:  182 11:13:07   -89851.926975        0.152016
LBFGS:  183 11:13:07   -89851.942313        0.182014
LBFGS:  184 11:13:08   -89851.955847        0.221225
LBFGS:  185 11:13:08   -89851.968508        0.209203
LBFGS:  186 11:13:08   -89851.981505        0.188361
LBFGS:  187 11:13:08   -89851.995855        0.171995
LBFGS:  188 11:13:08   -89852.011199        0.168507
LBFGS:  189 11:13:08   -89852.027160        0.178300
LBFGS:  190 11:13:08   -89852.043426        0.239425
LBFGS:  191 11:13:08   -89852.059702        0.213033
LBFGS:  192 11:13:08   -89852.078577        0.198642
LBFGS:  193 11:13:08   -89852.098019        0.176038
LBFGS:  194 11:13:08   -89852.113999        0.171341
LBFGS:  195 11:13:08   -89852.135542        0.213819
LBFGS:  196 11:13:08   -89852.155043        0.188491
LBFGS:  197 11:13:08   -89852.171995        0.218267
LBFGS:  198 11:13:09   -89852.181396        0.473109
LBFGS:  199 11:13:09   -89852.197085        0.207638
LBFGS:  200 11:13:09   -89852.209400        0.208684
       Step     Time          Energy          fmax
LBFGS:    0 11:28:32   -89548.162748       22.079565
LBFGS:    1 11:28:33   -89573.139721        9.162115
LBFGS:    2 11:28:33   -89605.389555       13.436391
LBFGS:    3 11:28:34   -89629.490958        6.880702
LBFGS:    4 11:28:35   -89650.006058        7.812347
LBFGS:    5 11:28:35   -89670.409303        5.903345
LBFGS:    6 11:28:35   -89689.208307        7.021348
LBFGS:    7 11:28:35   -89706.528976        7.770831
LBFGS:    8 11:28:35   -89722.063464        6.286544
LBFGS:    9 11:28:35   -89734.148713        4.954071
LBFGS:   10 11:28:35   -89743.570995        3.768895
LBFGS:   11 11:28:35   -89750.991227        9.851561
LBFGS:   12 11:28:35   -89757.343649        9.029492
LBFGS:   13 11:28:35   -89762.211386        5.103281
LBFGS:   14 11:28:36   -89767.488979        5.680818
LBFGS:   15 11:28:36   -89771.133224        9.853437
LBFGS:   16 11:28:36   -89774.924175        3.743529
LBFGS:   17 11:28:36   -89778.362220        3.264278
LBFGS:   18 11:28:36   -89781.778617       13.002453
LBFGS:   19 11:28:36   -89784.062697       10.012345
LBFGS:   20 11:28:36   -89786.217116        3.389698
LBFGS:   21 11:28:36   -89787.818666        3.464242
LBFGS:   22 11:28:36   -89789.652689        4.703007
LBFGS:   23 11:28:36   -89791.610113        3.337363
LBFGS:   24 11:28:36   -89793.723604        2.557019
LBFGS:   25 11:28:36   -89794.840854        2.269352
LBFGS:   26 11:28:36   -89796.408033        2.434986
LBFGS:   27 11:28:36   -89797.842653        2.959599
LBFGS:   28 11:28:37   -89798.881520        4.187741
LBFGS:   29 11:28:37   -89801.100443        2.732170
LBFGS:   30 11:28:37   -89802.742458        3.087583
LBFGS:   31 11:28:37   -89804.786319        4.102757
LBFGS:   32 11:28:37   -89805.991080        4.209351
LBFGS:   33 11:28:37   -89807.135538        3.208863
LBFGS:   34 11:28:37   -89808.134024        2.164821
LBFGS:   35 11:28:37   -89808.929297        1.655793
LBFGS:   36 11:28:37   -89810.476191        3.254169
LBFGS:   37 11:28:37   -89811.273049        2.211057
LBFGS:   38 11:28:37   -89812.471605        2.015553
LBFGS:   39 11:28:37   -89813.513332        2.661612
LBFGS:   40 11:28:37   -89814.299257        3.463501
LBFGS:   41 11:28:37   -89815.044835        2.870931
LBFGS:   42 11:28:38   -89815.930644        2.446924
LBFGS:   43 11:28:38   -89816.644752        3.070269
LBFGS:   44 11:28:38   -89817.406282        2.088575
LBFGS:   45 11:28:38   -89818.167239        2.031757
LBFGS:   46 11:28:38   -89818.877178        1.580373
LBFGS:   47 11:28:38   -89819.424172        1.450418
LBFGS:   48 11:28:38   -89819.928860        2.107903
LBFGS:   49 11:28:38   -89820.491511        1.875056
LBFGS:   50 11:28:38   -89821.105266        2.189757
LBFGS:   51 11:28:38   -89821.759647        1.486081
LBFGS:   52 11:28:38   -89822.309472        1.671230
LBFGS:   53 11:28:38   -89822.664371        2.002911
LBFGS:   54 11:28:38   -89823.113810        1.205657
LBFGS:   55 11:28:38   -89823.569652        1.131745
LBFGS:   56 11:28:38   -89823.863558        1.361771
LBFGS:   57 11:28:39   -89824.219580        1.025647
LBFGS:   58 11:28:39   -89824.586274        1.188503
LBFGS:   59 11:28:39   -89824.962511        1.156193
LBFGS:   60 11:28:39   -89825.179490        1.022670
LBFGS:   61 11:28:39   -89825.397979        0.789722
LBFGS:   62 11:28:39   -89825.583981        0.782637
LBFGS:   63 11:28:39   -89825.853513        0.880267
LBFGS:   64 11:28:39   -89826.015545        0.770728
LBFGS:   65 11:28:39   -89826.240330        0.816110
LBFGS:   66 11:28:39   -89826.442193        0.838848
LBFGS:   67 11:28:39   -89826.693392        0.957432
LBFGS:   68 11:28:39   -89826.931136        0.980112
LBFGS:   69 11:28:39   -89827.135484        0.874098
LBFGS:   70 11:28:39   -89827.297489        0.670144
LBFGS:   71 11:28:40   -89827.483819        0.839573
LBFGS:   72 11:28:40   -89827.673411        0.836253
LBFGS:   73 11:28:40   -89827.875675        0.872793
LBFGS:   74 11:28:40   -89828.057187        0.853942
LBFGS:   75 11:28:40   -89828.195214        0.801756
LBFGS:   76 11:28:40   -89828.349410        0.728453
LBFGS:   77 11:28:40   -89828.548364        0.857324
LBFGS:   78 11:28:40   -89828.699382        0.688202
LBFGS:   79 11:28:40   -89828.854115        0.677962
LBFGS:   80 11:28:40   -89828.972746        0.744123
LBFGS:   81 11:28:40   -89829.114169        0.882236
LBFGS:   82 11:28:40   -89829.266843        0.623803
LBFGS:   83 11:28:40   -89829.429480        0.630289
LBFGS:   84 11:28:40   -89829.525423        0.577372
LBFGS:   85 11:28:41   -89829.678957        0.620875
LBFGS:   86 11:28:41   -89829.780622        0.598829
LBFGS:   87 11:28:41   -89829.914241        0.611755
LBFGS:   88 11:28:41   -89830.039655        0.748880
LBFGS:   89 11:28:41   -89830.170727        0.868192
LBFGS:   90 11:28:41   -89830.292123        0.740365
LBFGS:   91 11:28:41   -89830.437584        0.822662
LBFGS:   92 11:28:41   -89830.587357        0.928534
LBFGS:   93 11:28:41   -89830.747365        0.788283
LBFGS:   94 11:28:41   -89830.853084        0.736023
LBFGS:   95 11:28:41   -89830.948775        0.771548
LBFGS:   96 11:28:41   -89831.063033        0.823234
LBFGS:   97 11:28:41   -89831.190707        0.603195
LBFGS:   98 11:28:41   -89831.327964        0.679869
LBFGS:   99 11:28:42   -89831.431172        0.639925
LBFGS:  100 11:28:42   -89831.552035        0.620471
LBFGS:  101 11:28:42   -89831.681241        0.805514
LBFGS:  102 11:28:42   -89831.792747        0.547475
LBFGS:  103 11:28:42   -89831.893168        0.535273
LBFGS:  104 11:28:42   -89831.983547        0.423055
LBFGS:  105 11:28:42   -89832.082534        0.528001
LBFGS:  106 11:28:42   -89832.185055        0.672171
LBFGS:  107 11:28:42   -89832.281444        0.674865
LBFGS:  108 11:28:42   -89832.377026        0.514840
LBFGS:  109 11:28:42   -89832.483003        0.405683
LBFGS:  110 11:28:42   -89832.548878        0.838430
LBFGS:  111 11:28:42   -89832.644002        0.589773
LBFGS:  112 11:28:42   -89832.734926        0.340547
LBFGS:  113 11:28:43   -89832.826548        0.390094
LBFGS:  114 11:28:43   -89832.908645        0.561401
LBFGS:  115 11:28:43   -89833.012872        0.531959
LBFGS:  116 11:28:43   -89833.096896        0.371424
LBFGS:  117 11:28:43   -89833.157834        0.336054
LBFGS:  118 11:28:43   -89833.206639        0.368303
LBFGS:  119 11:28:43   -89833.252194        0.417752
LBFGS:  120 11:28:43   -89833.310686        0.296347
LBFGS:  121 11:28:43   -89833.370178        0.375909
LBFGS:  122 11:28:43   -89833.417901        0.327463
LBFGS:  123 11:28:43   -89833.469295        0.304914
LBFGS:  124 11:28:43   -89833.523341        0.310570
LBFGS:  125 11:28:43   -89833.578277        0.446340
LBFGS:  126 11:28:44   -89833.632172        0.485100
LBFGS:  127 11:28:44   -89833.679589        0.272987
LBFGS:  128 11:28:44   -89833.720545        0.235327
LBFGS:  129 11:28:44   -89833.762449        0.355373
LBFGS:  130 11:28:44   -89833.811518        0.458952
LBFGS:  131 11:28:44   -89833.864636        0.479972
LBFGS:  132 11:28:44   -89833.911996        0.343687
LBFGS:  133 11:28:44   -89833.951990        0.480757
LBFGS:  134 11:28:44   -89833.997808        0.407985
LBFGS:  135 11:28:44   -89834.044980        0.405292
LBFGS:  136 11:28:44   -89834.083382        0.281864
LBFGS:  137 11:28:44   -89834.125231        0.281156
LBFGS:  138 11:28:44   -89834.164411        0.277187
LBFGS:  139 11:28:44   -89834.203297        0.395712
LBFGS:  140 11:28:45   -89834.244460        0.370524
LBFGS:  141 11:28:45   -89834.281697        0.270153
LBFGS:  142 11:28:45   -89834.310053        0.383593
LBFGS:  143 11:28:45   -89834.339039        0.313007
LBFGS:  144 11:28:45   -89834.373404        0.398912
LBFGS:  145 11:28:45   -89834.428462        0.360210
LBFGS:  146 11:28:45   -89834.461745        0.320716
LBFGS:  147 11:28:45   -89834.504246        0.250429
LBFGS:  148 11:28:45   -89834.536732        0.258109
LBFGS:  149 11:28:45   -89834.565460        0.245350
LBFGS:  150 11:28:45   -89834.593179        0.280137
LBFGS:  151 11:28:45   -89834.619558        0.252001
LBFGS:  152 11:28:45   -89834.642535        0.264115
LBFGS:  153 11:28:45   -89834.666094        0.270273
LBFGS:  154 11:28:46   -89834.693185        0.276217
LBFGS:  155 11:28:46   -89834.719728        0.203262
LBFGS:  156 11:28:46   -89834.739170        0.195810
LBFGS:  157 11:28:46   -89834.759431        0.248618
LBFGS:  158 11:28:46   -89834.781198        0.281481
LBFGS:  159 11:28:46   -89834.802078        0.228089
LBFGS:  160 11:28:46   -89834.821241        0.209078
LBFGS:  161 11:28:46   -89834.840358        0.193896
LBFGS:  162 11:28:46   -89834.863836        0.216449
LBFGS:  163 11:28:46   -89834.887283        0.233334
LBFGS:  164 11:28:46   -89834.911807        0.273176
LBFGS:  165 11:28:46   -89834.934380        0.211177
LBFGS:  166 11:28:46   -89834.955637        0.244170
LBFGS:  167 11:28:46   -89834.977443        0.244967
LBFGS:  168 11:28:47   -89835.003217        0.331400
LBFGS:  169 11:28:47   -89835.032566        0.318312
LBFGS:  170 11:28:47   -89835.059247        0.240242
LBFGS:  171 11:28:47   -89835.080530        0.217483
LBFGS:  172 11:28:47   -89835.100748        0.251883
LBFGS:  173 11:28:47   -89835.123271        0.227394
LBFGS:  174 11:28:47   -89835.143948        0.232111
LBFGS:  175 11:28:47   -89835.161932        0.231518
LBFGS:  176 11:28:47   -89835.182105        0.182682
LBFGS:  177 11:28:47   -89835.202349        0.179979
LBFGS:  178 11:28:47   -89835.220694        0.225092
LBFGS:  179 11:28:47   -89835.236147        0.240217
LBFGS:  180 11:28:47   -89835.251471        0.162556
LBFGS:  181 11:28:48   -89835.267425        0.197852
LBFGS:  182 11:28:48   -89835.286264        0.187762
LBFGS:  183 11:28:48   -89835.306338        0.246744
LBFGS:  184 11:28:48   -89835.326176        0.246805
LBFGS:  185 11:28:48   -89835.345898        0.224957
LBFGS:  186 11:28:48   -89835.367885        0.188472
LBFGS:  187 11:28:48   -89835.388625        0.265878
LBFGS:  188 11:28:48   -89835.409940        0.304178
LBFGS:  189 11:28:48   -89835.431145        0.371226
LBFGS:  190 11:28:48   -89835.460962        0.304881
LBFGS:  191 11:28:48   -89835.490873        0.294143
LBFGS:  192 11:28:48   -89835.513059        0.292632
LBFGS:  193 11:28:48   -89835.539872        0.279873
LBFGS:  194 11:28:48   -89835.560178        0.368573
LBFGS:  195 11:28:49   -89835.580774        0.393723
LBFGS:  196 11:28:49   -89835.602565        0.249016
LBFGS:  197 11:28:49   -89835.631110        0.346067
LBFGS:  198 11:28:49   -89835.647718        0.243662
LBFGS:  199 11:28:49   -89835.666897        0.276517
LBFGS:  200 11:28:49   -89835.689865        0.235795
       Step     Time          Energy          fmax
LBFGS:    0 12:32:34   -64473.723608       14.355316
LBFGS:    1 12:32:34   -64477.464766        7.433616
LBFGS:    2 12:32:34   -64482.376218        5.654716
LBFGS:    3 12:32:35   -64485.813427        4.131201
LBFGS:    4 12:32:35   -64488.865389        4.064472
LBFGS:    5 12:32:35   -64491.028851        4.159998
LBFGS:    6 12:32:35   -64493.262396        5.863074
LBFGS:    7 12:32:35   -64495.581263        5.635419
LBFGS:    8 12:32:35   -64497.799810        4.063704
LBFGS:    9 12:32:35   -64499.813744        2.328575
LBFGS:   10 12:32:35   -64501.040507        2.257162
LBFGS:   11 12:32:35   -64502.085172        3.022918
LBFGS:   12 12:32:35   -64503.287832        4.083074
LBFGS:   13 12:32:35   -64504.545732        5.527447
LBFGS:   14 12:32:35   -64505.453763        5.135135
LBFGS:   15 12:32:35   -64506.330692        4.214062
LBFGS:   16 12:32:35   -64506.981840        3.713102
LBFGS:   17 12:32:35   -64507.340736        2.696988
LBFGS:   18 12:32:35   -64507.696332        2.615851
LBFGS:   19 12:32:35   -64507.889520        1.941016
LBFGS:   20 12:32:35   -64508.263270        1.927999
LBFGS:   21 12:32:36   -64508.663366        1.669475
LBFGS:   22 12:32:36   -64508.918723        1.213953
LBFGS:   23 12:32:36   -64509.102443        1.059734
LBFGS:   24 12:32:36   -64509.290449        0.964868
LBFGS:   25 12:32:36   -64509.461294        1.468666
LBFGS:   26 12:32:36   -64509.647214        1.255540
LBFGS:   27 12:32:36   -64509.760941        0.804800
LBFGS:   28 12:32:36   -64509.813792        0.822612
LBFGS:   29 12:32:36   -64509.866669        0.763083
LBFGS:   30 12:32:36   -64509.923421        1.059997
LBFGS:   31 12:32:36   -64510.006808        0.776477
LBFGS:   32 12:32:36   -64510.073331        0.588331
LBFGS:   33 12:32:36   -64510.234092        0.936993
LBFGS:   34 12:32:36   -64510.341627        1.403461
LBFGS:   35 12:32:36   -64510.436284        1.041249
LBFGS:   36 12:32:36   -64510.542104        1.115410
LBFGS:   37 12:32:36   -64510.666243        1.258294
LBFGS:   38 12:32:36   -64510.739637        1.082106
LBFGS:   39 12:32:37   -64510.768526        0.828677
LBFGS:   40 12:32:37   -64510.821524        0.585839
LBFGS:   41 12:32:37   -64510.876110        0.690045
LBFGS:   42 12:32:37   -64510.946153        0.646159
LBFGS:   43 12:32:37   -64511.008174        0.552456
LBFGS:   44 12:32:37   -64511.066293        0.584501
LBFGS:   45 12:32:37   -64511.071631        1.084874
LBFGS:   46 12:32:37   -64511.149304        0.453170
LBFGS:   47 12:32:37   -64511.182905        0.565747
LBFGS:   48 12:32:37   -64511.224064        0.639223
LBFGS:   49 12:32:37   -64511.255196        0.517602
LBFGS:   50 12:32:37   -64511.290190        0.535968
LBFGS:   51 12:32:37   -64511.393951        0.793717
LBFGS:   52 12:32:37   -64511.452127        0.627327
LBFGS:   53 12:32:37   -64511.524557        0.582659
LBFGS:   54 12:32:37   -64511.576469        0.655043
LBFGS:   55 12:32:37   -64511.609414        0.630254
LBFGS:   56 12:32:38   -64511.632616        0.536861
LBFGS:   57 12:32:38   -64511.637490        0.620825
LBFGS:   58 12:32:38   -64511.668458        0.236660
LBFGS:   59 12:32:38   -64511.693735        0.284532
LBFGS:   60 12:32:38   -64511.739705        0.626374
LBFGS:   61 12:32:38   -64511.788109        0.626131
LBFGS:   62 12:32:38   -64511.838845        0.785909
LBFGS:   63 12:32:38   -64511.883020        0.701806
LBFGS:   64 12:32:38   -64511.922811        0.766689
LBFGS:   65 12:32:38   -64511.952863        0.545399
LBFGS:   66 12:32:38   -64511.983386        0.384726
LBFGS:   67 12:32:38   -64512.008530        0.324906
LBFGS:   68 12:32:38   -64512.022840        0.346692
LBFGS:   69 12:32:38   -64512.057244        0.423637
LBFGS:   70 12:32:38   -64512.089762        0.333216
LBFGS:   71 12:32:38   -64512.124756        0.520725
LBFGS:   72 12:32:38   -64512.151647        0.372271
LBFGS:   73 12:32:39   -64512.185404        0.586854
LBFGS:   74 12:32:39   -64512.221915        0.469243
LBFGS:   75 12:32:39   -64512.257296        0.497884
LBFGS:   76 12:32:39   -64512.287600        0.408132
LBFGS:   77 12:32:39   -64512.305054        0.392822
LBFGS:   78 12:32:39   -64512.325739        0.377193
LBFGS:   79 12:32:39   -64512.348427        0.413419
LBFGS:   80 12:32:39   -64512.367007        0.516424
LBFGS:   81 12:32:39   -64512.388864        0.737864
LBFGS:   82 12:32:39   -64512.415786        0.402651
LBFGS:   83 12:32:39   -64512.452424        0.515816
LBFGS:   84 12:32:39   -64512.471139        0.351542
LBFGS:   85 12:32:39   -64512.486065        0.297489
LBFGS:   86 12:32:39   -64512.502412        0.360437
LBFGS:   87 12:32:39   -64512.516838        0.432393
LBFGS:   88 12:32:39   -64512.531641        0.335164
LBFGS:   89 12:32:39   -64512.548444        0.317275
LBFGS:   90 12:32:39   -64512.567624        0.453001
LBFGS:   91 12:32:40   -64512.589764        0.256480
LBFGS:   92 12:32:40   -64512.602586        0.448580
LBFGS:   93 12:32:40   -64512.616369        0.346146
LBFGS:   94 12:32:40   -64512.626771        0.176132
LBFGS:   95 12:32:40   -64512.637590        0.203569
LBFGS:   96 12:32:40   -64512.644236        0.218836
LBFGS:   97 12:32:40   -64512.650016        0.145623
LBFGS:   98 12:32:40   -64512.661291        0.286955
LBFGS:   99 12:32:40   -64512.674167        0.365249
LBFGS:  100 12:32:40   -64512.695040        0.366771
LBFGS:  101 12:32:40   -64512.712414        0.451410
LBFGS:  102 12:32:40   -64512.727814        0.351244
LBFGS:  103 12:32:40   -64512.738820        0.383708
LBFGS:  104 12:32:40   -64512.748633        0.332203
LBFGS:  105 12:32:40   -64512.762678        0.246350
LBFGS:  106 12:32:40   -64512.782749        0.279280
LBFGS:  107 12:32:40   -64512.792829        0.237254
LBFGS:  108 12:32:41   -64512.808551        0.224183
LBFGS:  109 12:32:41   -64512.817769        0.207262
LBFGS:  110 12:32:41   -64512.826410        0.168534
LBFGS:  111 12:32:41   -64512.834279        0.249087
LBFGS:  112 12:32:41   -64512.843562        0.187187
LBFGS:  113 12:32:41   -64512.857743        0.175384
LBFGS:  114 12:32:41   -64512.878493        0.214232
LBFGS:  115 12:32:41   -64512.896024        0.364644
LBFGS:  116 12:32:41   -64512.909094        0.339462
LBFGS:  117 12:32:41   -64512.920458        0.555242
LBFGS:  118 12:32:41   -64512.931637        0.308448
LBFGS:  119 12:32:41   -64512.939563        0.184273
LBFGS:  120 12:32:41   -64512.950046        0.184640
LBFGS:  121 12:32:41   -64512.959912        0.221941
LBFGS:  122 12:32:41   -64512.969731        0.273111
LBFGS:  123 12:32:41   -64512.980036        0.233332
LBFGS:  124 12:32:41   -64512.989157        0.318719
LBFGS:  125 12:32:41   -64512.996256        0.218130
LBFGS:  126 12:32:42   -64513.004355        0.182802
LBFGS:  127 12:32:42   -64513.013125        0.256721
LBFGS:  128 12:32:42   -64513.021978        0.272273
LBFGS:  129 12:32:42   -64513.037426        0.318273
LBFGS:  130 12:32:42   -64513.055630        0.288648
LBFGS:  131 12:32:42   -64513.071448        0.233501
LBFGS:  132 12:32:42   -64513.083669        0.314628
LBFGS:  133 12:32:42   -64513.095352        0.238369
LBFGS:  134 12:32:42   -64513.100166        0.613498
LBFGS:  135 12:32:42   -64513.113422        0.250986
LBFGS:  136 12:32:42   -64513.123144        0.237995
LBFGS:  137 12:32:42   -64513.136702        0.206895
LBFGS:  138 12:32:42   -64513.145161        0.254714
LBFGS:  139 12:32:42   -64513.156261        0.253005
LBFGS:  140 12:32:42   -64513.166509        0.212118
LBFGS:  141 12:32:42   -64513.172179        0.215920
LBFGS:  142 12:32:42   -64513.180449        0.177590
LBFGS:  143 12:32:43   -64513.193416        0.224207
LBFGS:  144 12:32:43   -64513.209132        0.494939
LBFGS:  145 12:32:43   -64513.222573        0.307234
LBFGS:  146 12:32:43   -64513.234750        0.237067
LBFGS:  147 12:32:43   -64513.244877        0.279453
LBFGS:  148 12:32:43   -64513.252509        0.382649
LBFGS:  149 12:32:43   -64513.262177        0.253613
LBFGS:  150 12:32:43   -64513.283351        0.237834
LBFGS:  151 12:32:43   -64513.299842        0.328342
LBFGS:  152 12:32:43   -64513.311250        0.337701
LBFGS:  153 12:32:43   -64513.319812        0.282651
LBFGS:  154 12:32:43   -64513.328967        0.193868
LBFGS:  155 12:32:43   -64513.337993        0.409615
LBFGS:  156 12:32:43   -64513.348898        0.361954
LBFGS:  157 12:32:43   -64513.361393        0.286434
LBFGS:  158 12:32:43   -64513.374866        0.180656
LBFGS:  159 12:32:43   -64513.386534        0.237710
LBFGS:  160 12:32:44   -64513.401741        0.196026
LBFGS:  161 12:32:44   -64513.411541        0.321371
LBFGS:  162 12:32:44   -64513.418267        0.244302
LBFGS:  163 12:32:44   -64513.425675        0.155719
LBFGS:  164 12:32:44   -64513.434024        0.153253
LBFGS:  165 12:32:44   -64513.442982        0.152098
LBFGS:  166 12:32:44   -64513.454390        0.220905
LBFGS:  167 12:32:44   -64513.463257        0.226357
LBFGS:  168 12:32:44   -64513.473471        0.272956
LBFGS:  169 12:32:44   -64513.483127        0.203371
LBFGS:  170 12:32:44   -64513.496828        0.311153
LBFGS:  171 12:32:44   -64513.513195        0.289504
LBFGS:  172 12:32:44   -64513.533704        0.385250
LBFGS:  173 12:32:44   -64513.553778        0.427391
LBFGS:  174 12:32:44   -64513.568752        0.328383
LBFGS:  175 12:32:44   -64513.576813        0.356291
LBFGS:  176 12:32:44   -64513.589105        0.274727
LBFGS:  177 12:32:44   -64513.600408        0.224386
LBFGS:  178 12:32:45   -64513.613195        0.222419
LBFGS:  179 12:32:45   -64513.628192        0.512293
LBFGS:  180 12:32:45   -64513.648375        0.372540
LBFGS:  181 12:32:45   -64513.670177        0.324700
LBFGS:  182 12:32:45   -64513.689799        0.311706
LBFGS:  183 12:32:45   -64513.700698        0.258178
LBFGS:  184 12:32:45   -64513.716035        0.357332
LBFGS:  185 12:32:45   -64513.715008        0.698918
LBFGS:  186 12:32:45   -64513.742908        0.430450
LBFGS:  187 12:32:45   -64513.753890        0.320860
LBFGS:  188 12:32:45   -64513.771609        0.192872
LBFGS:  189 12:32:45   -64513.803980        0.740532
LBFGS:  190 12:32:45   -64513.826204        0.699668
LBFGS:  191 12:32:45   -64513.854889        0.538914
LBFGS:  192 12:32:45   -64513.869261        0.582197
LBFGS:  193 12:32:45   -64513.886054        0.376602
LBFGS:  194 12:32:45   -64513.896660        0.466885
LBFGS:  195 12:32:46   -64513.908339        0.359886
LBFGS:  196 12:32:46   -64513.925027        0.238238
LBFGS:  197 12:32:46   -64513.941124        0.252593
LBFGS:  198 12:32:46   -64513.959776        0.305255
LBFGS:  199 12:32:46   -64513.972366        0.283273
LBFGS:  200 12:32:46   -64513.982899        0.528414
       Step     Time          Energy          fmax
LBFGS:    0 12:32:52   -71915.282824       21.951065
LBFGS:    1 12:32:52   -71924.846263        7.307809
LBFGS:    2 12:32:52   -71938.215899        7.215523
LBFGS:    3 12:32:52   -71948.180787        5.895620
LBFGS:    4 12:32:52   -71956.568455        4.148476
LBFGS:    5 12:32:53   -71964.664843        4.879357
LBFGS:    6 12:32:53   -71972.376593        5.479445
LBFGS:    7 12:32:53   -71979.385483        5.088905
LBFGS:    8 12:32:53   -71985.653534        3.809864
LBFGS:    9 12:32:53   -71990.885380        3.995142
LBFGS:   10 12:32:53   -71994.867323        5.180167
LBFGS:   11 12:32:53   -71997.906458        4.302794
LBFGS:   12 12:32:53   -71999.226630        9.583891
LBFGS:   13 12:32:53   -72000.212483        1.721783
LBFGS:   14 12:32:53   -72000.952963        1.888959
LBFGS:   15 12:32:53   -72001.683510        2.481273
LBFGS:   16 12:32:53   -72002.088733        2.219580
LBFGS:   17 12:32:53   -72003.030665        2.402868
LBFGS:   18 12:32:53   -72003.671276        3.244200
LBFGS:   19 12:32:53   -72004.347390        2.446004
LBFGS:   20 12:32:53   -72004.886006        2.092215
LBFGS:   21 12:32:53   -72005.360669        1.894760
LBFGS:   22 12:32:54   -72005.639330        2.066998
LBFGS:   23 12:32:54   -72005.888563        1.884318
LBFGS:   24 12:32:54   -72006.150546        1.117817
LBFGS:   25 12:32:54   -72006.490298        1.332418
LBFGS:   26 12:32:54   -72006.826841        1.480671
LBFGS:   27 12:32:54   -72007.087830        1.036806
LBFGS:   28 12:32:54   -72007.328097        1.856896
LBFGS:   29 12:32:54   -72007.604553        2.030648
LBFGS:   30 12:32:54   -72008.168718        1.643532
LBFGS:   31 12:32:54   -72008.457811        1.860586
LBFGS:   32 12:32:54   -72008.564405        2.535933
LBFGS:   33 12:32:54   -72009.165129        1.832437
LBFGS:   34 12:32:54   -72009.469412        1.618672
LBFGS:   35 12:32:54   -72009.980599        3.175928
LBFGS:   36 12:32:54   -72010.433772        3.433546
LBFGS:   37 12:32:54   -72010.940759        2.540756
LBFGS:   38 12:32:54   -72011.487871        2.499336
LBFGS:   39 12:32:55   -72011.974348        2.861624
LBFGS:   40 12:32:55   -72012.687646        2.968342
LBFGS:   41 12:32:55   -72013.176265        1.391903
LBFGS:   42 12:32:55   -72013.455031        1.197253
LBFGS:   43 12:32:55   -72013.648890        1.015521
LBFGS:   44 12:32:55   -72013.831873        0.959455
LBFGS:   45 12:32:55   -72014.044373        0.674004
LBFGS:   46 12:32:55   -72014.130572        0.622697
LBFGS:   47 12:32:55   -72014.215484        0.770690
LBFGS:   48 12:32:55   -72014.304010        0.809233
LBFGS:   49 12:32:55   -72014.381115        0.719861
LBFGS:   50 12:32:55   -72014.451666        0.871819
LBFGS:   51 12:32:55   -72014.519407        0.574041
LBFGS:   52 12:32:55   -72014.631277        0.588879
LBFGS:   53 12:32:55   -72014.754472        0.723623
LBFGS:   54 12:32:55   -72014.901159        1.221604
LBFGS:   55 12:32:55   -72015.041860        0.950283
LBFGS:   56 12:32:55   -72015.141367        0.548406
LBFGS:   57 12:32:55   -72015.225803        0.602164
LBFGS:   58 12:32:55   -72015.284854        0.489981
LBFGS:   59 12:32:56   -72015.341066        0.963646
LBFGS:   60 12:32:56   -72015.397847        0.497991
LBFGS:   61 12:32:56   -72015.457641        0.531491
LBFGS:   62 12:32:56   -72015.575817        0.821039
LBFGS:   63 12:32:56   -72015.669805        0.788408
LBFGS:   64 12:32:56   -72015.767026        1.113026
LBFGS:   65 12:32:56   -72015.856214        0.936952
LBFGS:   66 12:32:56   -72015.912053        0.570370
LBFGS:   67 12:32:56   -72015.962058        0.517325
LBFGS:   68 12:32:56   -72016.026252        0.455570
LBFGS:   69 12:32:56   -72016.095846        0.580675
LBFGS:   70 12:32:56   -72016.155124        0.324808
LBFGS:   71 12:32:56   -72016.193383        1.064757
LBFGS:   72 12:32:56   -72016.248137        0.537627
LBFGS:   73 12:32:56   -72016.294793        0.551992
LBFGS:   74 12:32:56   -72016.339517        0.492206
LBFGS:   75 12:32:56   -72016.389897        0.501003
LBFGS:   76 12:32:56   -72016.469980        0.606226
LBFGS:   77 12:32:56   -72016.564111        0.533155
LBFGS:   78 12:32:56   -72016.635508        1.171987
LBFGS:   79 12:32:57   -72016.708518        0.624784
LBFGS:   80 12:32:57   -72016.765904        0.393682
LBFGS:   81 12:32:57   -72016.820248        0.397433
LBFGS:   82 12:32:57   -72016.859387        0.526774
LBFGS:   83 12:32:57   -72016.907424        0.426477
LBFGS:   84 12:32:57   -72016.959189        0.748337
LBFGS:   85 12:32:57   -72017.009116        0.520729
LBFGS:   86 12:32:57   -72017.047873        0.753814
LBFGS:   87 12:32:57   -72017.090902        0.385438
LBFGS:   88 12:32:57   -72017.137168        0.375259
LBFGS:   89 12:32:57   -72017.203559        0.478496
LBFGS:   90 12:32:57   -72017.254950        0.560056
LBFGS:   91 12:32:57   -72017.322137        0.504692
LBFGS:   92 12:32:57   -72017.402660        0.540254
LBFGS:   93 12:32:57   -72017.409498        1.831207
LBFGS:   94 12:32:57   -72017.495710        1.367847
LBFGS:   95 12:32:57   -72017.551809        0.812504
LBFGS:   96 12:32:57   -72017.619777        0.507305
LBFGS:   97 12:32:57   -72017.676087        1.138720
LBFGS:   98 12:32:57   -72017.741616        0.698411
LBFGS:   99 12:32:57   -72017.795990        0.476771
LBFGS:  100 12:32:58   -72017.840512        0.434545
LBFGS:  101 12:32:58   -72017.905508        0.509895
LBFGS:  102 12:32:58   -72017.975998        0.707529
LBFGS:  103 12:32:58   -72017.962530        1.519967
LBFGS:  104 12:32:58   -72018.076007        0.379959
LBFGS:  105 12:32:58   -72018.112894        0.282798
LBFGS:  106 12:32:58   -72018.196171        0.407456
LBFGS:  107 12:32:58   -72018.240035        0.427424
LBFGS:  108 12:32:58   -72018.294287        0.431252
LBFGS:  109 12:32:58   -72018.351392        0.415992
LBFGS:  110 12:32:58   -72018.388255        0.463461
LBFGS:  111 12:32:58   -72018.424812        0.302792
LBFGS:  112 12:32:58   -72018.459517        0.521252
LBFGS:  113 12:32:58   -72018.480197        0.588313
LBFGS:  114 12:32:58   -72018.517346        0.424915
LBFGS:  115 12:32:58   -72018.551357        0.335460
LBFGS:  116 12:32:58   -72018.591386        0.388430
LBFGS:  117 12:32:58   -72018.638545        0.461890
LBFGS:  118 12:32:58   -72018.689013        0.405112
LBFGS:  119 12:32:58   -72018.741116        0.479109
LBFGS:  120 12:32:58   -72018.776882        0.505356
LBFGS:  121 12:32:59   -72018.807739        0.425937
LBFGS:  122 12:32:59   -72018.848069        0.920321
LBFGS:  123 12:32:59   -72018.892521        0.313827
LBFGS:  124 12:32:59   -72018.919742        0.250252
LBFGS:  125 12:32:59   -72018.939726        0.189482
LBFGS:  126 12:32:59   -72018.960937        0.237982
LBFGS:  127 12:32:59   -72018.982449        0.263036
LBFGS:  128 12:32:59   -72019.009582        0.262508
LBFGS:  129 12:32:59   -72019.041981        0.513533
LBFGS:  130 12:32:59   -72019.071933        0.429392
LBFGS:  131 12:32:59   -72019.099302        0.559545
LBFGS:  132 12:32:59   -72019.126232        0.263197
LBFGS:  133 12:32:59   -72019.146271        0.243568
LBFGS:  134 12:32:59   -72019.160074        0.205842
LBFGS:  135 12:32:59   -72019.174541        0.204773
LBFGS:  136 12:32:59   -72019.187777        0.190450
LBFGS:  137 12:32:59   -72019.201222        0.309931
LBFGS:  138 12:32:59   -72019.217410        0.352406
LBFGS:  139 12:32:59   -72019.235841        0.281307
LBFGS:  140 12:32:59   -72019.256816        0.414378
LBFGS:  141 12:32:59   -72019.276423        0.215814
LBFGS:  142 12:33:00   -72019.297079        0.253767
LBFGS:  143 12:33:00   -72019.316981        0.230869
LBFGS:  144 12:33:00   -72019.338459        0.227824
LBFGS:  145 12:33:00   -72019.355055        0.206448
LBFGS:  146 12:33:00   -72019.367641        0.204479
LBFGS:  147 12:33:00   -72019.380794        0.187204
LBFGS:  148 12:33:00   -72019.399061        0.257709
LBFGS:  149 12:33:00   -72019.417390        0.211026
LBFGS:  150 12:33:00   -72019.432704        0.166886
LBFGS:  151 12:33:00   -72019.445020        0.150195
LBFGS:  152 12:33:00   -72019.456209        0.197098
       Step     Time          Energy          fmax
LBFGS:    0 12:34:27   -64473.723608       14.355316
LBFGS:    1 12:34:27   -64477.464766        7.433616
LBFGS:    2 12:34:27   -64482.376218        5.654716
LBFGS:    3 12:34:28   -64485.813427        4.131201
LBFGS:    4 12:34:28   -64488.865389        4.064472
LBFGS:    5 12:34:28   -64491.028851        4.159998
LBFGS:    6 12:34:28   -64493.262396        5.863074
LBFGS:    7 12:34:28   -64495.581263        5.635419
LBFGS:    8 12:34:28   -64497.799810        4.063704
LBFGS:    9 12:34:28   -64499.813744        2.328575
LBFGS:   10 12:34:28   -64501.040507        2.257162
LBFGS:   11 12:34:28   -64502.085172        3.022918
LBFGS:   12 12:34:28   -64503.287832        4.083074
LBFGS:   13 12:34:28   -64504.545732        5.527447
LBFGS:   14 12:34:28   -64505.453763        5.135135
LBFGS:   15 12:34:28   -64506.330692        4.214062
LBFGS:   16 12:34:28   -64506.981840        3.713102
LBFGS:   17 12:34:28   -64507.340736        2.696988
LBFGS:   18 12:34:28   -64507.696332        2.615851
LBFGS:   19 12:34:28   -64507.889520        1.941016
LBFGS:   20 12:34:28   -64508.263270        1.927999
LBFGS:   21 12:34:28   -64508.663366        1.669475
LBFGS:   22 12:34:28   -64508.918723        1.213953
LBFGS:   23 12:34:28   -64509.102443        1.059734
LBFGS:   24 12:34:28   -64509.290449        0.964868
LBFGS:   25 12:34:28   -64509.461294        1.468666
LBFGS:   26 12:34:29   -64509.647214        1.255540
LBFGS:   27 12:34:29   -64509.760941        0.804800
LBFGS:   28 12:34:29   -64509.813792        0.822612
LBFGS:   29 12:34:29   -64509.866669        0.763083
LBFGS:   30 12:34:29   -64509.923421        1.059997
LBFGS:   31 12:34:29   -64510.006808        0.776477
LBFGS:   32 12:34:29   -64510.073331        0.588331
LBFGS:   33 12:34:29   -64510.234092        0.936993
LBFGS:   34 12:34:29   -64510.341627        1.403461
LBFGS:   35 12:34:29   -64510.436284        1.041249
LBFGS:   36 12:34:29   -64510.542104        1.115410
LBFGS:   37 12:34:29   -64510.666243        1.258294
LBFGS:   38 12:34:29   -64510.739637        1.082106
LBFGS:   39 12:34:29   -64510.768526        0.828677
LBFGS:   40 12:34:29   -64510.821524        0.585839
LBFGS:   41 12:34:29   -64510.876110        0.690045
LBFGS:   42 12:34:29   -64510.946153        0.646159
LBFGS:   43 12:34:29   -64511.008174        0.552456
LBFGS:   44 12:34:29   -64511.066293        0.584501
LBFGS:   45 12:34:29   -64511.071631        1.084874
LBFGS:   46 12:34:29   -64511.149304        0.453170
LBFGS:   47 12:34:29   -64511.182905        0.565747
LBFGS:   48 12:34:29   -64511.224064        0.639223
LBFGS:   49 12:34:30   -64511.255196        0.517602
LBFGS:   50 12:34:30   -64511.290190        0.535968
LBFGS:   51 12:34:30   -64511.393951        0.793717
LBFGS:   52 12:34:30   -64511.452127        0.627327
LBFGS:   53 12:34:30   -64511.524557        0.582659
LBFGS:   54 12:34:30   -64511.576469        0.655043
LBFGS:   55 12:34:30   -64511.609414        0.630254
LBFGS:   56 12:34:30   -64511.632616        0.536861
LBFGS:   57 12:34:30   -64511.637490        0.620825
LBFGS:   58 12:34:30   -64511.668458        0.236660
LBFGS:   59 12:34:30   -64511.693735        0.284532
LBFGS:   60 12:34:30   -64511.739705        0.626374
LBFGS:   61 12:34:30   -64511.788109        0.626131
LBFGS:   62 12:34:30   -64511.838845        0.785909
LBFGS:   63 12:34:30   -64511.883020        0.701806
LBFGS:   64 12:34:30   -64511.922811        0.766689
LBFGS:   65 12:34:30   -64511.952863        0.545399
LBFGS:   66 12:34:30   -64511.983386        0.384726
LBFGS:   67 12:34:30   -64512.008530        0.324906
LBFGS:   68 12:34:30   -64512.022840        0.346692
LBFGS:   69 12:34:30   -64512.057244        0.423637
LBFGS:   70 12:34:30   -64512.089762        0.333216
LBFGS:   71 12:34:30   -64512.124756        0.520725
LBFGS:   72 12:34:30   -64512.151647        0.372271
LBFGS:   73 12:34:31   -64512.185404        0.586854
LBFGS:   74 12:34:31   -64512.221915        0.469243
LBFGS:   75 12:34:31   -64512.257296        0.497884
LBFGS:   76 12:34:31   -64512.287600        0.408132
LBFGS:   77 12:34:31   -64512.305054        0.392822
LBFGS:   78 12:34:31   -64512.325739        0.377193
LBFGS:   79 12:34:31   -64512.348427        0.413419
LBFGS:   80 12:34:31   -64512.367007        0.516425
LBFGS:   81 12:34:31   -64512.388864        0.737864
LBFGS:   82 12:34:31   -64512.415786        0.402651
LBFGS:   83 12:34:31   -64512.452424        0.515819
LBFGS:   84 12:34:31   -64512.471139        0.351542
LBFGS:   85 12:34:31   -64512.486065        0.297489
LBFGS:   86 12:34:31   -64512.502412        0.360437
LBFGS:   87 12:34:31   -64512.516838        0.432392
LBFGS:   88 12:34:31   -64512.531641        0.335164
LBFGS:   89 12:34:31   -64512.548444        0.317275
LBFGS:   90 12:34:31   -64512.567624        0.453000
LBFGS:   91 12:34:31   -64512.589764        0.256480
LBFGS:   92 12:34:31   -64512.602586        0.448582
LBFGS:   93 12:34:31   -64512.616369        0.346146
LBFGS:   94 12:34:31   -64512.626771        0.176133
LBFGS:   95 12:34:31   -64512.637590        0.203569
LBFGS:   96 12:34:32   -64512.644236        0.218836
LBFGS:   97 12:34:32   -64512.650016        0.145623
LBFGS:   98 12:34:32   -64512.661291        0.286955
LBFGS:   99 12:34:32   -64512.674167        0.365249
LBFGS:  100 12:34:32   -64512.695040        0.366771
LBFGS:  101 12:34:32   -64512.712414        0.451409
LBFGS:  102 12:34:32   -64512.727814        0.351245
LBFGS:  103 12:34:32   -64512.738820        0.383697
LBFGS:  104 12:34:32   -64512.748633        0.332204
LBFGS:  105 12:34:32   -64512.762679        0.246356
LBFGS:  106 12:34:32   -64512.782748        0.279292
LBFGS:  107 12:34:32   -64512.792829        0.237250
LBFGS:  108 12:34:32   -64512.808551        0.224185
LBFGS:  109 12:34:32   -64512.817769        0.207258
LBFGS:  110 12:34:32   -64512.826410        0.168532
LBFGS:  111 12:34:32   -64512.834279        0.249102
LBFGS:  112 12:34:32   -64512.843562        0.187200
LBFGS:  113 12:34:32   -64512.857743        0.175384
LBFGS:  114 12:34:32   -64512.878492        0.214226
LBFGS:  115 12:34:32   -64512.896024        0.364627
LBFGS:  116 12:34:32   -64512.909094        0.339483
LBFGS:  117 12:34:32   -64512.920458        0.555215
LBFGS:  118 12:34:32   -64512.931636        0.308447
LBFGS:  119 12:34:33   -64512.939563        0.184271
LBFGS:  120 12:34:33   -64512.950045        0.184622
LBFGS:  121 12:34:33   -64512.959912        0.221943
LBFGS:  122 12:34:33   -64512.969730        0.273117
LBFGS:  123 12:34:33   -64512.980034        0.233324
LBFGS:  124 12:34:33   -64512.989157        0.318711
LBFGS:  125 12:34:33   -64512.996255        0.218124
LBFGS:  126 12:34:33   -64513.004355        0.182776
LBFGS:  127 12:34:33   -64513.013124        0.256726
LBFGS:  128 12:34:33   -64513.021977        0.272320
LBFGS:  129 12:34:33   -64513.037425        0.318278
LBFGS:  130 12:34:33   -64513.055629        0.288661
LBFGS:  131 12:34:33   -64513.071448        0.233506
LBFGS:  132 12:34:33   -64513.083669        0.314636
LBFGS:  133 12:34:33   -64513.095352        0.238391
LBFGS:  134 12:34:33   -64513.100170        0.613352
LBFGS:  135 12:34:33   -64513.113423        0.251029
LBFGS:  136 12:34:33   -64513.123147        0.237990
LBFGS:  137 12:34:33   -64513.136705        0.206946
LBFGS:  138 12:34:33   -64513.145162        0.254673
LBFGS:  139 12:34:33   -64513.156266        0.252900
LBFGS:  140 12:34:33   -64513.166509        0.212109
LBFGS:  141 12:34:33   -64513.172178        0.215792
LBFGS:  142 12:34:34   -64513.180447        0.177682
LBFGS:  143 12:34:34   -64513.193423        0.224238
LBFGS:  144 12:34:34   -64513.209113        0.493917
LBFGS:  145 12:34:34   -64513.222578        0.307093
LBFGS:  146 12:34:34   -64513.234773        0.236431
LBFGS:  147 12:34:34   -64513.244900        0.278811
LBFGS:  148 12:34:34   -64513.252510        0.383381
LBFGS:  149 12:34:34   -64513.262193        0.254004
LBFGS:  150 12:34:34   -64513.283354        0.236410
LBFGS:  151 12:34:34   -64513.299850        0.329560
LBFGS:  152 12:34:34   -64513.311259        0.337330
LBFGS:  153 12:34:34   -64513.319822        0.282316
LBFGS:  154 12:34:34   -64513.329026        0.194502
LBFGS:  155 12:34:34   -64513.338237        0.402545
LBFGS:  156 12:34:34   -64513.348524        0.383179
LBFGS:  157 12:34:34   -64513.361288        0.289907
LBFGS:  158 12:34:34   -64513.374395        0.194816
LBFGS:  159 12:34:34   -64513.386287        0.232794
LBFGS:  160 12:34:34   -64513.401278        0.202746
LBFGS:  161 12:34:34   -64513.411387        0.330091
LBFGS:  162 12:34:34   -64513.418126        0.243794
LBFGS:  163 12:34:34   -64513.425595        0.152034
LBFGS:  164 12:34:34   -64513.433490        0.146228
LBFGS:  165 12:34:35   -64513.443059        0.152383
LBFGS:  166 12:34:35   -64513.453892        0.225222
LBFGS:  167 12:34:35   -64513.462928        0.215828
LBFGS:  168 12:34:35   -64513.473252        0.258082
LBFGS:  169 12:34:35   -64513.483141        0.207985
LBFGS:  170 12:34:35   -64513.496410        0.312770
LBFGS:  171 12:34:35   -64513.512579        0.297479
LBFGS:  172 12:34:35   -64513.533239        0.379206
LBFGS:  173 12:34:35   -64513.553040        0.435417
LBFGS:  174 12:34:35   -64513.568115        0.330097
LBFGS:  175 12:34:35   -64513.574354        0.421961
LBFGS:  176 12:34:35   -64513.588617        0.220973
LBFGS:  177 12:34:35   -64513.599280        0.223874
LBFGS:  178 12:34:35   -64513.611718        0.246431
LBFGS:  179 12:34:35   -64513.630804        0.420723
LBFGS:  180 12:34:35   -64513.642786        0.843177
LBFGS:  181 12:34:35   -64513.666436        0.271560
LBFGS:  182 12:34:35   -64513.684893        0.268217
LBFGS:  183 12:34:35   -64513.698629        0.238063
LBFGS:  184 12:34:35   -64513.712929        0.287249
LBFGS:  185 12:34:35   -64513.727748        0.376413
LBFGS:  186 12:34:35   -64513.721007        0.727323
LBFGS:  187 12:34:35   -64513.753237        0.387381
LBFGS:  188 12:34:36   -64513.767225        0.239180
LBFGS:  189 12:34:36   -64513.789415        0.299808
LBFGS:  190 12:34:36   -64513.829091        0.785145
LBFGS:  191 12:34:36   -64513.841070        0.623526
LBFGS:  192 12:34:36   -64513.872357        0.343007
LBFGS:  193 12:34:36   -64513.880617        0.608042
LBFGS:  194 12:34:36   -64513.894363        0.455922
LBFGS:  195 12:34:36   -64513.904259        0.325811
LBFGS:  196 12:34:36   -64513.916864        0.221452
LBFGS:  197 12:34:36   -64513.938359        0.394363
LBFGS:  198 12:34:36   -64513.949481        0.333771
LBFGS:  199 12:34:36   -64513.964135        0.328633
LBFGS:  200 12:34:36   -64513.980539        0.313533
       Step     Time          Energy          fmax
LBFGS:    0 12:34:42   -71915.282824       21.951065
LBFGS:    1 12:34:43   -71924.846263        7.307809
LBFGS:    2 12:34:43   -71938.215899        7.215523
LBFGS:    3 12:34:43   -71948.180787        5.895620
LBFGS:    4 12:34:43   -71956.568455        4.148476
LBFGS:    5 12:34:43   -71964.664843        4.879357
LBFGS:    6 12:34:43   -71972.376593        5.479445
LBFGS:    7 12:34:43   -71979.385483        5.088905
LBFGS:    8 12:34:43   -71985.653534        3.809864
LBFGS:    9 12:34:43   -71990.885380        3.995142
LBFGS:   10 12:34:43   -71994.867323        5.180167
LBFGS:   11 12:34:43   -71997.906458        4.302794
LBFGS:   12 12:34:43   -71999.226630        9.583891
LBFGS:   13 12:34:43   -72000.212483        1.721783
LBFGS:   14 12:34:43   -72000.952963        1.888959
LBFGS:   15 12:34:43   -72001.683510        2.481273
LBFGS:   16 12:34:43   -72002.088733        2.219580
LBFGS:   17 12:34:43   -72003.030665        2.402868
LBFGS:   18 12:34:43   -72003.671276        3.244200
LBFGS:   19 12:34:43   -72004.347390        2.446004
LBFGS:   20 12:34:44   -72004.886006        2.092215
LBFGS:   21 12:34:44   -72005.360669        1.894760
LBFGS:   22 12:34:44   -72005.639330        2.066998
LBFGS:   23 12:34:44   -72005.888563        1.884318
LBFGS:   24 12:34:44   -72006.150546        1.117817
LBFGS:   25 12:34:44   -72006.490298        1.332418
LBFGS:   26 12:34:44   -72006.826841        1.480671
LBFGS:   27 12:34:44   -72007.087830        1.036806
LBFGS:   28 12:34:44   -72007.328097        1.856896
LBFGS:   29 12:34:44   -72007.604553        2.030648
LBFGS:   30 12:34:44   -72008.168718        1.643532
LBFGS:   31 12:34:44   -72008.457811        1.860586
LBFGS:   32 12:34:44   -72008.564405        2.535933
LBFGS:   33 12:34:44   -72009.165129        1.832437
LBFGS:   34 12:34:44   -72009.469412        1.618672
LBFGS:   35 12:34:44   -72009.980599        3.175928
LBFGS:   36 12:34:44   -72010.433772        3.433546
LBFGS:   37 12:34:44   -72010.940759        2.540756
LBFGS:   38 12:34:44   -72011.487871        2.499336
LBFGS:   39 12:34:44   -72011.974348        2.861624
LBFGS:   40 12:34:44   -72012.687646        2.968342
LBFGS:   41 12:34:45   -72013.176265        1.391903
LBFGS:   42 12:34:45   -72013.455031        1.197253
LBFGS:   43 12:34:45   -72013.648890        1.015521
LBFGS:   44 12:34:45   -72013.831873        0.959455
LBFGS:   45 12:34:45   -72014.044373        0.674004
LBFGS:   46 12:34:45   -72014.130572        0.622697
LBFGS:   47 12:34:45   -72014.215484        0.770690
LBFGS:   48 12:34:45   -72014.304010        0.809233
LBFGS:   49 12:34:45   -72014.381115        0.719861
LBFGS:   50 12:34:45   -72014.451666        0.871819
LBFGS:   51 12:34:45   -72014.519407        0.574041
LBFGS:   52 12:34:45   -72014.631277        0.588879
LBFGS:   53 12:34:45   -72014.754472        0.723623
LBFGS:   54 12:34:45   -72014.901159        1.221604
LBFGS:   55 12:34:45   -72015.041860        0.950283
LBFGS:   56 12:34:45   -72015.141367        0.548406
LBFGS:   57 12:34:45   -72015.225803        0.602164
LBFGS:   58 12:34:45   -72015.284854        0.489981
LBFGS:   59 12:34:45   -72015.341066        0.963646
LBFGS:   60 12:34:45   -72015.397847        0.497991
LBFGS:   61 12:34:45   -72015.457641        0.531491
LBFGS:   62 12:34:46   -72015.575817        0.821039
LBFGS:   63 12:34:46   -72015.669805        0.788408
LBFGS:   64 12:34:46   -72015.767026        1.113026
LBFGS:   65 12:34:46   -72015.856214        0.936952
LBFGS:   66 12:34:46   -72015.912053        0.570370
LBFGS:   67 12:34:46   -72015.962058        0.517325
LBFGS:   68 12:34:46   -72016.026252        0.455570
LBFGS:   69 12:34:46   -72016.095846        0.580675
LBFGS:   70 12:34:46   -72016.155124        0.324808
LBFGS:   71 12:34:46   -72016.193383        1.064757
LBFGS:   72 12:34:46   -72016.248137        0.537627
LBFGS:   73 12:34:46   -72016.294793        0.551992
LBFGS:   74 12:34:46   -72016.339517        0.492206
LBFGS:   75 12:34:46   -72016.389897        0.501003
LBFGS:   76 12:34:46   -72016.469980        0.606226
LBFGS:   77 12:34:46   -72016.564111        0.533155
LBFGS:   78 12:34:46   -72016.635508        1.171987
LBFGS:   79 12:34:46   -72016.708518        0.624784
LBFGS:   80 12:34:46   -72016.765904        0.393682
LBFGS:   81 12:34:46   -72016.820248        0.397433
LBFGS:   82 12:34:46   -72016.859387        0.526774
LBFGS:   83 12:34:46   -72016.907424        0.426477
LBFGS:   84 12:34:47   -72016.959189        0.748337
LBFGS:   85 12:34:47   -72017.009116        0.520729
LBFGS:   86 12:34:47   -72017.047873        0.753814
LBFGS:   87 12:34:47   -72017.090902        0.385438
LBFGS:   88 12:34:47   -72017.137168        0.375259
LBFGS:   89 12:34:47   -72017.203559        0.478496
LBFGS:   90 12:34:47   -72017.254950        0.560056
LBFGS:   91 12:34:47   -72017.322137        0.504692
LBFGS:   92 12:34:47   -72017.402660        0.540254
LBFGS:   93 12:34:47   -72017.409498        1.831207
LBFGS:   94 12:34:47   -72017.495710        1.367847
LBFGS:   95 12:34:47   -72017.551809        0.812504
LBFGS:   96 12:34:47   -72017.619777        0.507305
LBFGS:   97 12:34:47   -72017.676087        1.138720
LBFGS:   98 12:34:47   -72017.741616        0.698411
LBFGS:   99 12:34:47   -72017.795990        0.476771
LBFGS:  100 12:34:47   -72017.840512        0.434545
LBFGS:  101 12:34:47   -72017.905508        0.509895
LBFGS:  102 12:34:47   -72017.975998        0.707529
LBFGS:  103 12:34:47   -72017.962530        1.519967
LBFGS:  104 12:34:47   -72018.076007        0.379959
LBFGS:  105 12:34:48   -72018.112894        0.282798
LBFGS:  106 12:34:48   -72018.196171        0.407456
LBFGS:  107 12:34:48   -72018.240035        0.427424
LBFGS:  108 12:34:48   -72018.294287        0.431252
LBFGS:  109 12:34:48   -72018.351392        0.415992
LBFGS:  110 12:34:48   -72018.388255        0.463461
LBFGS:  111 12:34:48   -72018.424812        0.302792
LBFGS:  112 12:34:48   -72018.459517        0.521251
LBFGS:  113 12:34:48   -72018.480197        0.588313
LBFGS:  114 12:34:48   -72018.517346        0.424915
LBFGS:  115 12:34:48   -72018.551357        0.335460
LBFGS:  116 12:34:48   -72018.591386        0.388430
LBFGS:  117 12:34:48   -72018.638545        0.461890
LBFGS:  118 12:34:48   -72018.689013        0.405112
LBFGS:  119 12:34:48   -72018.741116        0.479109
LBFGS:  120 12:34:48   -72018.776882        0.505356
LBFGS:  121 12:34:48   -72018.807739        0.425937
LBFGS:  122 12:34:48   -72018.848069        0.920321
LBFGS:  123 12:34:48   -72018.892521        0.313827
LBFGS:  124 12:34:48   -72018.919742        0.250252
LBFGS:  125 12:34:48   -72018.939726        0.189482
LBFGS:  126 12:34:49   -72018.960937        0.237982
LBFGS:  127 12:34:49   -72018.982449        0.263035
LBFGS:  128 12:34:49   -72019.009582        0.262508
LBFGS:  129 12:34:49   -72019.041981        0.513533
LBFGS:  130 12:34:49   -72019.071933        0.429391
LBFGS:  131 12:34:49   -72019.099302        0.559548
LBFGS:  132 12:34:49   -72019.126232        0.263197
LBFGS:  133 12:34:49   -72019.146271        0.243567
LBFGS:  134 12:34:49   -72019.160074        0.205842
LBFGS:  135 12:34:49   -72019.174541        0.204773
LBFGS:  136 12:34:49   -72019.187777        0.190450
LBFGS:  137 12:34:49   -72019.201222        0.309930
LBFGS:  138 12:34:49   -72019.217410        0.352405
LBFGS:  139 12:34:49   -72019.235841        0.281307
LBFGS:  140 12:34:49   -72019.256816        0.414381
LBFGS:  141 12:34:49   -72019.276422        0.215815
LBFGS:  142 12:34:49   -72019.297079        0.253767
LBFGS:  143 12:34:49   -72019.316981        0.230869
LBFGS:  144 12:34:49   -72019.338459        0.227824
LBFGS:  145 12:34:49   -72019.355055        0.206448
LBFGS:  146 12:34:50   -72019.367641        0.204479
LBFGS:  147 12:34:50   -72019.380794        0.187204
LBFGS:  148 12:34:50   -72019.399061        0.257708
LBFGS:  149 12:34:50   -72019.417390        0.211026
LBFGS:  150 12:34:50   -72019.432704        0.166887
LBFGS:  151 12:34:50   -72019.445020        0.150195
LBFGS:  152 12:34:50   -72019.456209        0.197098
LBFGS:  153 12:34:50   -72019.468779        0.217604
LBFGS:  154 12:34:50   -72019.483000        0.183517
LBFGS:  155 12:34:50   -72019.497528        0.166126
LBFGS:  156 12:34:50   -72019.510535        0.187558
LBFGS:  157 12:34:50   -72019.522840        0.186156
LBFGS:  158 12:34:50   -72019.537006        0.225404
LBFGS:  159 12:34:50   -72019.549634        0.198161
LBFGS:  160 12:34:50   -72019.560637        0.199020
LBFGS:  161 12:34:50   -72019.569790        0.158528
LBFGS:  162 12:34:50   -72019.579242        0.154108
LBFGS:  163 12:34:50   -72019.590461        0.183002
LBFGS:  164 12:34:50   -72019.602909        0.186772
LBFGS:  165 12:34:50   -72019.614789        0.197342
LBFGS:  166 12:34:50   -72019.624245        0.182042
LBFGS:  167 12:34:51   -72019.634111        0.211427
LBFGS:  168 12:34:51   -72019.646131        0.193615
LBFGS:  169 12:34:51   -72019.659261        0.209115
LBFGS:  170 12:34:51   -72019.669690        0.150295
LBFGS:  171 12:34:51   -72019.678705        0.192855
LBFGS:  172 12:34:51   -72019.686961        0.153492
LBFGS:  173 12:34:51   -72019.695501        0.221342
LBFGS:  174 12:34:51   -72019.703848        0.163644
LBFGS:  175 12:34:51   -72019.712886        0.166724
LBFGS:  176 12:34:51   -72019.722918        0.200413
LBFGS:  177 12:34:51   -72019.734268        0.230541
LBFGS:  178 12:34:51   -72019.744260        0.208575
LBFGS:  179 12:34:51   -72019.751936        0.118488
LBFGS:  180 12:34:51   -72019.757757        0.113004
LBFGS:  181 12:34:51   -72019.764216        0.120728
LBFGS:  182 12:34:51   -72019.770312        0.117149
LBFGS:  183 12:34:51   -72019.776179        0.126403
LBFGS:  184 12:34:51   -72019.782797        0.148203
LBFGS:  185 12:34:51   -72019.791938        0.158317
LBFGS:  186 12:34:51   -72019.803755        0.187151
LBFGS:  187 12:34:51   -72019.815848        0.192916
LBFGS:  188 12:34:52   -72019.826894        0.157562
LBFGS:  189 12:34:52   -72019.834821        0.119065
LBFGS:  190 12:34:52   -72019.842833        0.148659
LBFGS:  191 12:34:52   -72019.851149        0.136920
LBFGS:  192 12:34:52   -72019.859181        0.144273
LBFGS:  193 12:34:52   -72019.867215        0.174621
LBFGS:  194 12:34:52   -72019.877032        0.173024
LBFGS:  195 12:34:52   -72019.892043        0.174536
LBFGS:  196 12:34:52   -72019.905890        0.218195
LBFGS:  197 12:34:52   -72019.918817        0.328888
LBFGS:  198 12:34:52   -72019.932398        0.169617
LBFGS:  199 12:34:52   -72019.943988        0.137379
LBFGS:  200 12:34:52   -72019.952122        0.254823
       Step     Time          Energy          fmax
LBFGS:    0 12:34:59   -79335.010474       22.227991
LBFGS:    1 12:34:59   -79350.701560        8.688062
LBFGS:    2 12:34:59   -79372.677920       13.401535
LBFGS:    3 12:34:59   -79389.706373        7.433015
LBFGS:    4 12:34:59   -79404.010496        8.484644
LBFGS:    5 12:34:59   -79418.384912        5.976291
LBFGS:    6 12:34:59   -79431.297125        6.303362
LBFGS:    7 12:34:59   -79443.062251        6.117861
LBFGS:    8 12:34:59   -79453.665881        6.450085
LBFGS:    9 12:34:59   -79462.178806        3.921151
LBFGS:   10 12:34:59   -79468.811360        5.201332
LBFGS:   11 12:34:59   -79473.635711        4.487604
LBFGS:   12 12:34:59   -79476.797842        5.013099
LBFGS:   13 12:34:59   -79479.622667        2.505973
LBFGS:   14 12:34:59   -79481.327130        9.907157
LBFGS:   15 12:34:59   -79483.073795        2.764109
LBFGS:   16 12:35:00   -79484.286287        2.089253
LBFGS:   17 12:35:00   -79486.527070        3.170679
LBFGS:   18 12:35:00   -79488.342999        3.578563
LBFGS:   19 12:35:00   -79489.553359        7.217281
LBFGS:   20 12:35:00   -79490.817278        4.951997
LBFGS:   21 12:35:00   -79491.955456        1.676197
LBFGS:   22 12:35:00   -79492.615072        4.071986
LBFGS:   23 12:35:00   -79493.438226        2.649639
LBFGS:   24 12:35:00   -79494.242392        4.344650
LBFGS:   25 12:35:00   -79494.921138        2.664171
LBFGS:   26 12:35:00   -79495.644948        2.004677
LBFGS:   27 12:35:00   -79496.559520        3.216524
LBFGS:   28 12:35:00   -79497.576662        1.851301
LBFGS:   29 12:35:00   -79498.260163        2.108245
LBFGS:   30 12:35:00   -79499.131044        2.158734
LBFGS:   31 12:35:00   -79499.735829        2.034048
LBFGS:   32 12:35:00   -79500.298520        1.385196
LBFGS:   33 12:35:00   -79501.018016        1.268369
LBFGS:   34 12:35:00   -79501.349947        1.456033
LBFGS:   35 12:35:00   -79501.682436        3.066261
LBFGS:   36 12:35:01   -79502.052108        1.675729
LBFGS:   37 12:35:01   -79502.418542        1.101957
LBFGS:   38 12:35:01   -79502.935710        1.557918
LBFGS:   39 12:35:01   -79503.241192        1.598462
LBFGS:   40 12:35:01   -79503.793888        1.755261
LBFGS:   41 12:35:01   -79504.089854        1.517832
LBFGS:   42 12:35:01   -79504.330967        1.299397
LBFGS:   43 12:35:01   -79504.586194        1.886826
LBFGS:   44 12:35:01   -79504.851064        1.508441
LBFGS:   45 12:35:01   -79505.218097        1.218399
LBFGS:   46 12:35:01   -79505.492095        1.247044
LBFGS:   47 12:35:01   -79505.952089        2.151148
LBFGS:   48 12:35:01   -79506.122045        3.866472
LBFGS:   49 12:35:01   -79506.217126        2.942232
LBFGS:   50 12:35:01   -79506.593544        3.023107
LBFGS:   51 12:35:01   -79506.798840        3.017356
LBFGS:   52 12:35:01   -79506.961690        1.825763
LBFGS:   53 12:35:01   -79507.267820        1.551662
LBFGS:   54 12:35:01   -79507.484894        2.063130
LBFGS:   55 12:35:02   -79507.727135        2.998800
LBFGS:   56 12:35:02   -79507.919934        1.056517
LBFGS:   57 12:35:02   -79508.080279        1.188180
LBFGS:   58 12:35:02   -79508.207506        2.037177
LBFGS:   59 12:35:02   -79508.402025        1.459559
LBFGS:   60 12:35:02   -79508.784544        0.803160
LBFGS:   61 12:35:02   -79508.975247        0.818677
LBFGS:   62 12:35:02   -79509.181021        1.031609
LBFGS:   63 12:35:02   -79509.403179        1.797806
LBFGS:   64 12:35:02   -79509.534962        2.137916
LBFGS:   65 12:35:02   -79509.766225        1.444954
LBFGS:   66 12:35:02   -79509.917765        0.919816
LBFGS:   67 12:35:02   -79510.069350        1.001291
LBFGS:   68 12:35:02   -79510.251154        1.217302
LBFGS:   69 12:35:02   -79510.408243        1.290008
LBFGS:   70 12:35:02   -79510.593329        0.953362
LBFGS:   71 12:35:02   -79510.698389        1.578261
LBFGS:   72 12:35:02   -79510.804266        0.972061
LBFGS:   73 12:35:02   -79510.904405        0.792950
LBFGS:   74 12:35:02   -79510.989823        0.484384
LBFGS:   75 12:35:03   -79511.059211        0.773958
LBFGS:   76 12:35:03   -79511.126679        0.573864
LBFGS:   77 12:35:03   -79511.199397        0.514542
LBFGS:   78 12:35:03   -79511.256290        0.606799
LBFGS:   79 12:35:03   -79511.304783        0.433553
LBFGS:   80 12:35:03   -79511.359468        0.652003
LBFGS:   81 12:35:03   -79511.426839        0.533254
LBFGS:   82 12:35:03   -79511.509248        0.353050
LBFGS:   83 12:35:03   -79511.565200        0.751543
LBFGS:   84 12:35:03   -79511.627636        0.647910
LBFGS:   85 12:35:03   -79511.685886        0.371756
LBFGS:   86 12:35:03   -79511.738202        0.388058
LBFGS:   87 12:35:03   -79511.790680        0.554483
LBFGS:   88 12:35:03   -79511.843519        0.566196
LBFGS:   89 12:35:03   -79511.898672        0.489194
LBFGS:   90 12:35:03   -79511.959704        0.383431
LBFGS:   91 12:35:03   -79512.006186        0.477393
LBFGS:   92 12:35:03   -79512.051660        0.564147
LBFGS:   93 12:35:03   -79512.100883        0.373726
LBFGS:   94 12:35:03   -79512.144911        0.483010
LBFGS:   95 12:35:04   -79512.181702        0.506347
LBFGS:   96 12:35:04   -79512.237497        0.606904
LBFGS:   97 12:35:04   -79512.321913        0.394162
LBFGS:   98 12:35:04   -79512.376804        0.589384
LBFGS:   99 12:35:04   -79512.428434        0.599620
LBFGS:  100 12:35:04   -79512.469329        0.464901
LBFGS:  101 12:35:04   -79512.510916        0.311734
LBFGS:  102 12:35:04   -79512.550815        0.313896
LBFGS:  103 12:35:04   -79512.545123        1.318896
LBFGS:  104 12:35:04   -79512.617509        0.578459
LBFGS:  105 12:35:04   -79512.653097        0.355234
LBFGS:  106 12:35:04   -79512.732911        0.322467
LBFGS:  107 12:35:04   -79512.774123        0.444254
LBFGS:  108 12:35:04   -79512.815795        0.496573
LBFGS:  109 12:35:04   -79512.880946        0.282903
LBFGS:  110 12:35:04   -79512.930740        0.433243
LBFGS:  111 12:35:04   -79512.984777        0.540212
LBFGS:  112 12:35:04   -79513.043223        0.619195
LBFGS:  113 12:35:04   -79513.107082        0.501426
LBFGS:  114 12:35:05   -79513.183966        0.585204
LBFGS:  115 12:35:05   -79513.255406        0.537225
LBFGS:  116 12:35:05   -79513.325216        0.580486
LBFGS:  117 12:35:05   -79513.386178        0.432482
LBFGS:  118 12:35:05   -79513.436496        0.414145
LBFGS:  119 12:35:05   -79513.491480        0.340716
LBFGS:  120 12:35:05   -79513.552226        0.456956
LBFGS:  121 12:35:05   -79513.591083        0.352552
LBFGS:  122 12:35:05   -79513.634998        0.262990
LBFGS:  123 12:35:05   -79513.691402        0.402508
LBFGS:  124 12:35:05   -79513.751819        0.590231
LBFGS:  125 12:35:05   -79513.795760        0.761766
LBFGS:  126 12:35:05   -79513.859800        0.559327
LBFGS:  127 12:35:05   -79513.907210        0.431694
LBFGS:  128 12:35:05   -79513.949094        0.449537
LBFGS:  129 12:35:05   -79513.983577        0.554050
LBFGS:  130 12:35:05   -79514.024435        0.366132
LBFGS:  131 12:35:05   -79514.064842        0.465767
LBFGS:  132 12:35:05   -79514.105484        0.513373
LBFGS:  133 12:35:06   -79514.129872        1.067549
LBFGS:  134 12:35:06   -79514.180430        0.417897
LBFGS:  135 12:35:06   -79514.215526        0.409431
LBFGS:  136 12:35:06   -79514.253498        0.356356
LBFGS:  137 12:35:06   -79514.280315        0.364422
LBFGS:  138 12:35:06   -79514.334000        0.351820
LBFGS:  139 12:35:06   -79514.371221        0.582651
LBFGS:  140 12:35:06   -79514.401751        0.413892
LBFGS:  141 12:35:06   -79514.433660        0.293696
LBFGS:  142 12:35:06   -79514.476379        0.407823
LBFGS:  143 12:35:06   -79514.507581        0.388136
LBFGS:  144 12:35:06   -79514.543540        0.330581
LBFGS:  145 12:35:06   -79514.580029        0.246897
LBFGS:  146 12:35:06   -79514.605440        0.271208
LBFGS:  147 12:35:06   -79514.633310        0.375164
LBFGS:  148 12:35:06   -79514.649868        0.703698
LBFGS:  149 12:35:06   -79514.676167        0.286001
LBFGS:  150 12:35:06   -79514.702884        0.315616
LBFGS:  151 12:35:06   -79514.728903        0.352119
LBFGS:  152 12:35:07   -79514.751985        0.369978
LBFGS:  153 12:35:07   -79514.776924        0.232885
LBFGS:  154 12:35:07   -79514.802721        0.207196
LBFGS:  155 12:35:07   -79514.825769        0.242714
LBFGS:  156 12:35:07   -79514.845452        0.307387
LBFGS:  157 12:35:07   -79514.862924        0.216863
LBFGS:  158 12:35:07   -79514.883240        0.259122
LBFGS:  159 12:35:07   -79514.903666        0.317362
LBFGS:  160 12:35:07   -79514.923194        0.237192
LBFGS:  161 12:35:07   -79514.944206        0.194629
LBFGS:  162 12:35:07   -79514.964333        0.231193
LBFGS:  163 12:35:07   -79514.984361        0.214668
LBFGS:  164 12:35:07   -79515.007222        0.263323
LBFGS:  165 12:35:07   -79515.028713        0.206156
LBFGS:  166 12:35:07   -79515.044876        0.193174
LBFGS:  167 12:35:07   -79515.057812        0.257751
LBFGS:  168 12:35:07   -79515.070899        0.160149
LBFGS:  169 12:35:07   -79515.086568        0.245907
LBFGS:  170 12:35:07   -79515.102059        0.181007
LBFGS:  171 12:35:07   -79515.115875        0.228478
LBFGS:  172 12:35:08   -79515.130041        0.197845
LBFGS:  173 12:35:08   -79515.144833        0.215527
LBFGS:  174 12:35:08   -79515.159964        0.190466
LBFGS:  175 12:35:08   -79515.171833        0.199796
LBFGS:  176 12:35:08   -79515.184484        0.173607
LBFGS:  177 12:35:08   -79515.197823        0.178488
LBFGS:  178 12:35:08   -79515.213502        0.165176
LBFGS:  179 12:35:08   -79515.228207        0.173281
LBFGS:  180 12:35:08   -79515.241206        0.173065
LBFGS:  181 12:35:08   -79515.250908        0.115201
LBFGS:  182 12:35:08   -79515.258890        0.146985
LBFGS:  183 12:35:08   -79515.267740        0.183456
LBFGS:  184 12:35:08   -79515.278540        0.157469
LBFGS:  185 12:35:08   -79515.291017        0.165841
LBFGS:  186 12:35:08   -79515.303648        0.178502
LBFGS:  187 12:35:08   -79515.317852        0.237586
LBFGS:  188 12:35:08   -79515.331631        0.234718
LBFGS:  189 12:35:08   -79515.345527        0.194258
LBFGS:  190 12:35:08   -79515.356893        0.255727
LBFGS:  191 12:35:09   -79515.367284        0.280495
LBFGS:  192 12:35:09   -79515.377015        0.168079
LBFGS:  193 12:35:09   -79515.388657        0.158525
LBFGS:  194 12:35:09   -79515.399124        0.144628
LBFGS:  195 12:35:09   -79515.413651        0.144713
LBFGS:  196 12:35:09   -79515.427415        0.212279
LBFGS:  197 12:35:09   -79515.440901        0.261485
LBFGS:  198 12:35:09   -79515.454215        0.215886
LBFGS:  199 12:35:09   -79515.470975        0.168576
LBFGS:  200 12:35:09   -79515.486896        0.233506
       Step     Time          Energy          fmax
LBFGS:    0 12:35:15   -82115.004251       21.784174
LBFGS:    1 12:35:16   -82132.764286        8.628502
LBFGS:    2 12:35:16   -82156.355730       12.986258
LBFGS:    3 12:35:16   -82174.570140        7.387108
LBFGS:    4 12:35:16   -82189.958058        8.536701
LBFGS:    5 12:35:16   -82205.542660        6.275242
LBFGS:    6 12:35:16   -82219.852465        6.240653
LBFGS:    7 12:35:16   -82232.768632        6.184572
LBFGS:    8 12:35:16   -82244.546887        6.411428
LBFGS:    9 12:35:16   -82254.151308        4.248574
LBFGS:   10 12:35:16   -82262.164178        4.841148
LBFGS:   11 12:35:16   -82268.683325        4.856163
LBFGS:   12 12:35:16   -82273.118068        3.662957
LBFGS:   13 12:35:16   -82277.686106        4.644070
LBFGS:   14 12:35:16   -82281.102881        9.699982
LBFGS:   15 12:35:16   -82284.647780        6.157575
LBFGS:   16 12:35:16   -82287.456835        3.387824
LBFGS:   17 12:35:16   -82290.657706        2.888658
LBFGS:   18 12:35:17   -82293.232689        3.580166
LBFGS:   19 12:35:17   -82294.875842       16.907939
LBFGS:   20 12:35:17   -82296.680843       10.016023
LBFGS:   21 12:35:17   -82298.187264        3.561276
LBFGS:   22 12:35:17   -82299.397550        2.722729
LBFGS:   23 12:35:17   -82301.034475        4.530176
LBFGS:   24 12:35:17   -82301.883038        3.635406
LBFGS:   25 12:35:17   -82302.961755        1.813948
LBFGS:   26 12:35:17   -82303.847768        1.982231
LBFGS:   27 12:35:17   -82305.378694        2.973615
LBFGS:   28 12:35:17   -82306.471775        3.669045
LBFGS:   29 12:35:17   -82307.736956        3.443927
LBFGS:   30 12:35:17   -82308.839465        2.605527
LBFGS:   31 12:35:17   -82309.942078        3.448102
LBFGS:   32 12:35:17   -82310.929810        3.239774
LBFGS:   33 12:35:17   -82312.564701        2.993147
LBFGS:   34 12:35:17   -82313.899865        3.418650
LBFGS:   35 12:35:17   -82315.055899        1.958481
LBFGS:   36 12:35:17   -82315.526375        2.693244
LBFGS:   37 12:35:18   -82316.231549        2.024324
LBFGS:   38 12:35:18   -82316.673277        1.670172
LBFGS:   39 12:35:18   -82317.284831        1.034185
LBFGS:   40 12:35:18   -82317.604240        1.280274
LBFGS:   41 12:35:18   -82318.034977        1.414175
LBFGS:   42 12:35:18   -82318.432679        1.387433
LBFGS:   43 12:35:18   -82318.958738        2.026798
LBFGS:   44 12:35:18   -82319.290517        1.408343
LBFGS:   45 12:35:18   -82319.820956        1.542062
LBFGS:   46 12:35:18   -82320.197947        1.731026
LBFGS:   47 12:35:18   -82320.585201        1.800906
LBFGS:   48 12:35:18   -82321.006642        1.188594
LBFGS:   49 12:35:18   -82321.354401        2.296033
LBFGS:   50 12:35:18   -82321.456039        2.359353
LBFGS:   51 12:35:18   -82321.881316        1.083040
LBFGS:   52 12:35:18   -82322.152759        0.964015
LBFGS:   53 12:35:18   -82322.555255        1.615329
LBFGS:   54 12:35:18   -82322.790405        1.448167
LBFGS:   55 12:35:18   -82323.039620        3.646374
LBFGS:   56 12:35:19   -82323.326923        1.737840
LBFGS:   57 12:35:19   -82323.587810        1.399572
LBFGS:   58 12:35:19   -82323.954765        1.321149
LBFGS:   59 12:35:19   -82324.202068        1.375815
LBFGS:   60 12:35:19   -82324.543276        1.417407
LBFGS:   61 12:35:19   -82325.029317        2.320991
LBFGS:   62 12:35:19   -82325.427999        2.733799
LBFGS:   63 12:35:19   -82325.523118        3.241278
LBFGS:   64 12:35:19   -82326.182046        2.094680
LBFGS:   65 12:35:19   -82326.534536        1.121573
LBFGS:   66 12:35:19   -82326.839860        1.498786
LBFGS:   67 12:35:19   -82327.096749        1.401755
LBFGS:   68 12:35:19   -82327.310305        1.223694
LBFGS:   69 12:35:19   -82327.573103        1.378193
LBFGS:   70 12:35:19   -82327.794745        1.257071
LBFGS:   71 12:35:19   -82328.038005        1.604319
LBFGS:   72 12:35:19   -82328.309530        1.182283
LBFGS:   73 12:35:19   -82328.513356        1.263271
LBFGS:   74 12:35:20   -82328.632804        0.808658
LBFGS:   75 12:35:20   -82328.752685        1.020625
LBFGS:   76 12:35:20   -82328.846450        0.531880
LBFGS:   77 12:35:20   -82328.958979        0.725482
LBFGS:   78 12:35:20   -82329.074962        0.724161
LBFGS:   79 12:35:20   -82329.181113        0.726873
LBFGS:   80 12:35:20   -82329.320999        0.700759
LBFGS:   81 12:35:20   -82329.473392        1.169235
LBFGS:   82 12:35:20   -82329.601565        1.261348
LBFGS:   83 12:35:20   -82329.725264        0.845210
LBFGS:   84 12:35:20   -82329.828501        0.734412
LBFGS:   85 12:35:20   -82329.916155        0.967464
LBFGS:   86 12:35:20   -82330.034231        1.370072
LBFGS:   87 12:35:20   -82330.126480        0.918247
LBFGS:   88 12:35:20   -82330.226768        0.631778
LBFGS:   89 12:35:20   -82330.356432        0.740812
LBFGS:   90 12:35:20   -82330.414467        0.674681
LBFGS:   91 12:35:20   -82330.454390        1.644415
LBFGS:   92 12:35:20   -82330.556120        0.548538
LBFGS:   93 12:35:21   -82330.606271        0.642329
LBFGS:   94 12:35:21   -82330.659029        1.008218
LBFGS:   95 12:35:21   -82330.716587        0.792636
LBFGS:   96 12:35:21   -82330.761411        0.442136
LBFGS:   97 12:35:21   -82330.814514        0.581975
LBFGS:   98 12:35:21   -82330.872481        0.790941
LBFGS:   99 12:35:21   -82330.937664        0.698956
LBFGS:  100 12:35:21   -82330.988561        0.383357
LBFGS:  101 12:35:21   -82331.028789        0.441865
LBFGS:  102 12:35:21   -82331.064862        0.512258
LBFGS:  103 12:35:21   -82331.107984        0.396508
LBFGS:  104 12:35:21   -82331.155244        0.387932
LBFGS:  105 12:35:21   -82331.212456        0.387556
LBFGS:  106 12:35:21   -82331.259628        0.264560
LBFGS:  107 12:35:21   -82331.293321        0.298167
LBFGS:  108 12:35:21   -82331.323424        0.334785
LBFGS:  109 12:35:21   -82331.378709        0.518019
LBFGS:  110 12:35:21   -82331.432976        0.513885
LBFGS:  111 12:35:21   -82331.493860        0.435248
LBFGS:  112 12:35:22   -82331.553558        0.490329
LBFGS:  113 12:35:22   -82331.596837        0.735152
LBFGS:  114 12:35:22   -82331.658613        0.445869
LBFGS:  115 12:35:22   -82331.708655        0.325784
LBFGS:  116 12:35:22   -82331.757551        0.417421
LBFGS:  117 12:35:22   -82331.799991        0.472005
LBFGS:  118 12:35:22   -82331.856752        0.434374
LBFGS:  119 12:35:22   -82331.912634        0.441317
LBFGS:  120 12:35:22   -82331.956346        0.462379
LBFGS:  121 12:35:22   -82332.004241        0.716224
LBFGS:  122 12:35:22   -82332.044085        0.374768
LBFGS:  123 12:35:22   -82332.081486        0.282257
LBFGS:  124 12:35:22   -82332.114511        0.400084
LBFGS:  125 12:35:22   -82332.150513        0.399547
LBFGS:  126 12:35:22   -82332.192962        0.443550
LBFGS:  127 12:35:22   -82332.229701        0.328785
LBFGS:  128 12:35:22   -82332.266045        0.479947
LBFGS:  129 12:35:22   -82332.298109        0.372472
LBFGS:  130 12:35:22   -82332.334910        0.312424
LBFGS:  131 12:35:23   -82332.371011        0.307251
LBFGS:  132 12:35:23   -82332.411618        0.234166
LBFGS:  133 12:35:23   -82332.436222        0.261570
LBFGS:  134 12:35:23   -82332.467940        0.311184
LBFGS:  135 12:35:23   -82332.500413        0.371000
LBFGS:  136 12:35:23   -82332.538109        0.419692
LBFGS:  137 12:35:23   -82332.581888        0.309554
LBFGS:  138 12:35:23   -82332.619223        0.388951
LBFGS:  139 12:35:23   -82332.656043        0.516307
LBFGS:  140 12:35:23   -82332.688505        0.517805
LBFGS:  141 12:35:23   -82332.723282        0.385268
LBFGS:  142 12:35:23   -82332.754052        0.356719
LBFGS:  143 12:35:23   -82332.786676        0.512633
LBFGS:  144 12:35:23   -82332.820385        0.531867
LBFGS:  145 12:35:23   -82332.854520        0.415539
LBFGS:  146 12:35:23   -82332.871861        0.560549
LBFGS:  147 12:35:23   -82332.913437        0.389813
LBFGS:  148 12:35:23   -82332.948349        0.245092
LBFGS:  149 12:35:24   -82332.993843        0.370572
LBFGS:  150 12:35:24   -82333.027421        0.340908
LBFGS:  151 12:35:24   -82333.063598        0.295841
LBFGS:  152 12:35:24   -82333.097604        0.294865
LBFGS:  153 12:35:24   -82333.121183        0.304283
LBFGS:  154 12:35:24   -82333.141710        0.371701
LBFGS:  155 12:35:24   -82333.163376        0.265340
LBFGS:  156 12:35:24   -82333.193340        0.357114
LBFGS:  157 12:35:24   -82333.217271        0.234095
LBFGS:  158 12:35:24   -82333.245362        0.222959
LBFGS:  159 12:35:24   -82333.264618        0.241092
LBFGS:  160 12:35:24   -82333.284522        0.228258
LBFGS:  161 12:35:24   -82333.303010        0.256602
LBFGS:  162 12:35:24   -82333.320193        0.166353
LBFGS:  163 12:35:24   -82333.339732        0.264722
LBFGS:  164 12:35:24   -82333.362513        0.247902
LBFGS:  165 12:35:24   -82333.386752        0.182518
LBFGS:  166 12:35:24   -82333.403111        0.264845
LBFGS:  167 12:35:24   -82333.421878        0.215631
LBFGS:  168 12:35:25   -82333.440632        0.186708
LBFGS:  169 12:35:25   -82333.458378        0.191788
LBFGS:  170 12:35:25   -82333.474882        0.157300
LBFGS:  171 12:35:25   -82333.493252        0.215798
LBFGS:  172 12:35:25   -82333.511355        0.236566
LBFGS:  173 12:35:25   -82333.529817        0.224388
LBFGS:  174 12:35:25   -82333.546678        0.192942
LBFGS:  175 12:35:25   -82333.566346        0.237948
LBFGS:  176 12:35:25   -82333.587874        0.260051
LBFGS:  177 12:35:25   -82333.614833        0.194736
LBFGS:  178 12:35:25   -82333.634911        0.193509
LBFGS:  179 12:35:25   -82333.652731        0.229721
LBFGS:  180 12:35:25   -82333.669711        0.260483
LBFGS:  181 12:35:25   -82333.687317        0.247783
LBFGS:  182 12:35:25   -82333.703949        0.272966
LBFGS:  183 12:35:25   -82333.720929        0.214245
LBFGS:  184 12:35:25   -82333.740567        0.254693
LBFGS:  185 12:35:25   -82333.767079        0.212845
LBFGS:  186 12:35:25   -82333.784313        0.250824
LBFGS:  187 12:35:26   -82333.800090        0.213572
LBFGS:  188 12:35:26   -82333.815577        0.167686
LBFGS:  189 12:35:26   -82333.828860        0.169588
LBFGS:  190 12:35:26   -82333.843697        0.162673
LBFGS:  191 12:35:26   -82333.859976        0.178285
LBFGS:  192 12:35:26   -82333.875731        0.175621
LBFGS:  193 12:35:26   -82333.891475        0.175871
LBFGS:  194 12:35:26   -82333.907643        0.159507
LBFGS:  195 12:35:26   -82333.921447        0.130939
LBFGS:  196 12:35:26   -82333.932649        0.149924
LBFGS:  197 12:35:26   -82333.943975        0.200557
LBFGS:  198 12:35:26   -82333.957308        0.182182
LBFGS:  199 12:35:26   -82333.973738        0.154325
LBFGS:  200 12:35:26   -82333.990972        0.195117
       Step     Time          Energy          fmax
LBFGS:    0 12:35:31   -53797.515227        6.747262
LBFGS:    1 12:35:31   -53799.300422        4.861948
LBFGS:    2 12:35:31   -53802.934941        7.709278
LBFGS:    3 12:35:31   -53806.154772        6.356374
LBFGS:    4 12:35:31   -53808.219226        4.443795
LBFGS:    5 12:35:31   -53809.642840        2.513065
LBFGS:    6 12:35:31   -53810.608935        2.590696
LBFGS:    7 12:35:31   -53811.355927        2.980218
LBFGS:    8 12:35:31   -53811.928799        2.398500
LBFGS:    9 12:35:31   -53812.177656        1.190039
LBFGS:   10 12:35:31   -53812.278027        0.663262
LBFGS:   11 12:35:31   -53812.378197        1.432640
LBFGS:   12 12:35:31   -53812.514486        2.091236
LBFGS:   13 12:35:31   -53812.619219        1.342477
LBFGS:   14 12:35:31   -53812.700846        0.686828
LBFGS:   15 12:35:31   -53812.740355        0.638434
LBFGS:   16 12:35:31   -53812.807005        0.846147
LBFGS:   17 12:35:32   -53812.840199        0.414751
LBFGS:   18 12:35:32   -53812.870224        0.774714
LBFGS:   19 12:35:32   -53812.903717        0.703894
LBFGS:   20 12:35:32   -53812.952058        0.671580
LBFGS:   21 12:35:32   -53812.788904        4.330688
LBFGS:   22 12:35:32   -53813.034101        0.616077
LBFGS:   23 12:35:32   -53813.073491        0.296548
LBFGS:   24 12:35:32   -53812.975514        3.892185
LBFGS:   25 12:35:32   -53813.140655        0.359092
LBFGS:   26 12:35:32   -53813.172922        0.501643
LBFGS:   27 12:35:32   -53813.187731        2.308305
LBFGS:   28 12:35:32   -53813.252290        0.588568
LBFGS:   29 12:35:32   -53813.282825        0.491657
LBFGS:   30 12:35:32   -53813.336058        0.759460
LBFGS:   31 12:35:32   -53813.365786        0.405452
LBFGS:   32 12:35:32   -53813.382808        0.433603
LBFGS:   33 12:35:32   -53813.448386        0.482559
LBFGS:   34 12:35:32   -53813.502621        0.493224
LBFGS:   35 12:35:32   -53813.578026        0.540762
LBFGS:   36 12:35:32   -53813.593230        1.086346
LBFGS:   37 12:35:32   -53813.617820        0.463208
LBFGS:   38 12:35:32   -53813.636504        0.465264
LBFGS:   39 12:35:32   -53813.650029        0.357140
LBFGS:   40 12:35:32   -53813.690943        0.395435
LBFGS:   41 12:35:32   -53813.713627        0.359919
LBFGS:   42 12:35:32   -53813.747205        0.539202
LBFGS:   43 12:35:32   -53813.787138        0.692661
LBFGS:   44 12:35:32   -53813.820468        0.769862
LBFGS:   45 12:35:33   -53813.841922        0.645102
LBFGS:   46 12:35:33   -53813.867525        0.503581
LBFGS:   47 12:35:33   -53813.885740        0.678062
LBFGS:   48 12:35:33   -53813.913488        0.804697
LBFGS:   49 12:35:33   -53813.961981        0.884168
LBFGS:   50 12:35:33   -53814.007077        0.734853
LBFGS:   51 12:35:33   -53814.071122        0.752756
LBFGS:   52 12:35:33   -53814.134802        0.823437
LBFGS:   53 12:35:33   -53814.143030        1.666689
LBFGS:   54 12:35:33   -53814.243514        0.526504
LBFGS:   55 12:35:33   -53814.292641        0.522189
LBFGS:   56 12:35:33   -53814.338276        0.489788
LBFGS:   57 12:35:33   -53814.363051        0.522770
LBFGS:   58 12:35:33   -53814.402387        0.602378
LBFGS:   59 12:35:33   -53814.444298        0.421089
LBFGS:   60 12:35:33   -53814.462537        0.460035
LBFGS:   61 12:35:33   -53814.483832        0.598744
LBFGS:   62 12:35:33   -53814.507789        0.510628
LBFGS:   63 12:35:33   -53814.576640        0.677450
LBFGS:   64 12:35:33   -53814.618342        0.536915
LBFGS:   65 12:35:33   -53814.662543        0.951574
LBFGS:   66 12:35:33   -53814.693902        0.360534
LBFGS:   67 12:35:33   -53814.707178        0.338924
LBFGS:   68 12:35:33   -53814.721964        0.311237
LBFGS:   69 12:35:33   -53814.743241        0.353396
LBFGS:   70 12:35:33   -53814.753995        0.342370
LBFGS:   71 12:35:33   -53814.764686        0.260570
LBFGS:   72 12:35:33   -53814.781582        0.354565
LBFGS:   73 12:35:34   -53814.816697        0.554459
LBFGS:   74 12:35:34   -53814.839221        0.434369
LBFGS:   75 12:35:34   -53814.857970        0.337650
LBFGS:   76 12:35:34   -53814.873303        0.383384
LBFGS:   77 12:35:34   -53814.889686        0.386832
LBFGS:   78 12:35:34   -53814.907686        0.478710
LBFGS:   79 12:35:34   -53814.926368        0.481847
LBFGS:   80 12:35:34   -53814.946853        0.341172
LBFGS:   81 12:35:34   -53814.968746        0.350164
LBFGS:   82 12:35:34   -53814.998842        0.635902
LBFGS:   83 12:35:34   -53815.021772        0.672805
LBFGS:   84 12:35:34   -53815.055674        0.418065
LBFGS:   85 12:35:34   -53815.070271        0.799824
LBFGS:   86 12:35:34   -53815.093018        0.408927
LBFGS:   87 12:35:34   -53815.104771        0.468819
LBFGS:   88 12:35:34   -53815.122873        0.288028
LBFGS:   89 12:35:34   -53815.136963        0.350177
LBFGS:   90 12:35:34   -53815.144697        0.283207
LBFGS:   91 12:35:34   -53815.152848        0.304618
LBFGS:   92 12:35:34   -53815.161846        0.294246
LBFGS:   93 12:35:34   -53815.181787        0.264083
LBFGS:   94 12:35:34   -53815.201830        0.461679
LBFGS:   95 12:35:34   -53815.229307        0.533681
LBFGS:   96 12:35:34   -53815.261407        0.382928
LBFGS:   97 12:35:34   -53815.305231        0.408189
LBFGS:   98 12:35:34   -53815.316327        0.885521
LBFGS:   99 12:35:34   -53815.340060        0.370539
LBFGS:  100 12:35:34   -53815.350815        0.523866
LBFGS:  101 12:35:34   -53815.365177        0.258274
LBFGS:  102 12:35:35   -53815.381047        0.317104
LBFGS:  103 12:35:35   -53815.396798        0.302948
LBFGS:  104 12:35:35   -53815.417505        0.394718
LBFGS:  105 12:35:35   -53815.429518        0.315760
LBFGS:  106 12:35:35   -53815.446140        0.493566
LBFGS:  107 12:35:35   -53815.463032        0.427242
LBFGS:  108 12:35:35   -53815.477719        0.645126
LBFGS:  109 12:35:35   -53815.496906        0.316667
LBFGS:  110 12:35:35   -53815.511884        0.276356
LBFGS:  111 12:35:35   -53815.522388        0.240217
LBFGS:  112 12:35:35   -53815.529220        0.305197
LBFGS:  113 12:35:35   -53815.537131        0.668487
LBFGS:  114 12:35:35   -53815.548355        0.280620
LBFGS:  115 12:35:35   -53815.558948        0.216245
LBFGS:  116 12:35:35   -53815.572130        0.305996
LBFGS:  117 12:35:35   -53815.583491        0.362715
LBFGS:  118 12:35:35   -53815.597845        0.473839
LBFGS:  119 12:35:35   -53815.611035        0.268107
LBFGS:  120 12:35:35   -53815.619157        0.188138
LBFGS:  121 12:35:35   -53815.623701        0.206691
LBFGS:  122 12:35:35   -53815.631814        0.252819
LBFGS:  123 12:35:35   -53815.643310        0.340275
LBFGS:  124 12:35:35   -53815.652374        0.325346
LBFGS:  125 12:35:35   -53815.661195        0.200737
LBFGS:  126 12:35:35   -53815.670382        0.351767
LBFGS:  127 12:35:35   -53815.676540        0.405813
LBFGS:  128 12:35:35   -53815.684732        0.596389
LBFGS:  129 12:35:35   -53815.691963        0.353070
LBFGS:  130 12:35:36   -53815.696139        0.181282
LBFGS:  131 12:35:36   -53815.699307        0.103455
LBFGS:  132 12:35:36   -53815.702257        0.129934
LBFGS:  133 12:35:36   -53815.706504        0.111397
LBFGS:  134 12:35:36   -53815.709193        0.087013
LBFGS:  135 12:35:36   -53815.711105        0.094823
LBFGS:  136 12:35:36   -53815.712674        0.097951
LBFGS:  137 12:35:36   -53815.714308        0.110381
LBFGS:  138 12:35:36   -53815.716136        0.080362
LBFGS:  139 12:35:36   -53815.718484        0.141430
LBFGS:  140 12:35:36   -53815.721611        0.158207
LBFGS:  141 12:35:36   -53815.725782        0.119031
LBFGS:  142 12:35:36   -53815.729184        0.113428
LBFGS:  143 12:35:36   -53815.731873        0.099097
LBFGS:  144 12:35:36   -53815.733716        0.080362
LBFGS:  145 12:35:36   -53815.735245        0.093081
LBFGS:  146 12:35:36   -53815.736831        0.099055
LBFGS:  147 12:35:36   -53815.738723        0.112109
LBFGS:  148 12:35:36   -53815.741072        0.126512
LBFGS:  149 12:35:36   -53815.743802        0.183750
LBFGS:  150 12:35:36   -53815.746375        0.133299
LBFGS:  151 12:35:36   -53815.748101        0.079120
LBFGS:  152 12:35:36   -53815.749372        0.067252
LBFGS:  153 12:35:36   -53815.750376        0.083885
LBFGS:  154 12:35:36   -53815.751376        0.082529
LBFGS:  155 12:35:36   -53815.752824        0.124281
LBFGS:  156 12:35:36   -53815.754813        0.108538
LBFGS:  157 12:35:36   -53815.757092        0.130271
LBFGS:  158 12:35:36   -53815.758998        0.082176
LBFGS:  159 12:35:37   -53815.760510        0.090830
LBFGS:  160 12:35:37   -53815.761578        0.068338
LBFGS:  161 12:35:37   -53815.762355        0.052059
LBFGS:  162 12:35:37   -53815.762972        0.045233
LBFGS:  163 12:35:37   -53815.763718        0.071498
LBFGS:  164 12:35:37   -53815.764759        0.086173
LBFGS:  165 12:35:37   -53815.766142        0.099826
LBFGS:  166 12:35:37   -53815.767475        0.078140
LBFGS:  167 12:35:37   -53815.768538        0.071926
LBFGS:  168 12:35:37   -53815.769366        0.062003
LBFGS:  169 12:35:37   -53815.770345        0.111996
LBFGS:  170 12:35:37   -53815.771656        0.070825
LBFGS:  171 12:35:37   -53815.773318        0.073269
LBFGS:  172 12:35:37   -53815.774808        0.076531
LBFGS:  173 12:35:37   -53815.776063        0.083018
LBFGS:  174 12:35:37   -53815.777334        0.076527
LBFGS:  175 12:35:37   -53815.778939        0.092225
LBFGS:  176 12:35:37   -53815.781107        0.112352
LBFGS:  177 12:35:37   -53815.784121        0.145852
LBFGS:  178 12:35:37   -53815.787517        0.210793
LBFGS:  179 12:35:37   -53815.790227        0.373294
LBFGS:  180 12:35:37   -53815.793312        0.189032
LBFGS:  181 12:35:37   -53815.795755        0.114345
LBFGS:  182 12:35:37   -53815.798357        0.134173
LBFGS:  183 12:35:37   -53815.801966        0.123798
LBFGS:  184 12:35:37   -53815.806559        0.158718
LBFGS:  185 12:35:37   -53815.812608        0.192096
LBFGS:  186 12:35:38   -53815.819843        0.180991
LBFGS:  187 12:35:38   -53815.816212        0.482380
LBFGS:  188 12:35:38   -53815.824461        0.474549
LBFGS:  189 12:35:38   -53815.829967        0.390814
LBFGS:  190 12:35:38   -53815.834647        0.174441
LBFGS:  191 12:35:38   -53815.839475        0.171507
LBFGS:  192 12:35:38   -53815.847964        0.233006
LBFGS:  193 12:35:38   -53815.867561        0.384780
LBFGS:  194 12:35:38   -53815.878319        0.550847
LBFGS:  195 12:35:38   -53815.883557        0.594701
LBFGS:  196 12:35:38   -53815.894107        0.590158
LBFGS:  197 12:35:38   -53815.901487        0.463070
LBFGS:  198 12:35:38   -53815.909319        0.337950
LBFGS:  199 12:35:38   -53815.916837        0.193325
LBFGS:  200 12:35:38   -53815.923558        0.365908
       Step     Time          Energy          fmax
LBFGS:    0 12:35:43   -59394.420464       12.883052
LBFGS:    1 12:35:43   -59400.542897       10.765120
LBFGS:    2 12:35:43   -59408.255020        6.554590
LBFGS:    3 12:35:43   -59413.384718        7.113972
LBFGS:    4 12:35:43   -59417.225482        7.747409
LBFGS:    5 12:35:43   -59420.981889        6.048089
LBFGS:    6 12:35:43   -59424.226279        4.742229
LBFGS:    7 12:35:43   -59427.447362        5.448468
LBFGS:    8 12:35:43   -59430.687433        5.803741
LBFGS:    9 12:35:43   -59433.007879        8.420475
LBFGS:   10 12:35:43   -59434.863659        3.592561
LBFGS:   11 12:35:43   -59435.606762        3.009152
LBFGS:   12 12:35:43   -59436.092787        1.974523
LBFGS:   13 12:35:43   -59436.774311        2.293636
LBFGS:   14 12:35:43   -59437.422317        2.309944
LBFGS:   15 12:35:43   -59437.767916        1.819888
LBFGS:   16 12:35:43   -59437.970430        1.179451
LBFGS:   17 12:35:43   -59438.150033        1.451600
LBFGS:   18 12:35:43   -59438.310812        1.391527
LBFGS:   19 12:35:43   -59438.385653        0.746046
LBFGS:   20 12:35:43   -59438.433143        0.420163
LBFGS:   21 12:35:43   -59438.498861        0.662109
LBFGS:   22 12:35:43   -59438.600056        0.795673
LBFGS:   23 12:35:44   -59438.675590        0.661500
LBFGS:   24 12:35:44   -59438.763570        1.052161
LBFGS:   25 12:35:44   -59438.858991        1.095705
LBFGS:   26 12:35:44   -59438.923244        1.266687
LBFGS:   27 12:35:44   -59439.014284        1.095991
LBFGS:   28 12:35:44   -59439.118578        0.464083
LBFGS:   29 12:35:44   -59439.142493        2.579849
LBFGS:   30 12:35:44   -59439.315582        1.354888
LBFGS:   31 12:35:44   -59439.419951        0.556728
LBFGS:   32 12:35:44   -59439.486428        1.721883
LBFGS:   33 12:35:44   -59439.589611        0.699021
LBFGS:   34 12:35:44   -59439.644533        0.601307
LBFGS:   35 12:35:44   -59439.760375        1.210465
LBFGS:   36 12:35:44   -59439.860243        0.565809
LBFGS:   37 12:35:44   -59439.926872        0.637910
LBFGS:   38 12:35:44   -59440.005863        2.279844
LBFGS:   39 12:35:44   -59440.175760        0.703149
LBFGS:   40 12:35:44   -59440.264216        0.571100
LBFGS:   41 12:35:44   -59440.288944        2.198161
LBFGS:   42 12:35:44   -59440.438244        0.593969
LBFGS:   43 12:35:44   -59440.476518        0.395895
LBFGS:   44 12:35:44   -59440.530951        0.963346
LBFGS:   45 12:35:44   -59440.592628        0.932176
LBFGS:   46 12:35:44   -59440.719720        0.635678
LBFGS:   47 12:35:44   -59440.776712        0.507013
LBFGS:   48 12:35:44   -59440.833761        0.842025
LBFGS:   49 12:35:44   -59440.904791        0.657305
LBFGS:   50 12:35:44   -59440.972417        0.667996
LBFGS:   51 12:35:45   -59441.029047        0.627849
LBFGS:   52 12:35:45   -59441.080944        0.755661
LBFGS:   53 12:35:45   -59441.158775        1.166138
LBFGS:   54 12:35:45   -59441.228119        0.699220
LBFGS:   55 12:35:45   -59441.313941        0.420086
LBFGS:   56 12:35:45   -59441.416092        0.549720
LBFGS:   57 12:35:45   -59441.514921        0.644638
LBFGS:   58 12:35:45   -59441.558557        1.056659
LBFGS:   59 12:35:45   -59441.649655        0.671189
LBFGS:   60 12:35:45   -59441.691947        0.540911
LBFGS:   61 12:35:45   -59441.749931        0.425993
LBFGS:   62 12:35:45   -59441.810979        0.555869
LBFGS:   63 12:35:45   -59441.864882        0.709617
LBFGS:   64 12:35:45   -59441.921280        0.503613
LBFGS:   65 12:35:45   -59441.987238        0.559442
LBFGS:   66 12:35:45   -59442.049308        0.534233
LBFGS:   67 12:35:45   -59442.096538        0.791991
LBFGS:   68 12:35:45   -59442.141726        0.351961
LBFGS:   69 12:35:45   -59442.189874        0.460595
LBFGS:   70 12:35:45   -59442.246318        0.500729
LBFGS:   71 12:35:45   -59442.290301        0.397129
LBFGS:   72 12:35:45   -59442.330922        0.552054
LBFGS:   73 12:35:45   -59442.372789        0.590626
LBFGS:   74 12:35:45   -59442.413189        0.677471
LBFGS:   75 12:35:45   -59442.457255        0.403765
LBFGS:   76 12:35:45   -59442.491525        0.424347
LBFGS:   77 12:35:45   -59442.519779        0.560396
LBFGS:   78 12:35:46   -59442.548029        0.351700
LBFGS:   79 12:35:46   -59442.573380        0.303789
LBFGS:   80 12:35:46   -59442.596161        0.301663
LBFGS:   81 12:35:46   -59442.623886        0.355926
LBFGS:   82 12:35:46   -59442.657755        0.402721
LBFGS:   83 12:35:46   -59442.699425        0.355903
LBFGS:   84 12:35:46   -59442.748953        0.390767
LBFGS:   85 12:35:46   -59442.777778        0.458719
LBFGS:   86 12:35:46   -59442.797615        0.602790
LBFGS:   87 12:35:46   -59442.820568        0.411878
LBFGS:   88 12:35:46   -59442.840177        0.330374
LBFGS:   89 12:35:46   -59442.866410        0.514522
LBFGS:   90 12:35:46   -59442.891130        0.455416
LBFGS:   91 12:35:46   -59442.924169        0.296530
LBFGS:   92 12:35:46   -59442.945689        0.369450
LBFGS:   93 12:35:46   -59442.971273        0.382479
LBFGS:   94 12:35:46   -59442.995341        0.889006
LBFGS:   95 12:35:46   -59443.028031        0.479543
LBFGS:   96 12:35:46   -59443.060901        0.381323
LBFGS:   97 12:35:46   -59443.102590        0.580333
LBFGS:   98 12:35:46   -59443.133434        0.427568
LBFGS:   99 12:35:46   -59443.174666        0.399084
LBFGS:  100 12:35:46   -59443.205376        0.466396
LBFGS:  101 12:35:46   -59443.211692        1.107920
LBFGS:  102 12:35:46   -59443.254292        0.306984
LBFGS:  103 12:35:46   -59443.281575        0.309674
LBFGS:  104 12:35:46   -59443.342808        0.598700
LBFGS:  105 12:35:47   -59443.382519        0.608028
LBFGS:  106 12:35:47   -59443.426010        0.454800
LBFGS:  107 12:35:47   -59443.463172        1.168917
LBFGS:  108 12:35:47   -59443.517580        1.002272
LBFGS:  109 12:35:47   -59443.553694        0.420701
LBFGS:  110 12:35:47   -59443.600260        0.399253
LBFGS:  111 12:35:47   -59443.647869        0.459094
LBFGS:  112 12:35:47   -59443.704016        0.619028
LBFGS:  113 12:35:47   -59443.757279        0.489701
LBFGS:  114 12:35:47   -59443.798384        0.515715
LBFGS:  115 12:35:47   -59443.805646        1.105894
LBFGS:  116 12:35:47   -59443.838763        0.383661
LBFGS:  117 12:35:47   -59443.853665        0.372025
LBFGS:  118 12:35:47   -59443.874126        0.285792
LBFGS:  119 12:35:47   -59443.902799        0.333182
LBFGS:  120 12:35:47   -59443.928292        0.295578
LBFGS:  121 12:35:47   -59443.954558        0.304845
LBFGS:  122 12:35:47   -59443.979195        0.236543
LBFGS:  123 12:35:47   -59444.003233        0.439229
LBFGS:  124 12:35:47   -59444.029813        0.417386
LBFGS:  125 12:35:47   -59444.051907        0.419651
LBFGS:  126 12:35:47   -59444.069915        0.312436
LBFGS:  127 12:35:47   -59444.092125        0.319210
LBFGS:  128 12:35:47   -59444.112210        0.325046
LBFGS:  129 12:35:47   -59444.133121        0.348208
LBFGS:  130 12:35:47   -59444.148042        0.286173
LBFGS:  131 12:35:47   -59444.173286        0.337000
LBFGS:  132 12:35:47   -59444.205113        0.472887
LBFGS:  133 12:35:48   -59444.227749        0.302923
LBFGS:  134 12:35:48   -59444.252531        0.260494
LBFGS:  135 12:35:48   -59444.276770        0.283276
LBFGS:  136 12:35:48   -59444.301485        0.346293
LBFGS:  137 12:35:48   -59444.322319        0.304373
LBFGS:  138 12:35:48   -59444.338105        0.552659
LBFGS:  139 12:35:48   -59444.366029        0.265014
LBFGS:  140 12:35:48   -59444.389794        0.325695
LBFGS:  141 12:35:48   -59444.414924        0.380855
LBFGS:  142 12:35:48   -59444.431776        0.253833
LBFGS:  143 12:35:48   -59444.448164        0.381539
LBFGS:  144 12:35:48   -59444.464307        0.326866
LBFGS:  145 12:35:48   -59444.479788        0.232128
LBFGS:  146 12:35:48   -59444.498634        0.252300
LBFGS:  147 12:35:48   -59444.515860        0.200015
LBFGS:  148 12:35:48   -59444.527342        0.225599
LBFGS:  149 12:35:48   -59444.543829        0.234614
LBFGS:  150 12:35:48   -59444.560765        0.294190
LBFGS:  151 12:35:48   -59444.575555        0.223156
LBFGS:  152 12:35:48   -59444.588591        0.238757
LBFGS:  153 12:35:48   -59444.607062        0.231887
LBFGS:  154 12:35:48   -59444.626650        0.325018
LBFGS:  155 12:35:48   -59444.643461        0.225318
LBFGS:  156 12:35:48   -59444.654467        0.162365
LBFGS:  157 12:35:48   -59444.663128        0.170863
LBFGS:  158 12:35:48   -59444.669624        0.280658
LBFGS:  159 12:35:48   -59444.680120        0.242258
LBFGS:  160 12:35:48   -59444.693360        0.307639
LBFGS:  161 12:35:49   -59444.704870        0.291920
LBFGS:  162 12:35:49   -59444.722360        0.282165
LBFGS:  163 12:35:49   -59444.745509        0.234688
LBFGS:  164 12:35:49   -59444.766801        0.317309
LBFGS:  165 12:35:49   -59444.785818        0.291874
LBFGS:  166 12:35:49   -59444.800765        0.339780
LBFGS:  167 12:35:49   -59444.814979        0.210843
LBFGS:  168 12:35:49   -59444.832103        0.184506
LBFGS:  169 12:35:49   -59444.845958        0.245535
LBFGS:  170 12:35:49   -59444.868070        0.235185
LBFGS:  171 12:35:49   -59444.885362        0.272069
LBFGS:  172 12:35:49   -59444.903963        0.210598
LBFGS:  173 12:35:49   -59444.922046        0.236965
LBFGS:  174 12:35:49   -59444.942169        0.284576
LBFGS:  175 12:35:49   -59444.962703        0.302445
LBFGS:  176 12:35:49   -59444.982676        0.536814
LBFGS:  177 12:35:49   -59445.004204        0.431654
LBFGS:  178 12:35:49   -59445.031746        0.317598
LBFGS:  179 12:35:49   -59445.060531        0.418415
LBFGS:  180 12:35:49   -59445.072934        0.667394
LBFGS:  181 12:35:49   -59445.092823        0.296706
LBFGS:  182 12:35:49   -59445.110574        0.262957
LBFGS:  183 12:35:49   -59445.129551        0.278536
LBFGS:  184 12:35:49   -59445.149364        0.238794
LBFGS:  185 12:35:49   -59445.171937        0.291947
LBFGS:  186 12:35:49   -59445.190954        0.403208
LBFGS:  187 12:35:49   -59445.213401        0.349988
LBFGS:  188 12:35:49   -59445.238627        0.445541
LBFGS:  189 12:35:50   -59445.272849        0.297925
LBFGS:  190 12:35:50   -59445.296706        0.308379
LBFGS:  191 12:35:50   -59445.318567        0.389533
LBFGS:  192 12:35:50   -59445.335566        0.282415
LBFGS:  193 12:35:50   -59445.353205        0.362971
LBFGS:  194 12:35:50   -59445.370267        0.261660
LBFGS:  195 12:35:50   -59445.386767        0.346976
LBFGS:  196 12:35:50   -59445.404548        0.274021
LBFGS:  197 12:35:50   -59445.424840        0.335187
LBFGS:  198 12:35:50   -59445.443205        0.350510
LBFGS:  199 12:35:50   -59445.459007        0.273876
LBFGS:  200 12:35:50   -59445.475049        0.205606
       Step     Time          Energy          fmax
LBFGS:    0 12:35:55   -64975.826431       16.655783
LBFGS:    1 12:35:55   -64987.916090       16.074904
LBFGS:    2 12:35:55   -65000.344310        8.384816
LBFGS:    3 12:35:55   -65011.000004        6.924237
LBFGS:    4 12:35:55   -65019.876128        5.720586
LBFGS:    5 12:35:55   -65026.993406        6.688769
LBFGS:    6 12:35:55   -65033.062280        5.559482
LBFGS:    7 12:35:55   -65038.124014        4.884185
LBFGS:    8 12:35:55   -65042.908781        5.580934
LBFGS:    9 12:35:55   -65047.388729        5.144724
LBFGS:   10 12:35:55   -65051.097561        3.639121
LBFGS:   11 12:35:55   -65053.867453        3.500490
LBFGS:   12 12:35:55   -65055.322065        2.388416
LBFGS:   13 12:35:55   -65056.040415        1.822908
LBFGS:   14 12:35:55   -65056.642786        1.614939
LBFGS:   15 12:35:55   -65057.394477        2.194142
LBFGS:   16 12:35:55   -65057.955159        2.997389
LBFGS:   17 12:35:55   -65058.253524        2.061786
LBFGS:   18 12:35:55   -65058.447695        1.585066
LBFGS:   19 12:35:55   -65058.628088        0.787494
LBFGS:   20 12:35:55   -65058.777623        0.629189
LBFGS:   21 12:35:56   -65058.965008        1.048035
LBFGS:   22 12:35:56   -65059.133360        0.943096
LBFGS:   23 12:35:56   -65059.391636        0.907274
LBFGS:   24 12:35:56   -65059.680787        0.911555
LBFGS:   25 12:35:56   -65059.956773        1.462313
LBFGS:   26 12:35:56   -65059.996370        2.943378
LBFGS:   27 12:35:56   -65060.257846        1.439894
LBFGS:   28 12:35:56   -65060.326853        1.329600
LBFGS:   29 12:35:56   -65060.457515        0.668532
LBFGS:   30 12:35:56   -65060.589713        1.341940
LBFGS:   31 12:35:56   -65060.690706        1.386858
LBFGS:   32 12:35:56   -65061.101161        0.828128
LBFGS:   33 12:35:56   -65061.358308        1.012269
LBFGS:   34 12:35:56   -65061.438960        2.031799
LBFGS:   35 12:35:56   -65061.897977        2.135863
LBFGS:   36 12:35:56   -65062.186554        1.958062
LBFGS:   37 12:35:56   -65062.629112        1.929415
LBFGS:   38 12:35:56   -65062.762468        2.795942
LBFGS:   39 12:35:56   -65063.044582        1.642406
LBFGS:   40 12:35:56   -65063.380083        1.593830
LBFGS:   41 12:35:56   -65063.812087        1.366406
LBFGS:   42 12:35:56   -65064.274704        1.869848
LBFGS:   43 12:35:56   -65064.466850        3.402153
LBFGS:   44 12:35:56   -65064.654971        3.311334
LBFGS:   45 12:35:56   -65064.874134        2.751349
LBFGS:   46 12:35:56   -65065.390157        2.176132
LBFGS:   47 12:35:56   -65065.941651        3.663518
LBFGS:   48 12:35:56   -65065.940539        7.761538
LBFGS:   49 12:35:57   -65066.655756        3.896644
LBFGS:   50 12:35:57   -65067.240026        3.295614
LBFGS:   51 12:35:57   -65067.711221        1.602022
LBFGS:   52 12:35:57   -65068.101352        2.582976
LBFGS:   53 12:35:57   -65068.301169        1.381976
LBFGS:   54 12:35:57   -65068.581558        0.878793
LBFGS:   55 12:35:57   -65068.735154        1.237154
LBFGS:   56 12:35:57   -65068.880493        1.085151
LBFGS:   57 12:35:57   -65068.991439        0.561450
LBFGS:   58 12:35:57   -65069.055992        0.521315
LBFGS:   59 12:35:57   -65069.119667        0.703241
LBFGS:   60 12:35:57   -65069.190103        0.518769
LBFGS:   61 12:35:57   -65069.264656        0.661124
LBFGS:   62 12:35:57   -65069.377171        0.832616
LBFGS:   63 12:35:57   -65069.513650        0.833566
LBFGS:   64 12:35:57   -65069.640142        0.913831
LBFGS:   65 12:35:57   -65069.742637        0.560295
LBFGS:   66 12:35:57   -65069.851773        0.658815
LBFGS:   67 12:35:57   -65069.934050        0.719622
LBFGS:   68 12:35:57   -65070.037825        0.617839
LBFGS:   69 12:35:57   -65070.164057        0.751131
LBFGS:   70 12:35:57   -65070.274721        0.997014
LBFGS:   71 12:35:57   -65070.380560        0.789048
LBFGS:   72 12:35:57   -65070.499373        0.600982
LBFGS:   73 12:35:57   -65070.571640        0.913039
LBFGS:   74 12:35:57   -65070.672317        0.732392
LBFGS:   75 12:35:57   -65070.753356        0.771180
LBFGS:   76 12:35:57   -65070.845691        0.550593
LBFGS:   77 12:35:58   -65070.943728        0.659552
LBFGS:   78 12:35:58   -65071.028122        0.543929
LBFGS:   79 12:35:58   -65071.113259        0.613472
LBFGS:   80 12:35:58   -65071.192200        0.667532
LBFGS:   81 12:35:58   -65071.274119        0.623347
LBFGS:   82 12:35:58   -65071.351352        0.352651
LBFGS:   83 12:35:58   -65071.402612        0.397932
LBFGS:   84 12:35:58   -65071.450154        0.480141
LBFGS:   85 12:35:58   -65071.492243        0.401083
LBFGS:   86 12:35:58   -65071.539889        0.475459
LBFGS:   87 12:35:58   -65071.607482        0.581048
LBFGS:   88 12:35:58   -65071.706909        0.527474
LBFGS:   89 12:35:58   -65071.805010        0.492082
LBFGS:   90 12:35:58   -65071.850834        0.405497
LBFGS:   91 12:35:58   -65071.896326        0.331253
LBFGS:   92 12:35:58   -65071.930703        0.492361
LBFGS:   93 12:35:58   -65071.968536        0.512017
LBFGS:   94 12:35:58   -65072.004982        0.380644
LBFGS:   95 12:35:58   -65072.078856        0.366974
LBFGS:   96 12:35:58   -65072.125347        0.458824
LBFGS:   97 12:35:58   -65072.196171        0.546998
LBFGS:   98 12:35:58   -65072.270416        0.863318
LBFGS:   99 12:35:58   -65072.330804        0.437955
LBFGS:  100 12:35:58   -65072.372769        0.544224
LBFGS:  101 12:35:58   -65072.397689        0.879255
LBFGS:  102 12:35:58   -65072.464131        0.557148
LBFGS:  103 12:35:58   -65072.534563        0.626908
LBFGS:  104 12:35:59   -65072.623861        0.968713
LBFGS:  105 12:35:59   -65072.705991        0.619984
LBFGS:  106 12:35:59   -65072.774031        0.469042
LBFGS:  107 12:35:59   -65072.782854        1.123335
LBFGS:  108 12:35:59   -65072.855867        0.431974
LBFGS:  109 12:35:59   -65072.887607        0.469566
LBFGS:  110 12:35:59   -65072.929549        0.436703
LBFGS:  111 12:35:59   -65072.987448        0.510047
LBFGS:  112 12:35:59   -65073.047289        0.587855
LBFGS:  113 12:35:59   -65073.121691        0.409520
LBFGS:  114 12:35:59   -65073.224501        0.391337
LBFGS:  115 12:35:59   -65073.279316        0.304438
LBFGS:  116 12:35:59   -65073.319889        0.409901
LBFGS:  117 12:35:59   -65073.359871        0.432434
LBFGS:  118 12:35:59   -65073.406198        0.461588
LBFGS:  119 12:35:59   -65073.463713        0.514539
LBFGS:  120 12:35:59   -65073.536706        0.471824
LBFGS:  121 12:35:59   -65073.638422        0.794895
LBFGS:  122 12:35:59   -65073.701105        0.954411
LBFGS:  123 12:35:59   -65073.776920        1.206119
LBFGS:  124 12:35:59   -65073.860025        0.810825
LBFGS:  125 12:35:59   -65073.913883        0.702318
LBFGS:  126 12:35:59   -65073.971502        0.631641
LBFGS:  127 12:35:59   -65074.032351        0.390916
LBFGS:  128 12:35:59   -65074.079186        0.423905
LBFGS:  129 12:35:59   -65074.143158        0.539370
LBFGS:  130 12:35:59   -65074.197770        0.878510
LBFGS:  131 12:35:59   -65074.258644        0.470995
LBFGS:  132 12:36:00   -65074.322108        0.565316
LBFGS:  133 12:36:00   -65074.371986        0.766133
LBFGS:  134 12:36:00   -65074.426260        0.426781
LBFGS:  135 12:36:00   -65074.477334        0.373571
LBFGS:  136 12:36:00   -65074.535447        0.448713
LBFGS:  137 12:36:00   -65074.596887        0.430916
LBFGS:  138 12:36:00   -65074.642122        0.348269
LBFGS:  139 12:36:00   -65074.679709        0.540346
LBFGS:  140 12:36:00   -65074.717450        0.561319
LBFGS:  141 12:36:00   -65074.772005        0.409389
LBFGS:  142 12:36:00   -65074.829014        0.274624
LBFGS:  143 12:36:00   -65074.872913        0.300082
LBFGS:  144 12:36:00   -65074.900649        0.247499
LBFGS:  145 12:36:00   -65074.931395        0.338966
LBFGS:  146 12:36:00   -65074.968377        0.432094
LBFGS:  147 12:36:00   -65075.000095        0.262020
LBFGS:  148 12:36:00   -65075.034274        0.322900
LBFGS:  149 12:36:00   -65075.076217        0.471945
LBFGS:  150 12:36:00   -65075.130735        0.296097
LBFGS:  151 12:36:00   -65075.184694        0.416006
LBFGS:  152 12:36:00   -65075.232771        0.403500
LBFGS:  153 12:36:00   -65075.265847        0.452209
LBFGS:  154 12:36:00   -65075.299938        0.416216
LBFGS:  155 12:36:00   -65075.331966        0.342702
LBFGS:  156 12:36:00   -65075.381007        0.374911
LBFGS:  157 12:36:00   -65075.424420        0.421570
LBFGS:  158 12:36:00   -65075.471802        0.391708
LBFGS:  159 12:36:00   -65075.513900        0.351242
LBFGS:  160 12:36:01   -65075.551177        0.355441
LBFGS:  161 12:36:01   -65075.577190        0.441230
LBFGS:  162 12:36:01   -65075.596977        0.511331
LBFGS:  163 12:36:01   -65075.627052        0.361435
LBFGS:  164 12:36:01   -65075.655397        0.225696
LBFGS:  165 12:36:01   -65075.691763        0.203429
LBFGS:  166 12:36:01   -65075.721088        0.254800
LBFGS:  167 12:36:01   -65075.757051        0.303466
LBFGS:  168 12:36:01   -65075.789564        0.316979
LBFGS:  169 12:36:01   -65075.816670        0.304055
LBFGS:  170 12:36:01   -65075.843502        0.298332
LBFGS:  171 12:36:01   -65075.878008        0.337401
LBFGS:  172 12:36:01   -65075.916620        0.363612
LBFGS:  173 12:36:01   -65075.942666        0.337824
LBFGS:  174 12:36:01   -65075.965670        0.261596
LBFGS:  175 12:36:01   -65075.987246        0.220515
LBFGS:  176 12:36:01   -65076.017198        0.259071
LBFGS:  177 12:36:01   -65076.048586        0.218577
LBFGS:  178 12:36:01   -65076.077690        0.288138
LBFGS:  179 12:36:01   -65076.105016        0.221905
LBFGS:  180 12:36:01   -65076.127769        0.249525
LBFGS:  181 12:36:01   -65076.146623        0.209528
LBFGS:  182 12:36:01   -65076.166279        0.207074
LBFGS:  183 12:36:01   -65076.186684        0.236128
LBFGS:  184 12:36:01   -65076.206649        0.213880
LBFGS:  185 12:36:01   -65076.228839        0.251524
LBFGS:  186 12:36:01   -65076.250580        0.205961
LBFGS:  187 12:36:02   -65076.269528        0.251380
LBFGS:  188 12:36:02   -65076.287362        0.255187
LBFGS:  189 12:36:02   -65076.305722        0.270897
LBFGS:  190 12:36:02   -65076.327811        0.230954
LBFGS:  191 12:36:02   -65076.346539        0.256466
LBFGS:  192 12:36:02   -65076.367327        0.215519
LBFGS:  193 12:36:02   -65076.386826        0.398545
LBFGS:  194 12:36:02   -65076.403905        0.237882
LBFGS:  195 12:36:02   -65076.420471        0.201478
LBFGS:  196 12:36:02   -65076.446146        0.257726
LBFGS:  197 12:36:02   -65076.466414        0.337514
LBFGS:  198 12:36:02   -65076.488767        0.264994
LBFGS:  199 12:36:02   -65076.505772        0.297908
LBFGS:  200 12:36:02   -65076.520778        0.271266
       Step     Time          Energy          fmax
LBFGS:    0 12:36:07   -70562.463230       16.831929
LBFGS:    1 12:36:07   -70581.646038       15.732255
LBFGS:    2 12:36:07   -70599.135280        7.799979
LBFGS:    3 12:36:07   -70612.854425       11.091410
LBFGS:    4 12:36:07   -70624.966107        6.176017
LBFGS:    5 12:36:07   -70634.510749        6.261892
LBFGS:    6 12:36:07   -70642.653130        6.464254
LBFGS:    7 12:36:07   -70649.726397        7.004537
LBFGS:    8 12:36:07   -70656.313180        5.194627
LBFGS:    9 12:36:07   -70662.480130        4.932798
LBFGS:   10 12:36:07   -70667.420108        3.506487
LBFGS:   11 12:36:07   -70671.259880        3.886515
LBFGS:   12 12:36:07   -70673.776097        3.833925
LBFGS:   13 12:36:07   -70675.410005        3.390822
LBFGS:   14 12:36:07   -70676.716172        2.203293
LBFGS:   15 12:36:08   -70677.171432        8.128466
LBFGS:   16 12:36:08   -70678.182658        3.530231
LBFGS:   17 12:36:08   -70678.894439        2.057331
LBFGS:   18 12:36:08   -70679.292722        1.930565
LBFGS:   19 12:36:08   -70680.085583        2.892912
LBFGS:   20 12:36:08   -70680.652611        2.054315
LBFGS:   21 12:36:08   -70681.348394        2.366261
LBFGS:   22 12:36:08   -70681.698854        1.476905
LBFGS:   23 12:36:08   -70682.032896        2.903800
LBFGS:   24 12:36:08   -70682.378662        2.631885
LBFGS:   25 12:36:08   -70682.729514        1.778628
LBFGS:   26 12:36:08   -70683.185346        3.593355
LBFGS:   27 12:36:08   -70683.583395        2.005840
LBFGS:   28 12:36:08   -70684.054924        2.612772
LBFGS:   29 12:36:08   -70684.531858        2.181769
LBFGS:   30 12:36:08   -70684.833776        3.474885
LBFGS:   31 12:36:08   -70685.289298        2.539541
LBFGS:   32 12:36:08   -70685.664787        2.116086
LBFGS:   33 12:36:08   -70685.971518        2.202927
LBFGS:   34 12:36:08   -70686.156687        2.011840
LBFGS:   35 12:36:08   -70686.568332        1.765328
LBFGS:   36 12:36:08   -70686.803447        2.021736
LBFGS:   37 12:36:08   -70687.045645        1.997818
LBFGS:   38 12:36:08   -70687.379970        2.140521
LBFGS:   39 12:36:08   -70687.705838        1.254224
LBFGS:   40 12:36:08   -70687.947080        1.273080
LBFGS:   41 12:36:09   -70688.144567        1.639009
LBFGS:   42 12:36:09   -70688.380557        2.264714
LBFGS:   43 12:36:09   -70688.577852        2.933519
LBFGS:   44 12:36:09   -70688.911111        1.770106
LBFGS:   45 12:36:09   -70689.166499        1.057010
LBFGS:   46 12:36:09   -70689.381057        0.993624
LBFGS:   47 12:36:09   -70689.520061        1.259140
LBFGS:   48 12:36:09   -70689.676123        1.438271
LBFGS:   49 12:36:09   -70689.836396        1.030162
LBFGS:   50 12:36:09   -70690.024941        0.883448
LBFGS:   51 12:36:09   -70690.242173        1.407165
LBFGS:   52 12:36:09   -70690.480308        1.926225
LBFGS:   53 12:36:09   -70690.795982        1.544622
LBFGS:   54 12:36:09   -70691.058427        0.971210
LBFGS:   55 12:36:09   -70691.334304        1.422064
LBFGS:   56 12:36:09   -70691.394217        2.728031
LBFGS:   57 12:36:09   -70691.789894        1.296016
LBFGS:   58 12:36:09   -70692.005768        1.106041
LBFGS:   59 12:36:09   -70692.316410        2.099878
LBFGS:   60 12:36:09   -70692.519903        1.949914
LBFGS:   61 12:36:09   -70692.688953        3.321698
LBFGS:   62 12:36:09   -70692.950672        2.672346
LBFGS:   63 12:36:09   -70693.230582        1.280912
LBFGS:   64 12:36:09   -70693.499342        1.078895
LBFGS:   65 12:36:09   -70693.701328        1.454032
LBFGS:   66 12:36:10   -70693.823401        0.737750
LBFGS:   67 12:36:10   -70693.937377        0.612988
LBFGS:   68 12:36:10   -70694.063309        0.816295
LBFGS:   69 12:36:10   -70694.211715        0.762098
LBFGS:   70 12:36:10   -70694.339926        0.719110
LBFGS:   71 12:36:10   -70694.459030        0.815688
LBFGS:   72 12:36:10   -70694.580795        0.773916
LBFGS:   73 12:36:10   -70694.675266        0.928245
LBFGS:   74 12:36:10   -70694.752896        0.757586
LBFGS:   75 12:36:10   -70694.845314        0.733989
LBFGS:   76 12:36:10   -70695.060413        1.801474
LBFGS:   77 12:36:10   -70695.274775        2.385141
LBFGS:   78 12:36:10   -70695.487804        1.716034
LBFGS:   79 12:36:10   -70695.896488        1.968126
LBFGS:   80 12:36:10   -70696.096474        4.836936
LBFGS:   81 12:36:10   -70696.223491        3.225637
LBFGS:   82 12:36:10   -70696.620389        1.875601
LBFGS:   83 12:36:10   -70696.821378        1.189162
LBFGS:   84 12:36:10   -70697.021154        2.173605
LBFGS:   85 12:36:10   -70697.208841        1.340126
LBFGS:   86 12:36:10   -70697.344917        1.272037
LBFGS:   87 12:36:10   -70697.494366        0.796057
LBFGS:   88 12:36:10   -70697.639495        0.839299
LBFGS:   89 12:36:10   -70697.750016        1.064046
LBFGS:   90 12:36:10   -70697.870584        0.719774
LBFGS:   91 12:36:11   -70697.993161        0.862952
LBFGS:   92 12:36:11   -70698.136441        0.926326
LBFGS:   93 12:36:11   -70698.235777        0.626195
LBFGS:   94 12:36:11   -70698.322447        0.684478
LBFGS:   95 12:36:11   -70698.403026        0.708622
LBFGS:   96 12:36:11   -70698.515680        0.947559
LBFGS:   97 12:36:11   -70698.596416        0.657354
LBFGS:   98 12:36:11   -70698.676988        0.798363
LBFGS:   99 12:36:11   -70698.763035        0.626779
LBFGS:  100 12:36:11   -70698.843602        0.629176
LBFGS:  101 12:36:11   -70698.918288        0.367169
LBFGS:  102 12:36:11   -70699.001110        0.511388
LBFGS:  103 12:36:11   -70699.074953        0.634248
LBFGS:  104 12:36:11   -70699.132567        0.587806
LBFGS:  105 12:36:11   -70699.174680        0.969954
LBFGS:  106 12:36:11   -70699.223584        0.342320
LBFGS:  107 12:36:11   -70699.270210        0.416176
LBFGS:  108 12:36:11   -70699.314980        0.461763
LBFGS:  109 12:36:11   -70699.354634        0.469179
LBFGS:  110 12:36:11   -70699.395291        0.358504
LBFGS:  111 12:36:11   -70699.442349        0.455846
LBFGS:  112 12:36:11   -70699.494326        0.419238
LBFGS:  113 12:36:11   -70699.543906        0.379610
LBFGS:  114 12:36:11   -70699.582589        0.291937
LBFGS:  115 12:36:11   -70699.620680        0.434437
LBFGS:  116 12:36:12   -70699.662653        0.524897
LBFGS:  117 12:36:12   -70699.714000        0.411499
LBFGS:  118 12:36:12   -70699.766320        0.462976
LBFGS:  119 12:36:12   -70699.831327        0.534614
LBFGS:  120 12:36:12   -70699.892547        0.481692
LBFGS:  121 12:36:12   -70699.963741        0.424871
LBFGS:  122 12:36:12   -70700.028404        0.415584
LBFGS:  123 12:36:12   -70700.098071        0.553763
LBFGS:  124 12:36:12   -70700.145296        0.751473
LBFGS:  125 12:36:12   -70700.227604        0.419247
LBFGS:  126 12:36:12   -70700.305769        0.378591
LBFGS:  127 12:36:12   -70700.364833        0.375618
LBFGS:  128 12:36:12   -70700.442930        0.405065
LBFGS:  129 12:36:12   -70700.524981        0.508525
LBFGS:  130 12:36:12   -70700.587057        0.736702
LBFGS:  131 12:36:12   -70700.627750        0.786201
LBFGS:  132 12:36:12   -70700.653378        1.404783
LBFGS:  133 12:36:12   -70700.741378        0.444424
LBFGS:  134 12:36:12   -70700.802182        0.389610
LBFGS:  135 12:36:12   -70700.870167        0.620057
LBFGS:  136 12:36:12   -70700.930165        0.391001
LBFGS:  137 12:36:12   -70700.990021        0.393288
LBFGS:  138 12:36:12   -70701.064548        0.496973
LBFGS:  139 12:36:12   -70701.141994        0.465891
LBFGS:  140 12:36:13   -70701.199936        0.458860
LBFGS:  141 12:36:13   -70701.247563        0.820432
LBFGS:  142 12:36:13   -70701.303806        0.645211
LBFGS:  143 12:36:13   -70701.358044        0.370030
LBFGS:  144 12:36:13   -70701.428259        0.347644
LBFGS:  145 12:36:13   -70701.490291        0.500437
LBFGS:  146 12:36:13   -70701.565210        0.525409
LBFGS:  147 12:36:13   -70701.644385        0.522079
LBFGS:  148 12:36:13   -70701.700877        0.400111
LBFGS:  149 12:36:13   -70701.752729        0.530984
LBFGS:  150 12:36:13   -70701.800436        0.375171
LBFGS:  151 12:36:13   -70701.854560        0.320707
LBFGS:  152 12:36:13   -70701.909004        0.399562
LBFGS:  153 12:36:13   -70701.973766        0.389689
LBFGS:  154 12:36:13   -70702.058274        0.430657
LBFGS:  155 12:36:13   -70702.134449        0.492221
LBFGS:  156 12:36:13   -70702.193529        0.361750
LBFGS:  157 12:36:13   -70702.236737        0.433160
LBFGS:  158 12:36:13   -70702.284235        0.658748
LBFGS:  159 12:36:13   -70702.331103        0.757226
LBFGS:  160 12:36:13   -70702.390035        0.498314
LBFGS:  161 12:36:13   -70702.437312        0.503061
LBFGS:  162 12:36:13   -70702.504511        0.395408
LBFGS:  163 12:36:13   -70702.573224        0.422638
LBFGS:  164 12:36:13   -70702.624918        0.394418
LBFGS:  165 12:36:14   -70702.676657        0.402980
LBFGS:  166 12:36:14   -70702.716479        0.540163
LBFGS:  167 12:36:14   -70702.778180        0.311623
LBFGS:  168 12:36:14   -70702.829058        0.379849
LBFGS:  169 12:36:14   -70702.889952        0.336629
LBFGS:  170 12:36:14   -70702.944700        0.405185
LBFGS:  171 12:36:14   -70703.001399        0.438660
LBFGS:  172 12:36:14   -70703.048805        0.374012
LBFGS:  173 12:36:14   -70703.088804        0.323490
LBFGS:  174 12:36:14   -70703.127208        0.388403
LBFGS:  175 12:36:14   -70703.170327        0.341067
LBFGS:  176 12:36:14   -70703.209699        0.487150
LBFGS:  177 12:36:14   -70703.227796        0.828070
LBFGS:  178 12:36:14   -70703.280093        0.402076
LBFGS:  179 12:36:14   -70703.320518        0.411415
LBFGS:  180 12:36:14   -70703.356704        0.425762
LBFGS:  181 12:36:14   -70703.386633        0.319616
LBFGS:  182 12:36:14   -70703.417183        0.222873
LBFGS:  183 12:36:14   -70703.454613        0.233554
LBFGS:  184 12:36:14   -70703.499087        0.457397
LBFGS:  185 12:36:14   -70703.535993        0.497087
LBFGS:  186 12:36:14   -70703.582413        0.308675
LBFGS:  187 12:36:14   -70703.623644        0.271919
LBFGS:  188 12:36:14   -70703.660976        0.270965
LBFGS:  189 12:36:14   -70703.692129        0.331854
LBFGS:  190 12:36:15   -70703.731116        0.283984
LBFGS:  191 12:36:15   -70703.768767        0.743082
LBFGS:  192 12:36:15   -70703.811738        0.449114
LBFGS:  193 12:36:15   -70703.851446        0.794874
LBFGS:  194 12:36:15   -70703.899122        0.371068
LBFGS:  195 12:36:15   -70703.934326        0.239897
LBFGS:  196 12:36:15   -70703.962611        0.247258
LBFGS:  197 12:36:15   -70703.994870        0.221035
LBFGS:  198 12:36:15   -70704.028252        0.254047
LBFGS:  199 12:36:15   -70704.062128        0.246961
LBFGS:  200 12:36:15   -70704.095044        0.364229
       Step     Time          Energy          fmax
LBFGS:    0 12:36:36   -77591.776720        9.747852
LBFGS:    1 12:36:36   -77593.815145        5.779873
LBFGS:    2 12:36:36   -77596.173821        5.182690
LBFGS:    3 12:36:36   -77597.579246        3.095213
LBFGS:    4 12:36:36   -77598.229685        2.831217
LBFGS:    5 12:36:36   -77598.989002        2.567612
LBFGS:    6 12:36:36   -77599.675157        2.658398
LBFGS:    7 12:36:36   -77600.215593        1.890242
LBFGS:    8 12:36:36   -77600.493681        2.103256
LBFGS:    9 12:36:36   -77600.720493        2.607901
LBFGS:   10 12:36:36   -77600.967646        2.683249
LBFGS:   11 12:36:36   -77601.248789        1.598478
LBFGS:   12 12:36:37   -77601.403662        1.158423
LBFGS:   13 12:36:37   -77601.485045        0.781057
LBFGS:   14 12:36:37   -77601.624817        1.304918
LBFGS:   15 12:36:37   -77601.771090        1.180288
LBFGS:   16 12:36:37   -77601.851644        0.913464
LBFGS:   17 12:36:37   -77601.869616        1.409271
LBFGS:   18 12:36:37   -77601.950786        0.778487
LBFGS:   19 12:36:37   -77601.979149        0.567396
LBFGS:   20 12:36:37   -77602.020443        0.570376
LBFGS:   21 12:36:37   -77602.102589        1.093015
LBFGS:   22 12:36:37   -77602.147609        0.602357
LBFGS:   23 12:36:37   -77602.201055        0.523580
LBFGS:   24 12:36:37   -77602.235082        0.461058
LBFGS:   25 12:36:37   -77602.247636        0.537640
LBFGS:   26 12:36:37   -77602.277794        0.399463
LBFGS:   27 12:36:37   -77602.318885        0.592118
LBFGS:   28 12:36:37   -77602.359021        0.914014
LBFGS:   29 12:36:37   -77602.416908        1.174508
LBFGS:   30 12:36:37   -77602.483279        0.721173
LBFGS:   31 12:36:37   -77602.547535        0.497377
LBFGS:   32 12:36:37   -77602.550124        1.788005
LBFGS:   33 12:36:37   -77602.605499        0.716128
LBFGS:   34 12:36:37   -77602.629732        0.325675
LBFGS:   35 12:36:37   -77602.662565        0.367087
LBFGS:   36 12:36:38   -77602.686170        0.587410
LBFGS:   37 12:36:38   -77602.723657        0.667494
LBFGS:   38 12:36:38   -77602.780199        0.580500
LBFGS:   39 12:36:38   -77602.825863        0.474229
LBFGS:   40 12:36:38   -77602.846973        0.771593
LBFGS:   41 12:36:38   -77602.883816        0.573263
LBFGS:   42 12:36:38   -77602.925373        0.532058
LBFGS:   43 12:36:38   -77602.985604        1.197546
LBFGS:   44 12:36:38   -77602.992683        1.093490
LBFGS:   45 12:36:38   -77603.059862        0.476638
LBFGS:   46 12:36:38   -77603.090513        0.608494
LBFGS:   47 12:36:38   -77603.123421        0.590453
LBFGS:   48 12:36:38   -77603.168480        0.612568
LBFGS:   49 12:36:38   -77603.180437        0.753971
LBFGS:   50 12:36:38   -77603.204706        0.340984
LBFGS:   51 12:36:38   -77603.218443        0.242166
LBFGS:   52 12:36:38   -77603.236645        0.344904
LBFGS:   53 12:36:38   -77603.257638        0.434764
LBFGS:   54 12:36:38   -77603.295090        0.664543
LBFGS:   55 12:36:38   -77603.345844        0.720809
LBFGS:   56 12:36:38   -77603.409607        0.469367
LBFGS:   57 12:36:38   -77603.432978        0.662615
LBFGS:   58 12:36:38   -77603.433419        1.092729
LBFGS:   59 12:36:39   -77603.467706        0.360773
LBFGS:   60 12:36:39   -77603.477140        0.282732
LBFGS:   61 12:36:39   -77603.488085        0.332593
LBFGS:   62 12:36:39   -77603.499093        0.274852
LBFGS:   63 12:36:39   -77603.515774        0.511241
LBFGS:   64 12:36:39   -77603.546318        0.561801
LBFGS:   65 12:36:39   -77603.582560        0.725861
LBFGS:   66 12:36:39   -77603.612611        0.681199
LBFGS:   67 12:36:39   -77603.628919        0.744471
LBFGS:   68 12:36:39   -77603.648098        0.556502
LBFGS:   69 12:36:39   -77603.664945        0.250256
LBFGS:   70 12:36:39   -77603.682279        0.530578
LBFGS:   71 12:36:39   -77603.700798        0.632721
LBFGS:   72 12:36:39   -77603.731200        0.514053
LBFGS:   73 12:36:39   -77603.757589        0.819735
LBFGS:   74 12:36:39   -77603.794472        0.795423
LBFGS:   75 12:36:39   -77603.794771        1.423534
LBFGS:   76 12:36:39   -77603.841957        0.325211
LBFGS:   77 12:36:39   -77603.857440        0.227180
LBFGS:   78 12:36:39   -77603.874651        0.563086
LBFGS:   79 12:36:39   -77603.887932        0.357969
LBFGS:   80 12:36:39   -77603.907587        0.538508
LBFGS:   81 12:36:39   -77603.927843        0.623274
LBFGS:   82 12:36:39   -77603.946949        0.629672
LBFGS:   83 12:36:40   -77603.971335        0.518996
LBFGS:   84 12:36:40   -77603.999387        0.509749
LBFGS:   85 12:36:40   -77604.017405        0.402096
LBFGS:   86 12:36:40   -77604.035942        0.499345
LBFGS:   87 12:36:40   -77604.052416        0.337715
LBFGS:   88 12:36:40   -77604.064312        0.887886
LBFGS:   89 12:36:40   -77604.085482        0.260652
LBFGS:   90 12:36:40   -77604.098130        0.276163
LBFGS:   91 12:36:40   -77604.117839        0.447179
LBFGS:   92 12:36:40   -77604.130111        0.491121
LBFGS:   93 12:36:40   -77604.143976        0.336987
LBFGS:   94 12:36:40   -77604.150889        0.211056
LBFGS:   95 12:36:40   -77604.154955        0.176435
LBFGS:   96 12:36:40   -77604.159373        0.201075
LBFGS:   97 12:36:40   -77604.167020        0.192247
LBFGS:   98 12:36:40   -77604.175283        0.338254
LBFGS:   99 12:36:40   -77604.183122        0.340207
LBFGS:  100 12:36:40   -77604.191136        0.201748
LBFGS:  101 12:36:40   -77604.195314        0.224104
LBFGS:  102 12:36:40   -77604.198336        0.169729
LBFGS:  103 12:36:40   -77604.201623        0.212158
LBFGS:  104 12:36:40   -77604.205516        0.158187
LBFGS:  105 12:36:40   -77604.208225        0.181171
LBFGS:  106 12:36:41   -77604.213213        0.189954
LBFGS:  107 12:36:41   -77604.217735        0.178349
LBFGS:  108 12:36:41   -77604.221873        0.167200
LBFGS:  109 12:36:41   -77604.226338        0.177086
LBFGS:  110 12:36:41   -77604.230984        0.216337
LBFGS:  111 12:36:41   -77604.236549        0.234889
LBFGS:  112 12:36:41   -77604.243602        0.265444
LBFGS:  113 12:36:41   -77604.251361        0.221141
LBFGS:  114 12:36:41   -77604.257799        0.211083
LBFGS:  115 12:36:41   -77604.264261        0.232309
LBFGS:  116 12:36:41   -77604.270486        0.266160
LBFGS:  117 12:36:41   -77604.276570        0.485011
LBFGS:  118 12:36:41   -77604.293668        0.383652
LBFGS:  119 12:36:41   -77604.311170        0.423170
LBFGS:  120 12:36:41   -77604.329859        0.463013
LBFGS:  121 12:36:41   -77604.321185        0.817913
LBFGS:  122 12:36:41   -77604.346756        0.295081
LBFGS:  123 12:36:41   -77604.351674        0.264327
LBFGS:  124 12:36:41   -77604.357052        0.226821
LBFGS:  125 12:36:41   -77604.361996        0.161547
LBFGS:  126 12:36:41   -77604.364141        0.123749
LBFGS:  127 12:36:41   -77604.366470        0.112072
LBFGS:  128 12:36:41   -77604.368997        0.153017
LBFGS:  129 12:36:42   -77604.371930        0.207396
LBFGS:  130 12:36:42   -77604.378946        0.196351
LBFGS:  131 12:36:42   -77604.386082        0.331207
LBFGS:  132 12:36:42   -77604.389115        0.378844
LBFGS:  133 12:36:42   -77604.390805        0.573573
LBFGS:  134 12:36:42   -77604.399497        0.179387
LBFGS:  135 12:36:42   -77604.403101        0.137065
LBFGS:  136 12:36:42   -77604.408322        0.233358
LBFGS:  137 12:36:42   -77604.413834        0.197154
LBFGS:  138 12:36:42   -77604.416683        0.170663
LBFGS:  139 12:36:42   -77604.420172        0.143006
LBFGS:  140 12:36:42   -77604.424246        0.220528
LBFGS:  141 12:36:42   -77604.427052        0.181482
LBFGS:  142 12:36:42   -77604.429855        0.247970
LBFGS:  143 12:36:42   -77604.433609        0.231517
LBFGS:  144 12:36:42   -77604.437514        0.187477
LBFGS:  145 12:36:42   -77604.441352        0.114977
LBFGS:  146 12:36:42   -77604.443670        0.146379
LBFGS:  147 12:36:42   -77604.446807        0.143378
LBFGS:  148 12:36:42   -77604.450176        0.125121
LBFGS:  149 12:36:42   -77604.453865        0.163113
LBFGS:  150 12:36:42   -77604.457893        0.165543
LBFGS:  151 12:36:42   -77604.461195        0.143455
LBFGS:  152 12:36:43   -77604.464070        0.106499
LBFGS:  153 12:36:43   -77604.466242        0.101861
LBFGS:  154 12:36:43   -77604.469145        0.105763
LBFGS:  155 12:36:43   -77604.470767        0.106567
LBFGS:  156 12:36:43   -77604.472272        0.119745
LBFGS:  157 12:36:43   -77604.473618        0.163473
LBFGS:  158 12:36:43   -77604.475379        0.174484
LBFGS:  159 12:36:43   -77604.477611        0.176825
LBFGS:  160 12:36:43   -77604.480291        0.120350
LBFGS:  161 12:36:43   -77604.482171        0.073523
LBFGS:  162 12:36:43   -77604.483277        0.108939
LBFGS:  163 12:36:43   -77604.484131        0.128047
LBFGS:  164 12:36:43   -77604.485001        0.124783
LBFGS:  165 12:36:43   -77604.485878        0.088387
LBFGS:  166 12:36:43   -77604.486868        0.097967
LBFGS:  167 12:36:43   -77604.488000        0.084281
LBFGS:  168 12:36:43   -77604.489052        0.083460
LBFGS:  169 12:36:43   -77604.489810        0.053943
LBFGS:  170 12:36:43   -77604.490338        0.052695
LBFGS:  171 12:36:43   -77604.490920        0.060363
LBFGS:  172 12:36:43   -77604.491615        0.046803
LBFGS:  173 12:36:43   -77604.492300        0.061475
LBFGS:  174 12:36:43   -77604.492967        0.063155
LBFGS:  175 12:36:44   -77604.493813        0.103695
LBFGS:  176 12:36:44   -77604.495142        0.146263
LBFGS:  177 12:36:44   -77604.497175        0.161338
LBFGS:  178 12:36:44   -77604.499718        0.147859
LBFGS:  179 12:36:44   -77604.502672        0.123059
LBFGS:  180 12:36:44   -77604.504631        0.193984
LBFGS:  181 12:36:44   -77604.505593        0.112477
LBFGS:  182 12:36:44   -77604.506685        0.061692
LBFGS:  183 12:36:44   -77604.507476        0.099626
LBFGS:  184 12:36:44   -77604.507969        0.045666
LBFGS:  185 12:36:44   -77604.508420        0.032874
LBFGS:  186 12:36:44   -77604.508997        0.051656
LBFGS:  187 12:36:44   -77604.509758        0.083109
LBFGS:  188 12:36:44   -77604.510707        0.085006
LBFGS:  189 12:36:44   -77604.511939        0.098995
LBFGS:  190 12:36:44   -77604.513557        0.119297
LBFGS:  191 12:36:44   -77604.515162        0.131483
LBFGS:  192 12:36:44   -77604.516634        0.088207
LBFGS:  193 12:36:44   -77604.517843        0.061902
LBFGS:  194 12:36:44   -77604.518896        0.070876
LBFGS:  195 12:36:44   -77604.519670        0.058459
LBFGS:  196 12:36:44   -77604.520622        0.060067
LBFGS:  197 12:36:44   -77604.521774        0.067738
LBFGS:  198 12:36:44   -77604.523196        0.074980
LBFGS:  199 12:36:45   -77604.524949        0.107281
LBFGS:  200 12:36:45   -77604.526336        0.150119
       Step     Time          Energy          fmax
LBFGS:    0 12:37:06   -83185.972889       16.070601
LBFGS:    1 12:37:06   -83190.619316       13.155435
LBFGS:    2 12:37:06   -83195.126741       15.335198
LBFGS:    3 12:37:06   -83200.154039        7.841658
LBFGS:    4 12:37:06   -83203.263013        7.078343
LBFGS:    5 12:37:06   -83206.302569        6.789362
LBFGS:    6 12:37:06   -83209.063744        7.498987
LBFGS:    7 12:37:06   -83211.403867        5.662473
LBFGS:    8 12:37:07   -83213.665518        4.762629
LBFGS:    9 12:37:07   -83215.451446        3.307575
LBFGS:   10 12:37:07   -83216.658968        4.193006
LBFGS:   11 12:37:07   -83217.489762        5.136573
LBFGS:   12 12:37:07   -83218.686485        4.255450
LBFGS:   13 12:37:07   -83219.510867        4.960509
LBFGS:   14 12:37:07   -83219.821442        2.010789
LBFGS:   15 12:37:07   -83219.942379        2.677504
LBFGS:   16 12:37:07   -83220.053896        2.466289
LBFGS:   17 12:37:07   -83220.403440        1.852442
LBFGS:   18 12:37:07   -83220.561183        1.655990
LBFGS:   19 12:37:07   -83220.737698        0.930230
LBFGS:   20 12:37:07   -83220.827192        0.804188
LBFGS:   21 12:37:07   -83220.938230        1.255619
LBFGS:   22 12:37:07   -83221.004261        1.166367
LBFGS:   23 12:37:07   -83221.091787        0.855972
LBFGS:   24 12:37:07   -83221.208793        0.776665
LBFGS:   25 12:37:08   -83221.330357        1.065119
LBFGS:   26 12:37:08   -83221.475489        1.537439
LBFGS:   27 12:37:08   -83221.608402        1.507984
LBFGS:   28 12:37:08   -83221.629422        3.125237
LBFGS:   29 12:37:08   -83221.826604        1.783432
LBFGS:   30 12:37:08   -83221.931865        1.215243
LBFGS:   31 12:37:08   -83222.197893        2.202461
LBFGS:   32 12:37:08   -83222.310396        0.921451
LBFGS:   33 12:37:08   -83222.448502        0.870257
LBFGS:   34 12:37:08   -83222.586781        0.979662
LBFGS:   35 12:37:08   -83222.654858        0.783750
LBFGS:   36 12:37:08   -83222.742850        1.194567
LBFGS:   37 12:37:08   -83222.785164        1.138557
LBFGS:   38 12:37:08   -83222.834266        1.011674
LBFGS:   39 12:37:08   -83222.877705        0.696515
LBFGS:   40 12:37:08   -83222.929332        0.737630
LBFGS:   41 12:37:09   -83222.987185        1.210057
LBFGS:   42 12:37:09   -83223.055310        1.490896
LBFGS:   43 12:37:09   -83223.106732        0.617684
LBFGS:   44 12:37:09   -83223.139800        0.757219
LBFGS:   45 12:37:09   -83223.164729        1.553323
LBFGS:   46 12:37:09   -83223.204618        1.471268
LBFGS:   47 12:37:09   -83223.262367        0.814957
LBFGS:   48 12:37:09   -83223.317842        0.569366
LBFGS:   49 12:37:09   -83223.382619        0.732128
LBFGS:   50 12:37:09   -83223.438853        1.066642
LBFGS:   51 12:37:09   -83223.457344        1.301288
LBFGS:   52 12:37:09   -83223.550558        0.606808
LBFGS:   53 12:37:09   -83223.593198        0.668776
LBFGS:   54 12:37:09   -83223.683644        0.694111
LBFGS:   55 12:37:09   -83223.732991        0.658499
LBFGS:   56 12:37:09   -83223.834015        0.483269
LBFGS:   57 12:37:09   -83223.880758        0.515301
LBFGS:   58 12:37:10   -83223.909256        0.441713
LBFGS:   59 12:37:10   -83223.946692        0.490270
LBFGS:   60 12:37:10   -83223.969339        0.563566
LBFGS:   61 12:37:10   -83224.008834        0.518505
LBFGS:   62 12:37:10   -83224.086491        0.419562
LBFGS:   63 12:37:10   -83224.142947        0.485807
LBFGS:   64 12:37:10   -83224.241509        0.924093
LBFGS:   65 12:37:10   -83224.362409        1.248543
LBFGS:   66 12:37:10   -83224.493954        2.049988
LBFGS:   67 12:37:10   -83224.895159        2.430339
LBFGS:   68 12:37:10   -83225.310768        2.094169
LBFGS:   69 12:37:10   -83225.782193        1.499910
LBFGS:   70 12:37:10   -83225.655546        2.281628
LBFGS:   71 12:37:10   -83225.700579        4.695533
LBFGS:   72 12:37:10   -83225.912725        2.730290
LBFGS:   73 12:37:10   -83226.221572        1.091818
LBFGS:   74 12:37:10   -83226.290751        0.937420
LBFGS:   75 12:37:11   -83226.376886        1.217845
LBFGS:   76 12:37:11   -83226.432433        2.890658
LBFGS:   77 12:37:11   -83226.545904        0.664992
LBFGS:   78 12:37:11   -83226.600795        0.507657
LBFGS:   79 12:37:11   -83226.671165        1.798617
LBFGS:   80 12:37:11   -83226.704996        0.466648
LBFGS:   81 12:37:11   -83226.736166        0.437223
LBFGS:   82 12:37:11   -83226.775931        3.644476
LBFGS:   83 12:37:11   -83226.888265        1.013915
LBFGS:   84 12:37:11   -83226.940782        0.971427
LBFGS:   85 12:37:11   -83227.018017        1.329628
LBFGS:   86 12:37:11   -83227.111515        1.107158
LBFGS:   87 12:37:11   -83227.185742        0.855684
LBFGS:   88 12:37:11   -83227.254856        1.339024
LBFGS:   89 12:37:11   -83227.193486        2.479018
LBFGS:   90 12:37:11   -83227.309772        0.844199
LBFGS:   91 12:37:11   -83227.334735        0.927863
LBFGS:   92 12:37:12   -83227.373708        0.508890
LBFGS:   93 12:37:12   -83227.454364        0.951520
LBFGS:   94 12:37:12   -83227.489107        1.038021
LBFGS:   95 12:37:12   -83227.527851        0.569084
LBFGS:   96 12:37:12   -83227.556837        0.562938
LBFGS:   97 12:37:12   -83227.588469        0.614934
LBFGS:   98 12:37:12   -83227.604584        0.778519
LBFGS:   99 12:37:12   -83227.635286        0.444962
LBFGS:  100 12:37:12   -83227.662022        0.486154
LBFGS:  101 12:37:12   -83227.695175        0.453801
LBFGS:  102 12:37:12   -83227.720777        0.564410
LBFGS:  103 12:37:12   -83227.748543        0.326344
LBFGS:  104 12:37:12   -83227.778757        0.426425
LBFGS:  105 12:37:12   -83227.802995        0.427259
LBFGS:  106 12:37:12   -83227.819886        0.345395
LBFGS:  107 12:37:12   -83227.835889        0.508151
LBFGS:  108 12:37:13   -83227.853992        0.424878
LBFGS:  109 12:37:13   -83227.878971        0.360294
LBFGS:  110 12:37:13   -83227.905266        0.289647
LBFGS:  111 12:37:13   -83227.927125        0.293272
LBFGS:  112 12:37:13   -83227.947320        0.352148
LBFGS:  113 12:37:13   -83227.963875        0.674913
LBFGS:  114 12:37:13   -83227.981220        0.502582
LBFGS:  115 12:37:13   -83227.999640        0.386125
LBFGS:  116 12:37:13   -83228.016743        0.282667
LBFGS:  117 12:37:13   -83228.027482        0.295515
LBFGS:  118 12:37:13   -83228.046172        0.328374
LBFGS:  119 12:37:13   -83228.063836        0.317702
LBFGS:  120 12:37:13   -83228.083512        0.352122
LBFGS:  121 12:37:13   -83228.100954        0.331332
LBFGS:  122 12:37:13   -83228.119928        0.334996
LBFGS:  123 12:37:13   -83228.136322        0.241787
LBFGS:  124 12:37:13   -83228.148710        0.248565
LBFGS:  125 12:37:14   -83228.161476        0.170750
LBFGS:  126 12:37:14   -83228.171564        0.165300
LBFGS:  127 12:37:14   -83228.180578        0.225808
LBFGS:  128 12:37:14   -83228.190061        0.238024
LBFGS:  129 12:37:14   -83228.201119        0.234888
LBFGS:  130 12:37:14   -83228.212500        0.239371
LBFGS:  131 12:37:14   -83228.227988        0.272841
LBFGS:  132 12:37:14   -83228.245828        0.325518
LBFGS:  133 12:37:14   -83228.266454        0.328813
LBFGS:  134 12:37:14   -83228.280987        0.282438
LBFGS:  135 12:37:14   -83228.296244        0.209258
LBFGS:  136 12:37:14   -83228.306781        0.454827
LBFGS:  137 12:37:14   -83228.320796        0.292567
LBFGS:  138 12:37:14   -83228.337833        0.275419
LBFGS:  139 12:37:14   -83228.363419        0.647906
LBFGS:  140 12:37:14   -83228.389822        0.499041
LBFGS:  141 12:37:14   -83228.420399        0.474853
LBFGS:  142 12:37:15   -83228.428765        0.583111
LBFGS:  143 12:37:15   -83228.448675        0.612759
LBFGS:  144 12:37:15   -83228.469389        0.409608
LBFGS:  145 12:37:15   -83228.482611        0.276593
LBFGS:  146 12:37:15   -83228.502423        0.366934
LBFGS:  147 12:37:15   -83228.525470        0.440493
LBFGS:  148 12:37:15   -83228.549473        0.333865
LBFGS:  149 12:37:15   -83228.582431        0.689935
LBFGS:  150 12:37:15   -83228.626007        0.856299
LBFGS:  151 12:37:15   -83228.579946        1.972274
LBFGS:  152 12:37:15   -83228.642353        1.064829
LBFGS:  153 12:37:15   -83228.660359        1.166086
LBFGS:  154 12:37:15   -83228.696537        0.242205
LBFGS:  155 12:37:15   -83228.709292        0.321748
LBFGS:  156 12:37:15   -83228.726294        0.495487
LBFGS:  157 12:37:15   -83228.759270        0.545488
LBFGS:  158 12:37:16   -83228.788444        0.443186
LBFGS:  159 12:37:16   -83228.822339        0.312234
LBFGS:  160 12:37:16   -83228.859308        0.495497
LBFGS:  161 12:37:16   -83228.876902        1.187605
LBFGS:  162 12:37:16   -83228.890304        0.853492
LBFGS:  163 12:37:16   -83228.925830        0.599835
LBFGS:  164 12:37:16   -83228.947538        0.390375
LBFGS:  165 12:37:16   -83228.976303        0.453655
LBFGS:  166 12:37:16   -83229.008712        0.559877
LBFGS:  167 12:37:16   -83229.029943        0.389386
LBFGS:  168 12:37:16   -83229.060539        0.379407
LBFGS:  169 12:37:16   -83229.083650        0.500592
LBFGS:  170 12:37:16   -83229.097724        0.364388
LBFGS:  171 12:37:16   -83229.114279        0.212172
LBFGS:  172 12:37:16   -83229.132998        0.501099
LBFGS:  173 12:37:16   -83229.138400        0.376212
LBFGS:  174 12:37:16   -83229.153503        0.276962
LBFGS:  175 12:37:17   -83229.163796        0.271079
LBFGS:  176 12:37:17   -83229.173079        0.248814
LBFGS:  177 12:37:17   -83229.182494        0.191360
LBFGS:  178 12:37:17   -83229.190350        0.226137
LBFGS:  179 12:37:17   -83229.198254        0.177329
LBFGS:  180 12:37:17   -83229.204755        0.346713
LBFGS:  181 12:37:17   -83229.214411        0.267909
LBFGS:  182 12:37:17   -83229.224865        0.202134
LBFGS:  183 12:37:17   -83229.232358        0.205657
LBFGS:  184 12:37:17   -83229.237461        0.172653
LBFGS:  185 12:37:17   -83229.241952        0.183748
LBFGS:  186 12:37:17   -83229.246430        0.300905
LBFGS:  187 12:37:17   -83229.250822        0.195198
LBFGS:  188 12:37:17   -83229.256332        0.160622
LBFGS:  189 12:37:17   -83229.265925        0.144305
LBFGS:  190 12:37:17   -83229.270463        0.146310
LBFGS:  191 12:37:17   -83229.276882        0.178637
LBFGS:  192 12:37:17   -83229.282732        0.154571
LBFGS:  193 12:37:17   -83229.287845        0.181206
LBFGS:  194 12:37:17   -83229.291847        0.123609
LBFGS:  195 12:37:17   -83229.295528        0.104057
LBFGS:  196 12:37:18   -83229.299522        0.158918
LBFGS:  197 12:37:18   -83229.303993        0.169921
LBFGS:  198 12:37:18   -83229.309414        0.174606
LBFGS:  199 12:37:18   -83229.314673        0.136358
LBFGS:  200 12:37:18   -83229.320391        0.133503
       Step     Time          Energy          fmax
LBFGS:    0 12:37:39   -88770.504467       16.152905
LBFGS:    1 12:37:39   -88781.269517       12.790565
LBFGS:    2 12:37:39   -88791.565713       17.571010
LBFGS:    3 12:37:39   -88799.980349        5.874131
LBFGS:    4 12:37:39   -88807.000738        6.421742
LBFGS:    5 12:37:39   -88812.833051        6.610618
LBFGS:    6 12:37:39   -88817.403452        6.803329
LBFGS:    7 12:37:39   -88822.298788        5.560566
LBFGS:    8 12:37:39   -88826.572567        5.931629
LBFGS:    9 12:37:39   -88829.928017        7.731385
LBFGS:   10 12:37:39   -88832.283109        5.441137
LBFGS:   11 12:37:39   -88834.341630        5.334785
LBFGS:   12 12:37:39   -88836.327185        2.768485
LBFGS:   13 12:37:40   -88837.978584        3.065784
LBFGS:   14 12:37:40   -88839.179366        2.867898
LBFGS:   15 12:37:40   -88839.982165        6.316314
LBFGS:   16 12:37:40   -88840.837591        2.198905
LBFGS:   17 12:37:40   -88841.504533        2.439577
LBFGS:   18 12:37:40   -88842.238393        2.674495
LBFGS:   19 12:37:40   -88842.883316        2.668852
LBFGS:   20 12:37:40   -88843.232272        1.556329
LBFGS:   21 12:37:40   -88843.535049        2.239010
LBFGS:   22 12:37:40   -88843.920023        3.234856
LBFGS:   23 12:37:40   -88844.482197        1.852379
LBFGS:   24 12:37:40   -88844.773113        1.826154
LBFGS:   25 12:37:40   -88844.971412        1.582887
LBFGS:   26 12:37:40   -88845.256790        1.583500
LBFGS:   27 12:37:40   -88845.578445        1.802622
LBFGS:   28 12:37:40   -88845.836120        1.720702
LBFGS:   29 12:37:40   -88846.071749        1.756773
LBFGS:   30 12:37:40   -88846.364042        1.928113
LBFGS:   31 12:37:40   -88846.594335        2.116117
LBFGS:   32 12:37:40   -88846.976935        3.055320
LBFGS:   33 12:37:40   -88847.263482        2.690186
LBFGS:   34 12:37:41   -88847.358175        2.601192
LBFGS:   35 12:37:41   -88847.499937        1.080676
LBFGS:   36 12:37:41   -88847.604692        1.145781
LBFGS:   37 12:37:41   -88847.762985        2.333702
LBFGS:   38 12:37:41   -88848.007583        3.147844
LBFGS:   39 12:37:41   -88848.258998        3.135311
LBFGS:   40 12:37:41   -88848.481865        2.111185
LBFGS:   41 12:37:41   -88848.699272        1.523554
LBFGS:   42 12:37:41   -88848.893261        1.470441
LBFGS:   43 12:37:41   -88849.068395        1.645715
LBFGS:   44 12:37:41   -88849.164979        4.566265
LBFGS:   45 12:37:41   -88849.486160        1.469391
LBFGS:   46 12:37:41   -88849.690060        1.440165
LBFGS:   47 12:37:41   -88850.077761        2.483065
LBFGS:   48 12:37:41   -88850.374924        2.713099
LBFGS:   49 12:37:41   -88850.653901        3.303981
LBFGS:   50 12:37:41   -88851.026809        3.038063
LBFGS:   51 12:37:41   -88851.383545        3.090115
LBFGS:   52 12:37:41   -88851.771070        3.461738
LBFGS:   53 12:37:41   -88852.172370        3.477458
LBFGS:   54 12:37:41   -88852.673843        3.640572
LBFGS:   55 12:37:42   -88852.913272        3.514471
LBFGS:   56 12:37:42   -88853.370330        2.090641
LBFGS:   57 12:37:42   -88853.647048        2.045217
LBFGS:   58 12:37:42   -88853.866785        1.939316
LBFGS:   59 12:37:42   -88854.016906        1.510329
LBFGS:   60 12:37:42   -88854.175629        1.064640
LBFGS:   61 12:37:42   -88854.291296        0.759673
LBFGS:   62 12:37:42   -88854.422908        0.756131
LBFGS:   63 12:37:42   -88854.533105        1.008239
LBFGS:   64 12:37:42   -88854.669189        1.034040
LBFGS:   65 12:37:42   -88854.796304        0.861949
LBFGS:   66 12:37:42   -88854.888836        0.925667
LBFGS:   67 12:37:42   -88854.964783        0.777545
LBFGS:   68 12:37:42   -88855.065553        0.881050
LBFGS:   69 12:37:42   -88855.138775        1.003534
LBFGS:   70 12:37:42   -88855.179134        1.398890
LBFGS:   71 12:37:42   -88855.280207        1.036050
LBFGS:   72 12:37:42   -88855.354867        0.993171
LBFGS:   73 12:37:42   -88855.474024        0.967207
LBFGS:   74 12:37:42   -88855.562589        0.731906
LBFGS:   75 12:37:42   -88855.649260        0.666763
LBFGS:   76 12:37:43   -88855.696483        1.855941
LBFGS:   77 12:37:43   -88855.800924        1.571266
LBFGS:   78 12:37:43   -88855.896835        0.586045
LBFGS:   79 12:37:43   -88855.933680        1.542043
LBFGS:   80 12:37:43   -88856.012514        1.146898
LBFGS:   81 12:37:43   -88856.075710        0.866136
LBFGS:   82 12:37:43   -88856.174081        0.946848
LBFGS:   83 12:37:43   -88856.262256        0.813386
LBFGS:   84 12:37:43   -88856.328920        0.650331
LBFGS:   85 12:37:43   -88856.374687        0.786442
LBFGS:   86 12:37:43   -88856.452142        1.359554
LBFGS:   87 12:37:43   -88856.469450        1.579728
LBFGS:   88 12:37:43   -88856.564273        0.961429
LBFGS:   89 12:37:43   -88856.613707        0.427456
LBFGS:   90 12:37:43   -88856.686743        0.726916
LBFGS:   91 12:37:43   -88856.732442        0.745673
LBFGS:   92 12:37:43   -88856.798534        0.491951
LBFGS:   93 12:37:43   -88856.835743        0.460746
LBFGS:   94 12:37:43   -88856.890458        0.502186
LBFGS:   95 12:37:43   -88856.943699        0.499973
LBFGS:   96 12:37:44   -88856.995965        0.493140
LBFGS:   97 12:37:44   -88857.010095        1.619977
LBFGS:   98 12:37:44   -88857.080450        0.518669
LBFGS:   99 12:37:44   -88857.116244        0.296831
LBFGS:  100 12:37:44   -88857.162693        0.495445
LBFGS:  101 12:37:44   -88857.198052        0.621324
LBFGS:  102 12:37:44   -88857.260302        0.714285
LBFGS:  103 12:37:44   -88857.327985        0.655499
LBFGS:  104 12:37:44   -88857.376729        0.473605
LBFGS:  105 12:37:44   -88857.405294        0.518629
LBFGS:  106 12:37:44   -88857.430997        0.415303
LBFGS:  107 12:37:44   -88857.464006        0.557343
LBFGS:  108 12:37:44   -88857.499323        0.444193
LBFGS:  109 12:37:44   -88857.544238        0.452335
LBFGS:  110 12:37:44   -88857.582516        0.395743
LBFGS:  111 12:37:44   -88857.626227        0.566265
LBFGS:  112 12:37:44   -88857.672479        0.521819
LBFGS:  113 12:37:44   -88857.709846        0.414931
LBFGS:  114 12:37:44   -88857.732118        0.399568
LBFGS:  115 12:37:44   -88857.751913        0.414694
LBFGS:  116 12:37:44   -88857.785770        0.344918
LBFGS:  117 12:37:45   -88857.823218        0.335598
LBFGS:  118 12:37:45   -88857.865849        0.353262
LBFGS:  119 12:37:45   -88857.900656        0.387831
LBFGS:  120 12:37:45   -88857.927382        0.393238
LBFGS:  121 12:37:45   -88857.946311        0.339156
LBFGS:  122 12:37:45   -88857.965927        0.291639
LBFGS:  123 12:37:45   -88857.985088        0.288902
LBFGS:  124 12:37:45   -88858.002873        0.304364
LBFGS:  125 12:37:45   -88858.020765        0.221512
LBFGS:  126 12:37:45   -88858.040399        0.293553
LBFGS:  127 12:37:45   -88858.062381        0.352863
LBFGS:  128 12:37:45   -88858.083767        0.297396
LBFGS:  129 12:37:45   -88858.105181        0.263417
LBFGS:  130 12:37:45   -88858.122058        0.313188
LBFGS:  131 12:37:45   -88858.137263        0.223238
LBFGS:  132 12:37:45   -88858.153012        0.220992
LBFGS:  133 12:37:45   -88858.176545        0.257458
LBFGS:  134 12:37:45   -88858.201077        0.307398
LBFGS:  135 12:37:45   -88858.228853        0.360117
LBFGS:  136 12:37:45   -88858.254796        0.340827
LBFGS:  137 12:37:45   -88858.279994        0.306012
LBFGS:  138 12:37:46   -88858.306121        0.315517
LBFGS:  139 12:37:46   -88858.328074        0.450797
LBFGS:  140 12:37:46   -88858.341529        0.355198
LBFGS:  141 12:37:46   -88858.362323        0.227822
LBFGS:  142 12:37:46   -88858.376669        0.252586
LBFGS:  143 12:37:46   -88858.388753        0.164637
LBFGS:  144 12:37:46   -88858.401465        0.218645
LBFGS:  145 12:37:46   -88858.413589        0.189962
LBFGS:  146 12:37:46   -88858.426941        0.207793
LBFGS:  147 12:37:46   -88858.445944        0.251545
LBFGS:  148 12:37:46   -88858.469680        0.323153
LBFGS:  149 12:37:46   -88858.500089        0.334615
LBFGS:  150 12:37:46   -88858.527366        0.274127
LBFGS:  151 12:37:46   -88858.548378        0.250595
LBFGS:  152 12:37:46   -88858.565229        0.260950
LBFGS:  153 12:37:46   -88858.585629        0.206197
LBFGS:  154 12:37:46   -88858.608085        0.232765
LBFGS:  155 12:37:46   -88858.624173        0.222642
LBFGS:  156 12:37:46   -88858.636974        0.211467
LBFGS:  157 12:37:46   -88858.647998        0.205092
LBFGS:  158 12:37:47   -88858.658558        0.197642
LBFGS:  159 12:37:47   -88858.671009        0.166105
LBFGS:  160 12:37:47   -88858.683110        0.162511
LBFGS:  161 12:37:47   -88858.695828        0.183470
LBFGS:  162 12:37:47   -88858.712063        0.240904
LBFGS:  163 12:37:47   -88858.729266        0.265027
LBFGS:  164 12:37:47   -88858.743552        0.212476
LBFGS:  165 12:37:47   -88858.753851        0.147104
LBFGS:  166 12:37:47   -88858.761647        0.150281
LBFGS:  167 12:37:47   -88858.772044        0.193024
LBFGS:  168 12:37:47   -88858.787874        0.257109
LBFGS:  169 12:37:47   -88858.811602        0.333157
LBFGS:  170 12:37:47   -88858.835470        0.507499
LBFGS:  171 12:37:47   -88858.862579        0.211351
LBFGS:  172 12:37:47   -88858.879921        0.299525
LBFGS:  173 12:37:47   -88858.896311        0.298708
LBFGS:  174 12:37:47   -88858.913409        0.226323
LBFGS:  175 12:37:47   -88858.934748        0.172060
LBFGS:  176 12:37:47   -88858.946383        0.175528
LBFGS:  177 12:37:47   -88858.959578        0.450934
LBFGS:  178 12:37:47   -88858.975253        0.310223
LBFGS:  179 12:37:48   -88858.990858        0.267237
LBFGS:  180 12:37:48   -88859.016231        0.336502
LBFGS:  181 12:37:48   -88859.033452        0.288615
LBFGS:  182 12:37:48   -88859.060672        0.312988
LBFGS:  183 12:37:48   -88859.090808        0.405200
LBFGS:  184 12:37:48   -88859.117606        0.443186
LBFGS:  185 12:37:48   -88859.144245        0.430908
LBFGS:  186 12:37:48   -88859.154630        0.683789
LBFGS:  187 12:37:48   -88859.183339        0.379553
LBFGS:  188 12:37:48   -88859.199801        0.232733
LBFGS:  189 12:37:48   -88859.216496        0.212997
LBFGS:  190 12:37:48   -88859.240476        0.313910
LBFGS:  191 12:37:48   -88859.259821        0.315390
LBFGS:  192 12:37:48   -88859.290557        0.268776
LBFGS:  193 12:37:48   -88859.317866        0.538443
LBFGS:  194 12:37:48   -88859.337832        0.530583
LBFGS:  195 12:37:48   -88859.346652        0.725650
LBFGS:  196 12:37:48   -88859.376829        0.378816
LBFGS:  197 12:37:48   -88859.398809        0.284304
LBFGS:  198 12:37:48   -88859.423753        0.283283
LBFGS:  199 12:37:48   -88859.448707        0.382591
LBFGS:  200 12:37:49   -88859.470738        0.335972
       Step     Time          Energy          fmax
LBFGS:    0 12:38:10   -94376.971983       16.116964
LBFGS:    1 12:38:10   -94389.449089       12.600985
LBFGS:    2 12:38:10   -94401.771247       17.598679
LBFGS:    3 12:38:10   -94411.993249        6.011690
LBFGS:    4 12:38:10   -94420.905991        6.276578
LBFGS:    5 12:38:10   -94428.112054        6.584267
LBFGS:    6 12:38:10   -94433.672830        6.811904
LBFGS:    7 12:38:10   -94439.449559        5.107240
LBFGS:    8 12:38:10   -94444.439787        4.230953
LBFGS:    9 12:38:10   -94448.568673        4.518019
LBFGS:   10 12:38:11   -94451.687467        7.062117
LBFGS:   11 12:38:11   -94454.233731        6.613618
LBFGS:   12 12:38:11   -94456.874207        4.271717
LBFGS:   13 12:38:11   -94459.271626        5.183458
LBFGS:   14 12:38:11   -94461.102079        3.480853
LBFGS:   15 12:38:11   -94462.487195        3.558433
LBFGS:   16 12:38:11   -94463.458005        2.801080
LBFGS:   17 12:38:11   -94464.403924        2.602452
LBFGS:   18 12:38:11   -94465.322839        2.716055
LBFGS:   19 12:38:11   -94466.471090        2.419076
LBFGS:   20 12:38:11   -94467.093475        2.108418
LBFGS:   21 12:38:11   -94467.868200        2.323151
LBFGS:   22 12:38:11   -94468.311357        1.474660
LBFGS:   23 12:38:11   -94468.993511        1.831142
LBFGS:   24 12:38:11   -94469.635448        2.239615
LBFGS:   25 12:38:11   -94470.039165        1.483815
LBFGS:   26 12:38:11   -94470.359979        1.032142
LBFGS:   27 12:38:11   -94470.545152        1.494904
LBFGS:   28 12:38:11   -94470.768416        1.495563
LBFGS:   29 12:38:11   -94471.050169        1.114538
LBFGS:   30 12:38:12   -94471.257940        1.253174
LBFGS:   31 12:38:12   -94471.494733        0.891797
LBFGS:   32 12:38:12   -94471.735916        1.296089
LBFGS:   33 12:38:12   -94472.036997        1.680566
LBFGS:   34 12:38:12   -94472.328499        1.473300
LBFGS:   35 12:38:12   -94472.664617        1.767312
LBFGS:   36 12:38:12   -94472.803427        1.947067
LBFGS:   37 12:38:12   -94473.144274        1.589969
LBFGS:   38 12:38:12   -94473.606348        1.651589
LBFGS:   39 12:38:12   -94474.012645        2.138481
LBFGS:   40 12:38:12   -94474.308693        1.620191
LBFGS:   41 12:38:12   -94474.575347        1.780613
LBFGS:   42 12:38:12   -94474.889727        1.599719
LBFGS:   43 12:38:12   -94475.104602        1.641665
LBFGS:   44 12:38:12   -94475.333690        1.927483
LBFGS:   45 12:38:12   -94475.557089        1.462028
LBFGS:   46 12:38:12   -94475.815864        1.780702
LBFGS:   47 12:38:12   -94476.124371        2.217871
LBFGS:   48 12:38:12   -94476.520219        3.180993
LBFGS:   49 12:38:12   -94476.820852        4.033706
LBFGS:   50 12:38:13   -94477.280265        3.873697
LBFGS:   51 12:38:13   -94477.925142        3.299059
LBFGS:   52 12:38:13   -94478.837870        2.784179
LBFGS:   53 12:38:13   -94479.293802        2.372536
LBFGS:   54 12:38:13   -94479.803831        1.361809
LBFGS:   55 12:38:13   -94480.032639        1.189110
LBFGS:   56 12:38:13   -94480.195943        0.789484
LBFGS:   57 12:38:13   -94480.370309        0.744023
LBFGS:   58 12:38:13   -94480.519767        0.820937
LBFGS:   59 12:38:13   -94480.630702        0.645383
LBFGS:   60 12:38:13   -94480.815329        0.779120
LBFGS:   61 12:38:13   -94481.015292        0.961126
LBFGS:   62 12:38:13   -94481.182290        0.745919
LBFGS:   63 12:38:13   -94481.296521        0.823096
LBFGS:   64 12:38:13   -94481.394579        0.754302
LBFGS:   65 12:38:13   -94481.519135        0.803090
LBFGS:   66 12:38:13   -94481.642769        0.539083
LBFGS:   67 12:38:13   -94481.718335        0.504564
LBFGS:   68 12:38:13   -94481.831108        0.837971
LBFGS:   69 12:38:13   -94482.008149        0.895185
LBFGS:   70 12:38:14   -94482.211320        0.811808
LBFGS:   71 12:38:14   -94482.313986        0.887226
LBFGS:   72 12:38:14   -94482.400192        1.212659
LBFGS:   73 12:38:14   -94482.540538        1.220902
LBFGS:   74 12:38:14   -94482.677213        0.932436
LBFGS:   75 12:38:14   -94482.839504        1.013805
LBFGS:   76 12:38:14   -94482.933927        1.403270
LBFGS:   77 12:38:14   -94483.042051        1.700038
LBFGS:   78 12:38:14   -94483.284864        1.203631
LBFGS:   79 12:38:14   -94483.424677        0.974732
LBFGS:   80 12:38:14   -94483.585090        0.848971
LBFGS:   81 12:38:14   -94483.679240        1.279974
LBFGS:   82 12:38:14   -94483.768930        0.594188
LBFGS:   83 12:38:14   -94483.833595        1.038822
LBFGS:   84 12:38:14   -94483.876495        0.596872
LBFGS:   85 12:38:14   -94483.920910        0.640992
LBFGS:   86 12:38:14   -94483.988428        0.671511
LBFGS:   87 12:38:14   -94484.070530        0.567598
LBFGS:   88 12:38:14   -94484.185790        1.025503
LBFGS:   89 12:38:14   -94484.308502        0.978851
LBFGS:   90 12:38:15   -94484.426879        1.406414
LBFGS:   91 12:38:15   -94484.506486        1.230596
LBFGS:   92 12:38:15   -94484.583176        0.909169
LBFGS:   93 12:38:15   -94484.671060        0.599816
LBFGS:   94 12:38:15   -94484.762145        1.090512
LBFGS:   95 12:38:15   -94484.854708        1.269312
LBFGS:   96 12:38:15   -94484.951446        1.143352
LBFGS:   97 12:38:15   -94484.983418        0.960471
LBFGS:   98 12:38:15   -94485.079819        0.835684
LBFGS:   99 12:38:15   -94485.136524        0.597966
LBFGS:  100 12:38:15   -94485.199985        0.494562
LBFGS:  101 12:38:15   -94485.271452        0.523595
LBFGS:  102 12:38:15   -94485.323450        0.450081
LBFGS:  103 12:38:15   -94485.383318        0.486482
LBFGS:  104 12:38:15   -94485.453751        0.544312
LBFGS:  105 12:38:15   -94485.508926        0.658954
LBFGS:  106 12:38:15   -94485.566525        0.811933
LBFGS:  107 12:38:15   -94485.623324        0.517746
LBFGS:  108 12:38:15   -94485.679996        0.560210
LBFGS:  109 12:38:15   -94485.752390        0.755011
LBFGS:  110 12:38:16   -94485.844489        0.890440
LBFGS:  111 12:38:16   -94485.970011        0.647030
LBFGS:  112 12:38:16   -94486.072371        0.754880
LBFGS:  113 12:38:16   -94486.165379        0.980351
LBFGS:  114 12:38:16   -94486.116879        1.744585
LBFGS:  115 12:38:16   -94486.280610        0.691158
LBFGS:  116 12:38:16   -94486.324390        0.679119
LBFGS:  117 12:38:16   -94486.404553        0.514124
LBFGS:  118 12:38:16   -94486.492177        1.226713
LBFGS:  119 12:38:16   -94486.599672        0.593328
LBFGS:  120 12:38:16   -94486.732091        0.610140
LBFGS:  121 12:38:16   -94486.864173        0.806296
LBFGS:  122 12:38:16   -94486.950901        0.975422
LBFGS:  123 12:38:16   -94487.064876        0.867129
LBFGS:  124 12:38:16   -94487.235343        1.436480
LBFGS:  125 12:38:16   -94487.361093        0.837827
LBFGS:  126 12:38:16   -94487.488310        0.714631
LBFGS:  127 12:38:16   -94487.603273        0.935624
LBFGS:  128 12:38:16   -94487.690420        1.195786
LBFGS:  129 12:38:17   -94487.776606        0.653752
LBFGS:  130 12:38:17   -94487.834019        0.644321
LBFGS:  131 12:38:17   -94487.880482        0.453460
LBFGS:  132 12:38:17   -94487.931096        0.523718
LBFGS:  133 12:38:17   -94487.984515        0.449537
LBFGS:  134 12:38:17   -94488.045131        0.440945
LBFGS:  135 12:38:17   -94488.105101        0.701847
LBFGS:  136 12:38:17   -94488.257915        1.606235
LBFGS:  137 12:38:17   -94488.283970        3.820745
LBFGS:  138 12:38:17   -94488.281024        1.449513
LBFGS:  139 12:38:17   -94488.266608        1.723980
LBFGS:  140 12:38:17   -94488.277971        1.634771
LBFGS:  141 12:38:17   -94488.280389        1.533949
LBFGS:  142 12:38:17   -94488.185400        1.480169
LBFGS:  143 12:38:17   -94488.278237        1.497757
LBFGS:  144 12:38:17   -94488.275585        1.527373
LBFGS:  145 12:38:17   -94488.306375        1.249541
LBFGS:  146 12:38:17   -94488.311517        1.141602
LBFGS:  147 12:38:17   -94488.316427        1.223974
LBFGS:  148 12:38:17   -94488.320511        1.316920
LBFGS:  149 12:38:18   -94488.321570        1.278521
LBFGS:  150 12:38:18   -94488.321712        1.252417
LBFGS:  151 12:38:18   -94488.321517        1.247885
LBFGS:  152 12:38:18   -94488.321907        1.250693
LBFGS:  153 12:38:18   -94488.322126        1.259951
LBFGS:  154 12:38:18   -94488.322832        1.261529
LBFGS:  155 12:38:18   -94488.324150        1.294546
LBFGS:  156 12:38:18   -94488.326487        1.295676
LBFGS:  157 12:38:18   -94488.329786        1.349653
LBFGS:  158 12:38:18   -94488.333707        1.312368
LBFGS:  159 12:38:18   -94488.338120        1.360541
LBFGS:  160 12:38:18   -94488.343125        1.292899
LBFGS:  161 12:38:18   -94488.348458        1.309683
LBFGS:  162 12:38:18   -94488.353995        1.240281
LBFGS:  163 12:38:18   -94488.360415        1.216345
LBFGS:  164 12:38:18   -94488.367651        1.133491
LBFGS:  165 12:38:18   -94488.376225        1.093552
LBFGS:  166 12:38:18   -94488.400139        1.119296
LBFGS:  167 12:38:18   -94488.361420        1.018723
LBFGS:  168 12:38:18   -94488.464058        1.990396
LBFGS:  169 12:38:19   -94488.227275        5.401268
LBFGS:  170 12:38:19   -94488.485342        1.894098
LBFGS:  171 12:38:19   -94488.518025        2.045465
LBFGS:  172 12:38:19   -94488.559307        1.843742
LBFGS:  173 12:38:19   -94488.599836        1.891772
LBFGS:  174 12:38:19   -94488.642080        1.686761
LBFGS:  175 12:38:19   -94488.689974        1.105136
LBFGS:  176 12:38:19   -94488.694630        1.059164
LBFGS:  177 12:38:19   -94488.701871        0.997860
LBFGS:  178 12:38:19   -94488.709237        0.972458
LBFGS:  179 12:38:19   -94488.719315        0.900436
LBFGS:  180 12:38:19   -94488.726157        0.903143
LBFGS:  181 12:38:19   -94488.731115        0.913021
LBFGS:  182 12:38:19   -94488.735026        0.913504
LBFGS:  183 12:38:19   -94488.739198        0.949716
LBFGS:  184 12:38:19   -94488.744022        0.977215
LBFGS:  185 12:38:19   -94488.748129        0.962946
LBFGS:  186 12:38:19   -94488.752717        0.950304
LBFGS:  187 12:38:19   -94488.757507        0.866719
LBFGS:  188 12:38:20   -94488.762153        0.840887
LBFGS:  189 12:38:20   -94488.766190        0.757074
LBFGS:  190 12:38:20   -94488.770558        0.733513
LBFGS:  191 12:38:20   -94488.775131        0.700496
LBFGS:  192 12:38:20   -94488.780452        0.709963
LBFGS:  193 12:38:20   -94488.786036        0.712967
LBFGS:  194 12:38:20   -94488.790668        0.669549
LBFGS:  195 12:38:20   -94488.797516        0.626514
LBFGS:  196 12:38:20   -94488.804840        0.643514
LBFGS:  197 12:38:20   -94488.805454        0.634848
LBFGS:  198 12:38:20   -94488.816453        0.661394
LBFGS:  199 12:38:20   -94488.821956        0.669350
LBFGS:  200 12:38:20   -94488.834106        0.701064
       Step     Time          Energy          fmax
LBFGS:    0 12:38:23   -36094.467845        8.301677
LBFGS:    1 12:38:23   -36095.053965        5.729510
LBFGS:    2 12:38:23   -36095.739546        4.047151
LBFGS:    3 12:38:23   -36096.686486        5.522523
LBFGS:    4 12:38:23   -36097.339781        4.491345
LBFGS:    5 12:38:23   -36097.887606        5.875535
LBFGS:    6 12:38:23   -36098.503436        5.939946
LBFGS:    7 12:38:23   -36099.141860        5.333427
LBFGS:    8 12:38:23   -36099.957768        4.223832
LBFGS:    9 12:38:23   -36100.530539        1.834494
LBFGS:   10 12:38:24   -36100.740482        3.303085
LBFGS:   11 12:38:24   -36100.921743        1.152845
LBFGS:   12 12:38:24   -36100.979929        0.575870
LBFGS:   13 12:38:24   -36100.985961        0.327642
LBFGS:   14 12:38:24   -36100.998817        0.584222
LBFGS:   15 12:38:24   -36101.024363        0.781555
LBFGS:   16 12:38:24   -36101.067139        0.796880
LBFGS:   17 12:38:24   -36101.096834        1.305364
LBFGS:   18 12:38:24   -36101.131414        0.507995
LBFGS:   19 12:38:24   -36101.147444        0.605232
LBFGS:   20 12:38:24   -36101.162204        0.607051
LBFGS:   21 12:38:24   -36101.175752        0.643015
LBFGS:   22 12:38:24   -36101.187092        0.244600
LBFGS:   23 12:38:24   -36101.193919        0.327755
LBFGS:   24 12:38:24   -36101.206060        0.454007
LBFGS:   25 12:38:24   -36101.221360        0.426928
LBFGS:   26 12:38:24   -36101.234744        0.304497
LBFGS:   27 12:38:24   -36101.245685        0.541298
LBFGS:   28 12:38:24   -36101.244264        1.227676
LBFGS:   29 12:38:24   -36101.255130        0.973907
LBFGS:   30 12:38:24   -36101.271369        0.436264
LBFGS:   31 12:38:24   -36101.285603        0.190032
LBFGS:   32 12:38:24   -36101.295781        0.729980
LBFGS:   33 12:38:24   -36101.308071        0.353998
LBFGS:   34 12:38:24   -36101.324076        0.277277
LBFGS:   35 12:38:24   -36101.338252        0.813904
LBFGS:   36 12:38:24   -36101.352832        0.293374
LBFGS:   37 12:38:24   -36101.363741        0.308737
LBFGS:   38 12:38:24   -36101.367101        0.254500
LBFGS:   39 12:38:24   -36101.369899        0.192353
LBFGS:   40 12:38:25   -36101.373492        0.205488
LBFGS:   41 12:38:25   -36101.381041        0.320323
LBFGS:   42 12:38:25   -36101.393930        0.515110
LBFGS:   43 12:38:25   -36101.411306        0.737370
LBFGS:   44 12:38:25   -36101.434902        1.098753
LBFGS:   45 12:38:25   -36101.472376        0.675743
LBFGS:   46 12:38:25   -36101.498769        0.467194
LBFGS:   47 12:38:25   -36101.497584        1.274351
LBFGS:   48 12:38:25   -36101.523319        0.395351
LBFGS:   49 12:38:25   -36101.527260        0.692548
LBFGS:   50 12:38:25   -36101.536682        0.341571
LBFGS:   51 12:38:25   -36101.542733        0.256531
LBFGS:   52 12:38:25   -36101.552588        0.295882
LBFGS:   53 12:38:25   -36101.565463        0.324997
LBFGS:   54 12:38:25   -36101.579074        0.390137
LBFGS:   55 12:38:25   -36101.589073        0.574637
LBFGS:   56 12:38:25   -36101.613196        0.524456
LBFGS:   57 12:38:25   -36101.633682        0.426775
LBFGS:   58 12:38:25   -36101.652979        0.506092
LBFGS:   59 12:38:25   -36101.619326        1.588676
LBFGS:   60 12:38:25   -36101.669609        0.556914
LBFGS:   61 12:38:25   -36101.675159        0.426761
LBFGS:   62 12:38:25   -36101.686264        0.241546
LBFGS:   63 12:38:25   -36101.695252        0.660624
LBFGS:   64 12:38:25   -36101.703608        0.631788
LBFGS:   65 12:38:25   -36101.712081        0.390611
LBFGS:   66 12:38:25   -36101.723564        0.245141
LBFGS:   67 12:38:25   -36101.731563        0.183978
LBFGS:   68 12:38:25   -36101.745195        0.463038
LBFGS:   69 12:38:25   -36101.754134        0.375002
LBFGS:   70 12:38:26   -36101.770781        0.847553
LBFGS:   71 12:38:26   -36101.795342        0.600355
LBFGS:   72 12:38:26   -36101.811577        0.753824
LBFGS:   73 12:38:26   -36101.830748        0.530635
LBFGS:   74 12:38:26   -36101.840747        0.259058
LBFGS:   75 12:38:26   -36101.850431        0.260529
LBFGS:   76 12:38:26   -36101.858512        0.283933
LBFGS:   77 12:38:26   -36101.874928        0.535968
LBFGS:   78 12:38:26   -36101.886129        0.342453
LBFGS:   79 12:38:26   -36101.899709        0.533724
LBFGS:   80 12:38:26   -36101.916375        0.509877
LBFGS:   81 12:38:26   -36101.925442        0.433774
LBFGS:   82 12:38:26   -36101.938764        0.281156
LBFGS:   83 12:38:26   -36101.946161        0.318504
LBFGS:   84 12:38:26   -36101.950588        0.589174
LBFGS:   85 12:38:26   -36101.961127        0.339022
LBFGS:   86 12:38:26   -36101.969199        0.237013
LBFGS:   87 12:38:26   -36101.980580        0.190023
LBFGS:   88 12:38:26   -36101.986829        0.250955
LBFGS:   89 12:38:26   -36101.990578        0.180078
LBFGS:   90 12:38:26   -36101.992322        0.243095
LBFGS:   91 12:38:26   -36101.995513        0.163927
LBFGS:   92 12:38:26   -36101.997846        0.427280
LBFGS:   93 12:38:26   -36102.002971        0.267588
LBFGS:   94 12:38:26   -36102.009652        0.188094
LBFGS:   95 12:38:26   -36102.023701        0.444993
LBFGS:   96 12:38:26   -36102.033661        0.567378
LBFGS:   97 12:38:26   -36102.038302        0.579740
LBFGS:   98 12:38:26   -36102.040946        0.400965
LBFGS:   99 12:38:26   -36102.045073        0.097140
LBFGS:  100 12:38:27   -36102.046704        0.101796
LBFGS:  101 12:38:27   -36102.048276        0.160322
LBFGS:  102 12:38:27   -36102.051543        0.199672
LBFGS:  103 12:38:27   -36102.056864        0.228683
LBFGS:  104 12:38:27   -36102.066279        0.290508
LBFGS:  105 12:38:27   -36102.080524        0.384954
LBFGS:  106 12:38:27   -36102.074357        1.075507
LBFGS:  107 12:38:27   -36102.074259        1.055994
LBFGS:  108 12:38:27   -36102.093151        0.355717
LBFGS:  109 12:38:27   -36102.099020        0.188251
LBFGS:  110 12:38:27   -36102.100805        0.202949
LBFGS:  111 12:38:27   -36102.102781        0.191140
LBFGS:  112 12:38:27   -36102.104966        0.132750
LBFGS:  113 12:38:27   -36102.106801        0.159665
LBFGS:  114 12:38:27   -36102.109218        0.183180
LBFGS:  115 12:38:27   -36102.114020        0.207160
LBFGS:  116 12:38:27   -36102.121879        0.230514
LBFGS:  117 12:38:27   -36102.129787        0.308826
LBFGS:  118 12:38:27   -36102.133451        0.296817
LBFGS:  119 12:38:27   -36102.136840        0.367059
LBFGS:  120 12:38:27   -36102.144028        0.153732
LBFGS:  121 12:38:27   -36102.147125        0.191775
LBFGS:  122 12:38:27   -36102.149890        0.199280
LBFGS:  123 12:38:27   -36102.152652        0.139872
LBFGS:  124 12:38:27   -36102.155425        0.220115
LBFGS:  125 12:38:27   -36102.161193        0.240188
LBFGS:  126 12:38:27   -36102.167764        0.344980
LBFGS:  127 12:38:27   -36102.173788        0.401663
LBFGS:  128 12:38:27   -36102.179044        0.281488
LBFGS:  129 12:38:27   -36102.189810        0.254709
LBFGS:  130 12:38:28   -36102.201147        0.403646
LBFGS:  131 12:38:28   -36102.211248        0.447121
LBFGS:  132 12:38:28   -36102.222257        0.539132
LBFGS:  133 12:38:28   -36102.232471        0.392556
LBFGS:  134 12:38:28   -36102.236932        0.343922
LBFGS:  135 12:38:28   -36102.240630        0.217251
LBFGS:  136 12:38:28   -36102.244668        0.301521
LBFGS:  137 12:38:28   -36102.249281        0.269161
LBFGS:  138 12:38:28   -36102.253503        0.255559
LBFGS:  139 12:38:28   -36102.257477        0.197736
LBFGS:  140 12:38:28   -36102.260677        0.229636
LBFGS:  141 12:38:28   -36102.264565        0.183543
LBFGS:  142 12:38:28   -36102.267501        0.141830
LBFGS:  143 12:38:28   -36102.270635        0.148896
LBFGS:  144 12:38:28   -36102.273813        0.124749
LBFGS:  145 12:38:28   -36102.276082        0.129509
LBFGS:  146 12:38:28   -36102.277525        0.126929
LBFGS:  147 12:38:28   -36102.278512        0.123266
LBFGS:  148 12:38:28   -36102.279894        0.075441
LBFGS:  149 12:38:28   -36102.281649        0.126238
LBFGS:  150 12:38:28   -36102.284029        0.223146
LBFGS:  151 12:38:28   -36102.287098        0.249082
LBFGS:  152 12:38:28   -36102.290423        0.135397
LBFGS:  153 12:38:28   -36102.292175        0.091873
LBFGS:  154 12:38:28   -36102.293009        0.099939
LBFGS:  155 12:38:28   -36102.294592        0.097209
LBFGS:  156 12:38:28   -36102.296077        0.083400
LBFGS:  157 12:38:28   -36102.297420        0.128639
LBFGS:  158 12:38:28   -36102.298436        0.097562
LBFGS:  159 12:38:28   -36102.299513        0.097554
LBFGS:  160 12:38:29   -36102.300665        0.101348
LBFGS:  161 12:38:29   -36102.301559        0.118378
LBFGS:  162 12:38:29   -36102.302938        0.097347
LBFGS:  163 12:38:29   -36102.305025        0.148089
LBFGS:  164 12:38:29   -36102.306445        0.132274
LBFGS:  165 12:38:29   -36102.307838        0.131071
LBFGS:  166 12:38:29   -36102.308961        0.085118
LBFGS:  167 12:38:29   -36102.309776        0.115500
LBFGS:  168 12:38:29   -36102.310772        0.083267
LBFGS:  169 12:38:29   -36102.311812        0.073322
LBFGS:  170 12:38:29   -36102.312799        0.065517
LBFGS:  171 12:38:29   -36102.313327        0.115326
LBFGS:  172 12:38:29   -36102.312709        0.232030
LBFGS:  173 12:38:29   -36102.314041        0.083159
LBFGS:  174 12:38:29   -36102.314401        0.084981
LBFGS:  175 12:38:29   -36102.315091        0.113761
LBFGS:  176 12:38:29   -36102.315801        0.147051
LBFGS:  177 12:38:29   -36102.316826        0.063540
LBFGS:  178 12:38:29   -36102.317675        0.141954
LBFGS:  179 12:38:29   -36102.318635        0.105807
LBFGS:  180 12:38:29   -36102.320080        0.141499
LBFGS:  181 12:38:29   -36102.321802        0.262758
LBFGS:  182 12:38:29   -36102.324985        0.282503
LBFGS:  183 12:38:29   -36102.326839        0.179403
LBFGS:  184 12:38:29   -36102.328306        0.174701
LBFGS:  185 12:38:29   -36102.329581        0.156158
LBFGS:  186 12:38:29   -36102.331082        0.142340
LBFGS:  187 12:38:29   -36102.332830        0.267201
LBFGS:  188 12:38:29   -36102.334510        0.169375
LBFGS:  189 12:38:29   -36102.337239        0.235833
LBFGS:  190 12:38:30   -36102.342558        0.181460
LBFGS:  191 12:38:30   -36102.347338        0.271056
LBFGS:  192 12:38:30   -36102.349899        0.378727
LBFGS:  193 12:38:30   -36102.350061        0.613114
LBFGS:  194 12:38:30   -36102.355560        0.104924
LBFGS:  195 12:38:30   -36102.357728        0.164071
LBFGS:  196 12:38:30   -36102.360669        0.201401
LBFGS:  197 12:38:30   -36102.362895        0.215190
LBFGS:  198 12:38:30   -36102.364442        0.245035
LBFGS:  199 12:38:30   -36102.365928        0.182954
LBFGS:  200 12:38:30   -36102.365396        0.265258
       Step     Time          Energy          fmax
LBFGS:    0 12:38:33   -39824.514521        9.243409
LBFGS:    1 12:38:33   -39828.020717        6.308629
LBFGS:    2 12:38:33   -39831.622756        4.785586
LBFGS:    3 12:38:33   -39834.894937        5.504483
LBFGS:    4 12:38:33   -39837.839189        7.757600
LBFGS:    5 12:38:33   -39840.105421        5.502401
LBFGS:    6 12:38:33   -39841.941366        6.128452
LBFGS:    7 12:38:33   -39843.686407        5.972768
LBFGS:    8 12:38:33   -39845.310518        4.807477
LBFGS:    9 12:38:33   -39846.759691        3.175210
LBFGS:   10 12:38:33   -39847.852972        2.898155
LBFGS:   11 12:38:33   -39848.624043        2.757501
LBFGS:   12 12:38:33   -39849.222192        2.639430
LBFGS:   13 12:38:33   -39849.689234        2.464152
LBFGS:   14 12:38:33   -39850.052374        2.102741
LBFGS:   15 12:38:33   -39850.379376        1.456357
LBFGS:   16 12:38:33   -39850.664263        1.247218
LBFGS:   17 12:38:34   -39850.849911        1.538870
LBFGS:   18 12:38:34   -39850.890965        1.453908
LBFGS:   19 12:38:34   -39850.952298        0.684873
LBFGS:   20 12:38:34   -39850.994100        0.434414
LBFGS:   21 12:38:34   -39851.034145        0.475349
LBFGS:   22 12:38:34   -39851.065550        0.519514
LBFGS:   23 12:38:34   -39851.112629        0.543315
LBFGS:   24 12:38:34   -39851.187284        0.843676
LBFGS:   25 12:38:34   -39851.274295        0.995184
LBFGS:   26 12:38:34   -39851.386304        0.638057
LBFGS:   27 12:38:34   -39851.439267        0.971586
LBFGS:   28 12:38:34   -39851.461940        1.099078
LBFGS:   29 12:38:34   -39851.518878        0.836292
LBFGS:   30 12:38:34   -39851.554425        0.457814
LBFGS:   31 12:38:34   -39851.589310        0.673246
LBFGS:   32 12:38:34   -39851.624970        0.523014
LBFGS:   33 12:38:34   -39851.635963        1.183844
LBFGS:   34 12:38:34   -39851.695205        0.306562
LBFGS:   35 12:38:34   -39851.739086        0.373591
LBFGS:   36 12:38:34   -39851.594379        2.879259
LBFGS:   37 12:38:34   -39851.806560        0.608610
LBFGS:   38 12:38:34   -39851.849159        0.447809
LBFGS:   39 12:38:34   -39851.715875        2.785865
LBFGS:   40 12:38:34   -39851.905625        0.265835
LBFGS:   41 12:38:34   -39851.938282        0.250099
LBFGS:   42 12:38:34   -39851.876072        2.073225
LBFGS:   43 12:38:34   -39851.991499        0.283931
LBFGS:   44 12:38:34   -39852.015715        0.318193
LBFGS:   45 12:38:34   -39852.030063        1.262220
LBFGS:   46 12:38:34   -39852.082960        0.330634
LBFGS:   47 12:38:35   -39852.105762        0.275471
LBFGS:   48 12:38:35   -39852.146172        0.522817
LBFGS:   49 12:38:35   -39852.160545        0.301755
LBFGS:   50 12:38:35   -39852.170396        0.278022
LBFGS:   51 12:38:35   -39852.194894        0.487632
LBFGS:   52 12:38:35   -39852.218574        0.390725
LBFGS:   53 12:38:35   -39852.250923        0.537404
LBFGS:   54 12:38:35   -39852.288011        0.726260
LBFGS:   55 12:38:35   -39852.317051        0.680905
LBFGS:   56 12:38:35   -39852.358339        0.709669
LBFGS:   57 12:38:35   -39852.392732        0.399623
LBFGS:   58 12:38:35   -39852.422112        0.471798
LBFGS:   59 12:38:35   -39852.463293        0.528363
LBFGS:   60 12:38:35   -39852.524580        0.850139
LBFGS:   61 12:38:35   -39852.565120        0.950544
LBFGS:   62 12:38:35   -39852.593125        1.091969
LBFGS:   63 12:38:35   -39852.616002        1.402902
LBFGS:   64 12:38:35   -39852.647057        0.714357
LBFGS:   65 12:38:35   -39852.675977        0.619869
LBFGS:   66 12:38:35   -39852.697761        0.474192
LBFGS:   67 12:38:35   -39852.752548        0.565972
LBFGS:   68 12:38:35   -39852.792786        0.796653
LBFGS:   69 12:38:35   -39852.803914        0.815713
LBFGS:   70 12:38:35   -39852.828284        0.436366
LBFGS:   71 12:38:35   -39852.840348        0.339920
LBFGS:   72 12:38:35   -39852.858789        0.314553
LBFGS:   73 12:38:35   -39852.876042        0.519660
LBFGS:   74 12:38:35   -39852.895007        0.329862
LBFGS:   75 12:38:35   -39852.915916        0.346137
LBFGS:   76 12:38:35   -39852.955633        0.570785
LBFGS:   77 12:38:36   -39853.009111        0.672199
LBFGS:   78 12:38:36   -39853.040337        1.298143
LBFGS:   79 12:38:36   -39853.023455        1.379416
LBFGS:   80 12:38:36   -39853.097737        0.687611
LBFGS:   81 12:38:36   -39853.125349        0.665541
LBFGS:   82 12:38:36   -39853.158321        0.701193
LBFGS:   83 12:38:36   -39853.214854        0.755935
LBFGS:   84 12:38:36   -39853.236826        0.758323
LBFGS:   85 12:38:36   -39853.244268        0.518662
LBFGS:   86 12:38:36   -39853.261622        0.377477
LBFGS:   87 12:38:36   -39853.270783        0.462844
LBFGS:   88 12:38:36   -39853.282272        0.277379
LBFGS:   89 12:38:36   -39853.300594        0.307063
LBFGS:   90 12:38:36   -39853.308896        0.329276
LBFGS:   91 12:38:36   -39853.319089        0.207806
LBFGS:   92 12:38:36   -39853.326901        0.282323
LBFGS:   93 12:38:36   -39853.337312        0.208071
LBFGS:   94 12:38:36   -39853.351818        0.370611
LBFGS:   95 12:38:36   -39853.370321        0.341132
LBFGS:   96 12:38:36   -39853.390988        0.336049
LBFGS:   97 12:38:36   -39853.415138        0.365896
LBFGS:   98 12:38:36   -39853.436028        0.368231
LBFGS:   99 12:38:36   -39853.449972        0.497719
LBFGS:  100 12:38:36   -39853.460990        0.241170
LBFGS:  101 12:38:36   -39853.471736        0.252813
LBFGS:  102 12:38:36   -39853.484754        0.319010
LBFGS:  103 12:38:36   -39853.499226        0.599308
LBFGS:  104 12:38:36   -39853.523217        0.423607
LBFGS:  105 12:38:36   -39853.568176        0.481534
LBFGS:  106 12:38:36   -39853.606364        0.573535
LBFGS:  107 12:38:37   -39853.611291        0.921316
LBFGS:  108 12:38:37   -39853.633107        0.763146
LBFGS:  109 12:38:37   -39853.645897        0.542180
LBFGS:  110 12:38:37   -39853.658243        0.154330
LBFGS:  111 12:38:37   -39853.663799        0.186864
LBFGS:  112 12:38:37   -39853.672080        0.211555
LBFGS:  113 12:38:37   -39853.685389        0.221314
LBFGS:  114 12:38:37   -39853.699750        0.238816
LBFGS:  115 12:38:37   -39853.715876        0.321647
LBFGS:  116 12:38:37   -39853.733926        0.321436
LBFGS:  117 12:38:37   -39853.752358        0.196942
LBFGS:  118 12:38:37   -39853.771895        0.249039
LBFGS:  119 12:38:37   -39853.784313        0.263696
LBFGS:  120 12:38:37   -39853.782578        0.734639
LBFGS:  121 12:38:37   -39853.803034        0.245314
LBFGS:  122 12:38:37   -39853.811667        0.206261
LBFGS:  123 12:38:37   -39853.822704        0.203499
LBFGS:  124 12:38:37   -39853.840346        0.360686
LBFGS:  125 12:38:37   -39853.853561        0.313120
LBFGS:  126 12:38:37   -39853.879413        0.423270
LBFGS:  127 12:38:37   -39853.901772        0.348386
LBFGS:  128 12:38:37   -39853.911409        0.607556
LBFGS:  129 12:38:37   -39853.925115        0.513851
LBFGS:  130 12:38:37   -39853.941090        0.220161
LBFGS:  131 12:38:37   -39853.951621        0.226997
LBFGS:  132 12:38:37   -39853.962604        0.257305
LBFGS:  133 12:38:37   -39853.971048        0.232229
LBFGS:  134 12:38:37   -39853.978377        0.284178
LBFGS:  135 12:38:37   -39853.983951        0.204791
LBFGS:  136 12:38:37   -39853.991970        0.223868
LBFGS:  137 12:38:38   -39854.001474        0.269351
LBFGS:  138 12:38:38   -39854.012223        0.293821
LBFGS:  139 12:38:38   -39854.018022        0.274009
LBFGS:  140 12:38:38   -39854.026774        0.301182
LBFGS:  141 12:38:38   -39854.039937        0.356067
LBFGS:  142 12:38:38   -39854.045791        0.218456
LBFGS:  143 12:38:38   -39854.051764        0.154395
LBFGS:  144 12:38:38   -39854.057268        0.218510
LBFGS:  145 12:38:38   -39854.065737        0.242621
LBFGS:  146 12:38:38   -39854.065903        0.711947
LBFGS:  147 12:38:38   -39854.074281        0.134723
LBFGS:  148 12:38:38   -39854.076395        0.098652
LBFGS:  149 12:38:38   -39854.079968        0.106249
LBFGS:  150 12:38:38   -39854.082326        0.122412
LBFGS:  151 12:38:38   -39854.087169        0.111961
LBFGS:  152 12:38:38   -39854.091907        0.127918
LBFGS:  153 12:38:38   -39854.096888        0.127962
LBFGS:  154 12:38:38   -39854.100634        0.177415
LBFGS:  155 12:38:38   -39854.102991        0.104126
LBFGS:  156 12:38:38   -39854.104740        0.161226
LBFGS:  157 12:38:38   -39854.106616        0.102369
LBFGS:  158 12:38:38   -39854.109384        0.139200
LBFGS:  159 12:38:38   -39854.111446        0.180766
LBFGS:  160 12:38:38   -39854.115129        0.208217
LBFGS:  161 12:38:38   -39854.118888        0.160732
LBFGS:  162 12:38:38   -39854.123010        0.157886
LBFGS:  163 12:38:38   -39854.126471        0.130574
LBFGS:  164 12:38:38   -39854.129723        0.115279
LBFGS:  165 12:38:38   -39854.132706        0.143684
LBFGS:  166 12:38:39   -39854.135716        0.175054
LBFGS:  167 12:38:39   -39854.138310        0.089373
LBFGS:  168 12:38:39   -39854.140651        0.088630
LBFGS:  169 12:38:39   -39854.142593        0.119740
LBFGS:  170 12:38:39   -39854.146098        0.120447
LBFGS:  171 12:38:39   -39854.150615        0.141818
LBFGS:  172 12:38:39   -39854.155968        0.189841
LBFGS:  173 12:38:39   -39854.161726        0.151546
LBFGS:  174 12:38:39   -39854.167098        0.290545
LBFGS:  175 12:38:39   -39854.170729        0.205728
LBFGS:  176 12:38:39   -39854.174512        0.147832
LBFGS:  177 12:38:39   -39854.176732        0.125754
LBFGS:  178 12:38:39   -39854.177898        0.085850
LBFGS:  179 12:38:39   -39854.178840        0.087363
LBFGS:  180 12:38:39   -39854.180282        0.082223
LBFGS:  181 12:38:39   -39854.182009        0.110056
LBFGS:  182 12:38:39   -39854.184652        0.090535
LBFGS:  183 12:38:39   -39854.187862        0.097007
LBFGS:  184 12:38:39   -39854.191094        0.113389
LBFGS:  185 12:38:39   -39854.194130        0.101991
LBFGS:  186 12:38:39   -39854.196471        0.184152
LBFGS:  187 12:38:39   -39854.198101        0.073481
LBFGS:  188 12:38:39   -39854.199131        0.065353
LBFGS:  189 12:38:39   -39854.200073        0.070931
LBFGS:  190 12:38:39   -39854.201188        0.093864
LBFGS:  191 12:38:39   -39854.202931        0.101909
LBFGS:  192 12:38:39   -39854.204853        0.088554
LBFGS:  193 12:38:39   -39854.206960        0.090000
LBFGS:  194 12:38:39   -39854.209175        0.138336
LBFGS:  195 12:38:40   -39854.211514        0.127695
LBFGS:  196 12:38:40   -39854.213409        0.113214
LBFGS:  197 12:38:40   -39854.214611        0.078655
LBFGS:  198 12:38:40   -39854.215602        0.065355
LBFGS:  199 12:38:40   -39854.216721        0.057226
LBFGS:  200 12:38:40   -39854.218096        0.066760
       Step     Time          Energy          fmax
LBFGS:    0 12:38:43   -43564.043315        9.247541
LBFGS:    1 12:38:43   -43568.135747        6.309035
LBFGS:    2 12:38:43   -43572.381472        4.849478
LBFGS:    3 12:38:43   -43576.576124        5.538219
LBFGS:    4 12:38:43   -43580.410929        9.364935
LBFGS:    5 12:38:43   -43583.500718        7.743434
LBFGS:    6 12:38:43   -43586.044768        6.814203
LBFGS:    7 12:38:43   -43588.298739        5.701958
LBFGS:    8 12:38:43   -43590.280940        5.614215
LBFGS:    9 12:38:43   -43592.167042        5.356606
LBFGS:   10 12:38:43   -43594.009650        4.563177
LBFGS:   11 12:38:43   -43595.637463        3.716892
LBFGS:   12 12:38:43   -43596.758816        3.525234
LBFGS:   13 12:38:43   -43597.605086        3.189093
LBFGS:   14 12:38:43   -43598.315015        2.663945
LBFGS:   15 12:38:43   -43598.802904        2.082723
LBFGS:   16 12:38:43   -43599.178972        1.901118
LBFGS:   17 12:38:43   -43599.542380        1.853684
LBFGS:   18 12:38:44   -43599.738058        1.920268
LBFGS:   19 12:38:44   -43599.943918        1.845783
LBFGS:   20 12:38:44   -43600.147863        3.248954
LBFGS:   21 12:38:44   -43600.422794        1.350840
LBFGS:   22 12:38:44   -43600.609846        0.786007
LBFGS:   23 12:38:44   -43600.687573        0.649067
LBFGS:   24 12:38:44   -43600.790787        0.502917
LBFGS:   25 12:38:44   -43600.845652        0.439782
LBFGS:   26 12:38:44   -43600.887595        0.655833
LBFGS:   27 12:38:44   -43600.930179        0.488687
LBFGS:   28 12:38:44   -43600.980229        0.520339
LBFGS:   29 12:38:44   -43601.018681        0.425582
LBFGS:   30 12:38:44   -43601.068130        0.665589
LBFGS:   31 12:38:44   -43601.117924        1.277292
LBFGS:   32 12:38:44   -43601.244657        1.458886
LBFGS:   33 12:38:44   -43601.394656        0.908578
LBFGS:   34 12:38:44   -43601.557415        0.678135
LBFGS:   35 12:38:44   -43601.595955        0.998310
LBFGS:   36 12:38:44   -43601.331742        2.632861
LBFGS:   37 12:38:44   -43601.698549        0.610753
LBFGS:   38 12:38:44   -43601.741137        0.440285
LBFGS:   39 12:38:44   -43601.800955        1.170517
LBFGS:   40 12:38:44   -43601.845735        0.604253
LBFGS:   41 12:38:44   -43601.949532        0.775277
LBFGS:   42 12:38:44   -43602.040658        0.711912
LBFGS:   43 12:38:44   -43602.097278        1.851864
LBFGS:   44 12:38:44   -43602.185404        0.976823
LBFGS:   45 12:38:44   -43602.287326        1.155711
LBFGS:   46 12:38:44   -43602.359477        1.163547
LBFGS:   47 12:38:45   -43602.402233        0.685417
LBFGS:   48 12:38:45   -43602.451711        0.769839
LBFGS:   49 12:38:45   -43602.485608        0.659721
LBFGS:   50 12:38:45   -43602.538692        0.453241
LBFGS:   51 12:38:45   -43602.611047        1.118896
LBFGS:   52 12:38:45   -43602.642838        1.425706
LBFGS:   53 12:38:45   -43602.700264        0.557186
LBFGS:   54 12:38:45   -43602.764546        0.724680
LBFGS:   55 12:38:45   -43602.829478        0.943227
LBFGS:   56 12:38:45   -43602.893747        1.115513
LBFGS:   57 12:38:45   -43602.953025        0.709150
LBFGS:   58 12:38:45   -43602.983701        0.368578
LBFGS:   59 12:38:45   -43603.031331        0.552684
LBFGS:   60 12:38:45   -43603.084793        0.728285
LBFGS:   61 12:38:45   -43603.086571        2.099148
LBFGS:   62 12:38:45   -43603.177526        0.686903
LBFGS:   63 12:38:45   -43603.216583        0.469748
LBFGS:   64 12:38:45   -43603.229139        2.170009
LBFGS:   65 12:38:45   -43603.311071        0.435304
LBFGS:   66 12:38:45   -43603.335917        0.276801
LBFGS:   67 12:38:45   -43603.380021        1.019357
LBFGS:   68 12:38:45   -43603.406445        0.391210
LBFGS:   69 12:38:45   -43603.434131        0.335973
LBFGS:   70 12:38:45   -43603.494484        0.625810
LBFGS:   71 12:38:45   -43603.541154        0.515962
LBFGS:   72 12:38:45   -43603.585989        0.597689
LBFGS:   73 12:38:45   -43603.626946        0.534200
LBFGS:   74 12:38:45   -43603.656855        0.501042
LBFGS:   75 12:38:45   -43603.683006        0.408545
LBFGS:   76 12:38:45   -43603.708747        0.478401
LBFGS:   77 12:38:46   -43603.734714        0.366741
LBFGS:   78 12:38:46   -43603.768535        0.351478
LBFGS:   79 12:38:46   -43603.807253        0.644402
LBFGS:   80 12:38:46   -43603.834996        0.578703
LBFGS:   81 12:38:46   -43603.873938        0.476048
LBFGS:   82 12:38:46   -43603.916887        0.465011
LBFGS:   83 12:38:46   -43603.942065        0.693268
LBFGS:   84 12:38:46   -43603.973979        0.612495
LBFGS:   85 12:38:46   -43604.018318        0.705097
LBFGS:   86 12:38:46   -43604.080759        0.606588
LBFGS:   87 12:38:46   -43604.141813        0.879006
LBFGS:   88 12:38:46   -43604.191008        0.729520
LBFGS:   89 12:38:46   -43604.236146        0.676956
LBFGS:   90 12:38:46   -43604.277580        0.477021
LBFGS:   91 12:38:46   -43604.321269        0.471224
LBFGS:   92 12:38:46   -43604.365776        0.595776
LBFGS:   93 12:38:46   -43604.416149        0.557060
LBFGS:   94 12:38:46   -43604.463714        0.558275
LBFGS:   95 12:38:46   -43604.467980        1.144594
LBFGS:   96 12:38:46   -43604.511978        0.472449
LBFGS:   97 12:38:46   -43604.528808        0.374195
LBFGS:   98 12:38:46   -43604.560561        0.329078
LBFGS:   99 12:38:46   -43604.620921        0.535133
LBFGS:  100 12:38:46   -43604.654161        0.403474
LBFGS:  101 12:38:46   -43604.699261        0.405091
LBFGS:  102 12:38:46   -43604.730740        0.525648
LBFGS:  103 12:38:46   -43604.742770        1.220046
LBFGS:  104 12:38:46   -43604.791089        0.343477
LBFGS:  105 12:38:46   -43604.821185        0.283795
LBFGS:  106 12:38:47   -43604.862811        0.419364
LBFGS:  107 12:38:47   -43604.897461        0.406092
LBFGS:  108 12:38:47   -43604.934437        0.444701
LBFGS:  109 12:38:47   -43604.969466        0.441865
LBFGS:  110 12:38:47   -43605.002093        0.376002
LBFGS:  111 12:38:47   -43605.035659        0.753839
LBFGS:  112 12:38:47   -43605.083410        0.602446
LBFGS:  113 12:38:47   -43605.130739        0.793560
LBFGS:  114 12:38:47   -43605.177364        0.588758
LBFGS:  115 12:38:47   -43605.225059        0.350685
LBFGS:  116 12:38:47   -43605.271788        0.542828
LBFGS:  117 12:38:47   -43605.298449        0.383468
LBFGS:  118 12:38:47   -43605.325692        0.326809
LBFGS:  119 12:38:47   -43605.343068        0.372559
LBFGS:  120 12:38:47   -43605.363520        0.306676
LBFGS:  121 12:38:47   -43605.385024        0.328860
LBFGS:  122 12:38:47   -43605.411909        0.460612
LBFGS:  123 12:38:47   -43605.450631        0.574417
LBFGS:  124 12:38:47   -43605.489183        0.496867
LBFGS:  125 12:38:47   -43605.529346        0.351992
LBFGS:  126 12:38:47   -43605.567797        0.388121
LBFGS:  127 12:38:47   -43605.598638        0.290642
LBFGS:  128 12:38:47   -43605.620588        0.231956
LBFGS:  129 12:38:47   -43605.636450        0.233279
LBFGS:  130 12:38:47   -43605.656131        0.259055
LBFGS:  131 12:38:47   -43605.681186        0.285306
LBFGS:  132 12:38:47   -43605.698294        0.391334
LBFGS:  133 12:38:47   -43605.707101        0.541271
LBFGS:  134 12:38:47   -43605.733688        0.256210
LBFGS:  135 12:38:48   -43605.752141        0.301061
LBFGS:  136 12:38:48   -43605.780097        0.281930
LBFGS:  137 12:38:48   -43605.813209        0.621615
LBFGS:  138 12:38:48   -43605.835546        0.313801
LBFGS:  139 12:38:48   -43605.869181        0.349175
LBFGS:  140 12:38:48   -43605.897249        0.371412
LBFGS:  141 12:38:48   -43605.915677        0.509497
LBFGS:  142 12:38:48   -43605.934724        0.370501
LBFGS:  143 12:38:48   -43605.950093        0.299208
LBFGS:  144 12:38:48   -43605.971931        0.292485
LBFGS:  145 12:38:48   -43605.991427        0.372968
LBFGS:  146 12:38:48   -43606.012121        0.366994
LBFGS:  147 12:38:48   -43606.030679        0.386563
LBFGS:  148 12:38:48   -43606.042250        0.191632
LBFGS:  149 12:38:48   -43606.050904        0.225648
LBFGS:  150 12:38:48   -43606.059415        0.237097
LBFGS:  151 12:38:48   -43606.070549        0.217462
LBFGS:  152 12:38:48   -43606.085863        0.263618
LBFGS:  153 12:38:48   -43606.103687        0.272318
LBFGS:  154 12:38:48   -43606.125223        0.335630
LBFGS:  155 12:38:48   -43606.146568        0.312259
LBFGS:  156 12:38:48   -43606.162927        0.484392
LBFGS:  157 12:38:48   -43606.170832        0.423001
LBFGS:  158 12:38:48   -43606.187150        0.212138
LBFGS:  159 12:38:48   -43606.200140        0.405809
LBFGS:  160 12:38:48   -43606.215079        0.472206
LBFGS:  161 12:38:48   -43606.233778        0.334429
LBFGS:  162 12:38:48   -43606.254697        0.323417
LBFGS:  163 12:38:48   -43606.276185        0.195297
LBFGS:  164 12:38:49   -43606.285015        0.459505
LBFGS:  165 12:38:49   -43606.300845        0.226047
LBFGS:  166 12:38:49   -43606.312094        0.217200
LBFGS:  167 12:38:49   -43606.328749        0.178859
LBFGS:  168 12:38:49   -43606.342447        0.231639
LBFGS:  169 12:38:49   -43606.353210        0.233928
LBFGS:  170 12:38:49   -43606.366373        0.255390
LBFGS:  171 12:38:49   -43606.381953        0.266231
LBFGS:  172 12:38:49   -43606.400491        0.321740
LBFGS:  173 12:38:49   -43606.421851        0.288817
LBFGS:  174 12:38:49   -43606.440827        0.282439
LBFGS:  175 12:38:49   -43606.454203        0.294466
LBFGS:  176 12:38:49   -43606.466887        0.297438
LBFGS:  177 12:38:49   -43606.478727        0.271816
LBFGS:  178 12:38:49   -43606.489462        0.225684
LBFGS:  179 12:38:49   -43606.502048        0.223172
LBFGS:  180 12:38:49   -43606.515538        0.323294
LBFGS:  181 12:38:49   -43606.528581        0.359977
LBFGS:  182 12:38:49   -43606.541102        0.218691
LBFGS:  183 12:38:49   -43606.550888        0.173587
LBFGS:  184 12:38:49   -43606.561051        0.218980
LBFGS:  185 12:38:49   -43606.570776        0.268947
LBFGS:  186 12:38:49   -43606.580632        0.234026
LBFGS:  187 12:38:49   -43606.590570        0.218108
LBFGS:  188 12:38:49   -43606.601396        0.171204
LBFGS:  189 12:38:49   -43606.611755        0.200757
LBFGS:  190 12:38:49   -43606.622916        0.216112
LBFGS:  191 12:38:49   -43606.631356        0.372922
LBFGS:  192 12:38:49   -43606.642006        0.197451
LBFGS:  193 12:38:50   -43606.652456        0.202384
LBFGS:  194 12:38:50   -43606.671394        0.213723
LBFGS:  195 12:38:50   -43606.684235        0.212809
LBFGS:  196 12:38:50   -43606.706504        0.264401
LBFGS:  197 12:38:50   -43606.725731        0.222477
LBFGS:  198 12:38:50   -43606.738819        0.420905
LBFGS:  199 12:38:50   -43606.754552        0.409237
LBFGS:  200 12:38:50   -43606.769794        0.163313
       Step     Time          Energy          fmax
LBFGS:    0 12:38:53   -47304.325912        9.936437
LBFGS:    1 12:38:53   -47309.407826        7.088148
LBFGS:    2 12:38:53   -47314.897870        4.657443
LBFGS:    3 12:38:53   -47320.283923        5.751738
LBFGS:    4 12:38:53   -47325.212923        9.071664
LBFGS:    5 12:38:53   -47329.366275        6.475634
LBFGS:    6 12:38:53   -47332.793913        6.217467
LBFGS:    7 12:38:53   -47335.897387        5.078524
LBFGS:    8 12:38:53   -47338.639150        4.658876
LBFGS:    9 12:38:53   -47341.156937        4.443328
LBFGS:   10 12:38:53   -47343.415484        3.734946
LBFGS:   11 12:38:53   -47345.260975        3.107396
LBFGS:   12 12:38:53   -47346.645415        2.945090
LBFGS:   13 12:38:53   -47347.615396        2.716311
LBFGS:   14 12:38:54   -47348.251169        2.411329
LBFGS:   15 12:38:54   -47348.738941        2.149729
LBFGS:   16 12:38:54   -47349.247188        1.950969
LBFGS:   17 12:38:54   -47349.696979        1.828826
LBFGS:   18 12:38:54   -47349.956860        1.079410
LBFGS:   19 12:38:54   -47350.117391        0.776906
LBFGS:   20 12:38:54   -47350.267113        0.647816
LBFGS:   21 12:38:54   -47350.357078        0.577246
LBFGS:   22 12:38:54   -47350.433600        0.900244
LBFGS:   23 12:38:54   -47350.533016        0.658753
LBFGS:   24 12:38:54   -47350.758018        0.821699
LBFGS:   25 12:38:54   -47350.914224        1.045945
LBFGS:   26 12:38:54   -47351.121490        1.158488
LBFGS:   27 12:38:54   -47351.305601        0.830660
LBFGS:   28 12:38:54   -47351.284820        1.898748
LBFGS:   29 12:38:54   -47351.486936        0.574537
LBFGS:   30 12:38:54   -47351.556453        0.346093
LBFGS:   31 12:38:54   -47351.607672        1.621608
LBFGS:   32 12:38:54   -47351.719163        0.741886
LBFGS:   33 12:38:54   -47351.764824        0.485951
LBFGS:   34 12:38:54   -47351.830174        1.323984
LBFGS:   35 12:38:54   -47351.926135        0.402459
LBFGS:   36 12:38:54   -47352.001881        0.449323
LBFGS:   37 12:38:54   -47352.188229        0.938458
LBFGS:   38 12:38:54   -47352.286716        0.778479
LBFGS:   39 12:38:54   -47352.409222        0.726173
LBFGS:   40 12:38:54   -47352.570991        1.205074
LBFGS:   41 12:38:54   -47352.771496        0.627961
LBFGS:   42 12:38:54   -47352.894980        0.631117
LBFGS:   43 12:38:55   -47352.991343        0.565362
LBFGS:   44 12:38:55   -47353.078335        0.931147
LBFGS:   45 12:38:55   -47353.172489        0.890018
LBFGS:   46 12:38:55   -47353.208558        1.107466
LBFGS:   47 12:38:55   -47353.268307        0.467571
LBFGS:   48 12:38:55   -47353.311077        0.374583
LBFGS:   49 12:38:55   -47353.400248        0.651749
LBFGS:   50 12:38:55   -47353.482504        0.967905
LBFGS:   51 12:38:55   -47353.553787        0.907363
LBFGS:   52 12:38:55   -47353.640813        0.648058
LBFGS:   53 12:38:55   -47353.726792        0.627487
LBFGS:   54 12:38:55   -47353.779572        0.721090
LBFGS:   55 12:38:55   -47353.865883        0.760962
LBFGS:   56 12:38:55   -47353.947894        0.427484
LBFGS:   57 12:38:55   -47354.003827        0.768921
LBFGS:   58 12:38:55   -47354.052999        0.631455
LBFGS:   59 12:38:55   -47354.131590        0.530456
LBFGS:   60 12:38:55   -47354.277738        0.652441
LBFGS:   61 12:38:55   -47354.352631        0.590762
LBFGS:   62 12:38:55   -47354.441266        0.604492
LBFGS:   63 12:38:55   -47354.522777        0.662976
LBFGS:   64 12:38:55   -47354.465529        1.670196
LBFGS:   65 12:38:55   -47354.666771        0.756350
LBFGS:   66 12:38:55   -47354.723975        0.558465
LBFGS:   67 12:38:55   -47354.842187        0.583062
LBFGS:   68 12:38:55   -47354.908710        0.653240
LBFGS:   69 12:38:55   -47355.062404        0.549275
LBFGS:   70 12:38:55   -47355.186208        0.722604
LBFGS:   71 12:38:55   -47355.278450        0.776169
LBFGS:   72 12:38:55   -47355.287049        1.646053
LBFGS:   73 12:38:56   -47355.406789        0.822323
LBFGS:   74 12:38:56   -47355.446052        1.011580
LBFGS:   75 12:38:56   -47355.503455        0.421889
LBFGS:   76 12:38:56   -47355.557350        0.481318
LBFGS:   77 12:38:56   -47355.620740        0.541521
LBFGS:   78 12:38:56   -47355.698429        0.666654
LBFGS:   79 12:38:56   -47355.757916        0.710200
LBFGS:   80 12:38:56   -47355.826082        0.461086
LBFGS:   81 12:38:56   -47355.961297        1.184529
LBFGS:   82 12:38:56   -47356.063717        0.881539
LBFGS:   83 12:38:56   -47356.180726        1.178377
LBFGS:   84 12:38:56   -47356.246114        0.809335
LBFGS:   85 12:38:56   -47356.317923        0.501791
LBFGS:   86 12:38:56   -47356.381533        0.725354
LBFGS:   87 12:38:56   -47356.463205        0.799287
LBFGS:   88 12:38:56   -47356.537774        0.551345
LBFGS:   89 12:38:56   -47356.607073        0.596425
LBFGS:   90 12:38:56   -47356.686082        0.860589
LBFGS:   91 12:38:56   -47356.794445        0.864892
LBFGS:   92 12:38:56   -47356.850445        0.628116
LBFGS:   93 12:38:56   -47356.903572        0.434313
LBFGS:   94 12:38:56   -47356.952013        0.622970
LBFGS:   95 12:38:56   -47357.008207        0.659469
LBFGS:   96 12:38:56   -47357.091077        0.643446
LBFGS:   97 12:38:56   -47357.165582        0.587941
LBFGS:   98 12:38:56   -47357.227601        0.536511
LBFGS:   99 12:38:56   -47357.281020        0.523884
LBFGS:  100 12:38:56   -47357.323381        0.355119
LBFGS:  101 12:38:56   -47357.365832        0.367937
LBFGS:  102 12:38:57   -47357.413964        0.314301
LBFGS:  103 12:38:57   -47357.460712        0.385815
LBFGS:  104 12:38:57   -47357.507925        0.516906
LBFGS:  105 12:38:57   -47357.573967        0.423024
LBFGS:  106 12:38:57   -47357.646310        0.493926
LBFGS:  107 12:38:57   -47357.709862        0.419085
LBFGS:  108 12:38:57   -47357.769255        0.359248
LBFGS:  109 12:38:57   -47357.808583        0.326954
LBFGS:  110 12:38:57   -47357.843213        0.296499
LBFGS:  111 12:38:57   -47357.885733        0.386965
LBFGS:  112 12:38:57   -47357.926068        0.369321
LBFGS:  113 12:38:57   -47357.964791        0.292744
LBFGS:  114 12:38:57   -47357.995901        0.309383
LBFGS:  115 12:38:57   -47358.026357        0.335170
LBFGS:  116 12:38:57   -47358.057039        0.362045
LBFGS:  117 12:38:57   -47358.089529        0.371590
LBFGS:  118 12:38:57   -47358.118626        0.537115
LBFGS:  119 12:38:57   -47358.146533        0.353254
LBFGS:  120 12:38:57   -47358.177227        0.398291
LBFGS:  121 12:38:57   -47358.200573        0.379776
LBFGS:  122 12:38:57   -47358.224845        0.226321
LBFGS:  123 12:38:57   -47358.249889        0.262736
LBFGS:  124 12:38:57   -47358.270535        0.260748
LBFGS:  125 12:38:57   -47358.303756        0.306547
LBFGS:  126 12:38:57   -47358.335296        0.299035
LBFGS:  127 12:38:57   -47358.361515        0.322032
LBFGS:  128 12:38:57   -47358.380831        0.317372
LBFGS:  129 12:38:57   -47358.405531        0.305441
LBFGS:  130 12:38:57   -47358.435411        0.563481
LBFGS:  131 12:38:58   -47358.466507        0.453859
LBFGS:  132 12:38:58   -47358.502114        0.346190
LBFGS:  133 12:38:58   -47358.543842        0.327079
LBFGS:  134 12:38:58   -47358.580844        0.336591
LBFGS:  135 12:38:58   -47358.604021        0.548838
LBFGS:  136 12:38:58   -47358.630988        0.284934
LBFGS:  137 12:38:58   -47358.653406        0.299432
LBFGS:  138 12:38:58   -47358.680062        0.313784
LBFGS:  139 12:38:58   -47358.706610        0.267572
LBFGS:  140 12:38:58   -47358.738019        0.267794
LBFGS:  141 12:38:58   -47358.772196        0.295502
LBFGS:  142 12:38:58   -47358.800529        0.346541
LBFGS:  143 12:38:58   -47358.817687        0.450410
LBFGS:  144 12:38:58   -47358.837417        0.303422
LBFGS:  145 12:38:58   -47358.857708        0.456770
LBFGS:  146 12:38:58   -47358.883977        0.364137
LBFGS:  147 12:38:58   -47358.912233        0.326606
LBFGS:  148 12:38:58   -47358.943108        0.252377
LBFGS:  149 12:38:58   -47358.969675        0.299259
LBFGS:  150 12:38:58   -47358.990715        0.289839
LBFGS:  151 12:38:58   -47359.010135        0.329650
LBFGS:  152 12:38:58   -47359.027338        0.273721
LBFGS:  153 12:38:58   -47359.049462        0.441812
LBFGS:  154 12:38:58   -47359.077836        0.408600
LBFGS:  155 12:38:58   -47359.111789        0.295013
LBFGS:  156 12:38:58   -47359.134473        0.242379
LBFGS:  157 12:38:58   -47359.152509        0.266356
LBFGS:  158 12:38:58   -47359.164947        0.200759
LBFGS:  159 12:38:59   -47359.176909        0.334911
LBFGS:  160 12:38:59   -47359.192549        0.255045
LBFGS:  161 12:38:59   -47359.209400        0.261674
LBFGS:  162 12:38:59   -47359.228157        0.258132
LBFGS:  163 12:38:59   -47359.246191        0.238054
LBFGS:  164 12:38:59   -47359.269378        0.252236
LBFGS:  165 12:38:59   -47359.289888        0.205591
LBFGS:  166 12:38:59   -47359.306332        0.238461
LBFGS:  167 12:38:59   -47359.322028        0.258090
LBFGS:  168 12:38:59   -47359.337957        0.214199
LBFGS:  169 12:38:59   -47359.359744        0.239983
LBFGS:  170 12:38:59   -47359.384465        0.330463
LBFGS:  171 12:38:59   -47359.405126        0.234163
LBFGS:  172 12:38:59   -47359.421436        0.233080
LBFGS:  173 12:38:59   -47359.438620        0.224331
LBFGS:  174 12:38:59   -47359.453996        0.192312
LBFGS:  175 12:38:59   -47359.471275        0.183576
LBFGS:  176 12:38:59   -47359.481116        0.803286
LBFGS:  177 12:38:59   -47359.487696        0.664586
LBFGS:  178 12:38:59   -47359.510910        0.243943
LBFGS:  179 12:38:59   -47359.526854        0.292701
LBFGS:  180 12:38:59   -47359.550135        0.421309
LBFGS:  181 12:38:59   -47359.568156        0.223497
LBFGS:  182 12:38:59   -47359.590797        0.213094
LBFGS:  183 12:38:59   -47359.618577        0.357538
LBFGS:  184 12:38:59   -47359.651028        0.368543
LBFGS:  185 12:38:59   -47359.669354        0.920474
LBFGS:  186 12:38:59   -47359.704371        0.662882
LBFGS:  187 12:39:00   -47359.742468        0.694291
LBFGS:  188 12:39:00   -47359.787159        0.348143
LBFGS:  189 12:39:00   -47359.856815        0.440682
LBFGS:  190 12:39:00   -47359.898707        0.454304
LBFGS:  191 12:39:00   -47359.955483        0.527363
LBFGS:  192 12:39:00   -47360.016000        0.379913
LBFGS:  193 12:39:00   -47360.028898        0.948626
LBFGS:  194 12:39:00   -47360.077505        0.605945
LBFGS:  195 12:39:00   -47360.108190        0.366583
LBFGS:  196 12:39:00   -47360.148038        0.320827
LBFGS:  197 12:39:00   -47360.187879        0.723439
LBFGS:  198 12:39:00   -47360.229844        0.371736
LBFGS:  199 12:39:00   -47360.264516        0.404427
LBFGS:  200 12:39:00   -47360.305233        0.445060
       Step     Time          Energy          fmax
LBFGS:    0 00:10:49   -34225.871520        0.691271
LBFGS:    1 00:10:49   -34225.878762        0.484007
LBFGS:    2 00:10:50   -34225.894941        0.479009
LBFGS:    3 00:10:50   -34225.937751        0.945538
LBFGS:    4 00:10:50   -34225.973318        1.130087
LBFGS:    5 00:10:50   -34226.029009        1.175890
LBFGS:    6 00:10:50   -34226.085346        0.609961
LBFGS:    7 00:10:51   -34226.121391        0.451838
LBFGS:    8 00:10:51   -34226.126466        1.399773
LBFGS:    9 00:10:51   -34226.130942        1.228693
LBFGS:   10 00:10:51   -34226.153829        0.439317
LBFGS:   11 00:10:51   -34226.161771        0.361077
LBFGS:   12 00:10:51   -34226.177220        0.915200
LBFGS:   13 00:10:51   -34226.185762        0.413127
LBFGS:   14 00:10:51   -34226.195947        0.336850
LBFGS:   15 00:10:51   -34226.203890        1.135838
LBFGS:   16 00:10:51   -34226.215410        0.416070
LBFGS:   17 00:10:51   -34226.224545        0.170950
LBFGS:   18 00:10:51   -34226.208069        1.610220
LBFGS:   19 00:10:51   -34226.232423        0.164466
LBFGS:   20 00:10:51   -34226.236334        0.127439
LBFGS:   21 00:10:51   -34226.221608        1.540404
LBFGS:   22 00:10:51   -34226.243322        0.113581
LBFGS:   23 00:10:51   -34226.246861        0.106899
LBFGS:   24 00:10:51   -34226.229092        1.608542
LBFGS:   25 00:10:51   -34226.253352        0.113528
LBFGS:   26 00:10:51   -34226.257144        0.112514
LBFGS:   27 00:10:51   -34226.217300        2.090252
LBFGS:   28 00:10:51   -34226.264052        0.105843
LBFGS:   29 00:10:51   -34226.268447        0.092117
LBFGS:   30 00:10:52   -34226.233177        1.996074
LBFGS:   31 00:10:52   -34226.276332        0.132565
LBFGS:   32 00:10:52   -34226.281047        0.118299
LBFGS:   33 00:10:52   -34226.255586        1.721539
LBFGS:   34 00:10:52   -34226.288864        0.135783
LBFGS:   35 00:10:52   -34226.293201        0.129165
LBFGS:   36 00:10:52   -34226.286489        1.176553
LBFGS:   37 00:10:52   -34226.301880        0.140540
LBFGS:   38 00:10:52   -34226.305516        0.146988
LBFGS:   39 00:10:52   -34226.310590        0.563249
LBFGS:   40 00:10:52   -34226.315759        0.169206
LBFGS:   41 00:10:52   -34226.318854        0.210459
LBFGS:   42 00:10:52   -34226.323699        0.295054
LBFGS:   43 00:10:52   -34226.325922        0.279655
LBFGS:   44 00:10:52   -34226.330270        0.310439
LBFGS:   45 00:10:52   -34226.339041        0.321395
LBFGS:   46 00:10:52   -34226.347645        0.908678
LBFGS:   47 00:10:52   -34226.357927        0.523701
LBFGS:   48 00:10:52   -34226.367794        0.762004
LBFGS:   49 00:10:52   -34226.377356        0.845224
LBFGS:   50 00:10:52   -34226.381356        0.338347
LBFGS:   51 00:10:52   -34226.385350        0.227026
LBFGS:   52 00:10:52   -34226.387935        0.389074
LBFGS:   53 00:10:52   -34226.390983        0.366435
LBFGS:   54 00:10:52   -34226.395161        0.178272
LBFGS:   55 00:10:52   -34226.397950        0.169446
LBFGS:   56 00:10:52   -34226.401531        0.193344
LBFGS:   57 00:10:52   -34226.404369        0.271512
LBFGS:   58 00:10:52   -34226.409441        0.222851
LBFGS:   59 00:10:52   -34226.414414        0.219957
LBFGS:   60 00:10:53   -34226.421493        0.293969
LBFGS:   61 00:10:53   -34226.413626        0.888839
LBFGS:   62 00:10:53   -34226.433581        0.808433
LBFGS:   63 00:10:53   -34226.438595        0.796124
LBFGS:   64 00:10:53   -34226.458939        0.843553
LBFGS:   65 00:10:53   -34226.465327        1.143301
LBFGS:   66 00:10:53   -34226.489299        0.631033
LBFGS:   67 00:10:53   -34226.501633        0.600134
LBFGS:   68 00:10:53   -34226.510305        0.518197
LBFGS:   69 00:10:53   -34226.519717        0.972174
LBFGS:   70 00:10:53   -34226.528484        0.440818
LBFGS:   71 00:10:53   -34226.536571        0.335018
LBFGS:   72 00:10:53   -34226.544980        0.166977
LBFGS:   73 00:10:53   -34226.552920        0.155982
LBFGS:   74 00:10:53   -34226.557145        0.593825
LBFGS:   75 00:10:53   -34226.565238        0.312106
LBFGS:   76 00:10:53   -34226.577759        0.343349
LBFGS:   77 00:10:53   -34226.557619        1.599714
LBFGS:   78 00:10:53   -34226.586558        0.760687
LBFGS:   79 00:10:53   -34226.595784        0.281654
LBFGS:   80 00:10:53   -34226.601388        0.286882
LBFGS:   81 00:10:53   -34226.603872        0.308962
LBFGS:   82 00:10:53   -34226.609989        0.289592
LBFGS:   83 00:10:53   -34226.620665        0.448151
LBFGS:   84 00:10:53   -34226.634339        0.379977
LBFGS:   85 00:10:53   -34226.630340        1.217946
LBFGS:   86 00:10:53   -34226.649161        0.263673
LBFGS:   87 00:10:53   -34226.651329        0.094198
LBFGS:   88 00:10:53   -34226.652437        0.086521
LBFGS:   89 00:10:53   -34226.652964        0.098219
LBFGS:   90 00:10:53   -34226.653976        0.109373
LBFGS:   91 00:10:54   -34226.654800        0.152369
LBFGS:   92 00:10:54   -34226.656410        0.129756
LBFGS:   93 00:10:54   -34226.658050        0.123124
LBFGS:   94 00:10:54   -34226.659429        0.103562
LBFGS:   95 00:10:54   -34226.660296        0.079930
LBFGS:   96 00:10:54   -34226.660887        0.085219
LBFGS:   97 00:10:54   -34226.661617        0.072301
LBFGS:   98 00:10:54   -34226.662391        0.080991
LBFGS:   99 00:10:54   -34226.663625        0.117358
LBFGS:  100 00:10:54   -34226.665717        0.136574
LBFGS:  101 00:10:54   -34226.668976        0.161318
LBFGS:  102 00:10:54   -34226.672534        0.328835
LBFGS:  103 00:10:54   -34226.675968        0.327563
LBFGS:  104 00:10:54   -34226.678635        0.305750
LBFGS:  105 00:10:54   -34226.680096        0.404708
LBFGS:  106 00:10:54   -34226.682338        0.190526
LBFGS:  107 00:10:54   -34226.683906        0.169032
LBFGS:  108 00:10:54   -34226.694167        0.491999
LBFGS:  109 00:10:54   -34226.701854        0.495222
LBFGS:  110 00:10:54   -34226.708466        0.267486
LBFGS:  111 00:10:54   -34226.700719        0.802709
LBFGS:  112 00:10:54   -34226.712732        0.172653
LBFGS:  113 00:10:54   -34226.714620        0.147341
LBFGS:  114 00:10:54   -34226.717969        0.229548
LBFGS:  115 00:10:54   -34226.720285        0.192570
LBFGS:  116 00:10:54   -34226.723540        0.239284
LBFGS:  117 00:10:54   -34226.726087        0.214978
LBFGS:  118 00:10:54   -34226.729884        0.158072
LBFGS:  119 00:10:54   -34226.732258        0.424147
LBFGS:  120 00:10:54   -34226.740142        0.458973
LBFGS:  121 00:10:55   -34226.746665        0.204032
LBFGS:  122 00:10:55   -34226.750794        0.259896
LBFGS:  123 00:10:55   -34226.755044        0.189673
LBFGS:  124 00:10:55   -34226.756020        0.441376
LBFGS:  125 00:10:55   -34226.752930        0.592981
LBFGS:  126 00:10:55   -34226.761215        0.193450
LBFGS:  127 00:10:55   -34226.763189        0.101527
LBFGS:  128 00:10:55   -34226.766382        0.133332
LBFGS:  129 00:10:55   -34226.772569        0.361505
LBFGS:  130 00:10:55   -34226.775667        0.369558
LBFGS:  131 00:10:55   -34226.778255        0.279842
LBFGS:  132 00:10:55   -34226.780613        0.386114
LBFGS:  133 00:10:55   -34226.783310        0.140354
LBFGS:  134 00:10:55   -34226.785627        0.243200
LBFGS:  135 00:10:55   -34226.788195        0.115479
LBFGS:  136 00:10:55   -34226.789007        0.073831
LBFGS:  137 00:10:55   -34226.789768        0.123066
LBFGS:  138 00:10:55   -34226.791157        0.131740
LBFGS:  139 00:10:55   -34226.791876        0.112203
LBFGS:  140 00:10:55   -34226.792438        0.055662
LBFGS:  141 00:10:55   -34226.792707        0.051792
LBFGS:  142 00:10:55   -34226.793031        0.032891
LBFGS:  143 00:10:55   -34226.793179        0.032919
LBFGS:  144 00:10:55   -34226.793531        0.043353
LBFGS:  145 00:10:55   -34226.793956        0.068144
LBFGS:  146 00:10:55   -34226.794734        0.107111
LBFGS:  147 00:10:55   -34226.795895        0.150402
LBFGS:  148 00:10:55   -34226.797876        0.194318
LBFGS:  149 00:10:55   -34226.800373        0.182381
LBFGS:  150 00:10:55   -34226.801797        0.064333
LBFGS:  151 00:10:55   -34226.802451        0.080363
LBFGS:  152 00:10:56   -34226.802841        0.051405
LBFGS:  153 00:10:56   -34226.803048        0.047964
LBFGS:  154 00:10:56   -34226.803188        0.034566
LBFGS:  155 00:10:56   -34226.803357        0.039636
LBFGS:  156 00:10:56   -34226.803723        0.059640
LBFGS:  157 00:10:56   -34226.804293        0.083865
LBFGS:  158 00:10:56   -34226.805467        0.143978
LBFGS:  159 00:10:56   -34226.807687        0.229715
LBFGS:  160 00:10:56   -34226.810855        0.294978
LBFGS:  161 00:10:56   -34226.814688        0.257878
LBFGS:  162 00:10:56   -34226.818121        0.108636
LBFGS:  163 00:10:56   -34226.818583        0.099996
LBFGS:  164 00:10:56   -34226.818884        0.117872
LBFGS:  165 00:10:56   -34226.819160        0.065510
LBFGS:  166 00:10:56   -34226.819416        0.049004
LBFGS:  167 00:10:56   -34226.819793        0.084712
LBFGS:  168 00:10:56   -34226.820452        0.076985
LBFGS:  169 00:10:56   -34226.821691        0.084961
LBFGS:  170 00:10:56   -34226.823779        0.115943
LBFGS:  171 00:10:56   -34226.825777        0.120226
LBFGS:  172 00:10:56   -34226.826829        0.125622
LBFGS:  173 00:10:56   -34226.826961        0.357233
LBFGS:  174 00:10:56   -34226.828184        0.129726
LBFGS:  175 00:10:56   -34226.828793        0.086058
LBFGS:  176 00:10:56   -34226.829292        0.068762
LBFGS:  177 00:10:56   -34226.829620        0.060204
LBFGS:  178 00:10:56   -34226.829769        0.037065
LBFGS:  179 00:10:56   -34226.829870        0.025366
LBFGS:  180 00:10:56   -34226.829911        0.028308
LBFGS:  181 00:10:56   -34226.829958        0.021674
LBFGS:  182 00:10:56   -34226.830019        0.028300
LBFGS:  183 00:10:57   -34226.830148        0.051719
LBFGS:  184 00:10:57   -34226.830407        0.068193
LBFGS:  185 00:10:57   -34226.830851        0.082598
LBFGS:  186 00:10:57   -34226.831403        0.101983
LBFGS:  187 00:10:57   -34226.832079        0.106598
LBFGS:  188 00:10:57   -34226.832739        0.083637
LBFGS:  189 00:10:57   -34226.833327        0.092775
LBFGS:  190 00:10:57   -34226.834089        0.055091
LBFGS:  191 00:10:57   -34226.833868        0.278789
LBFGS:  192 00:10:57   -34226.834729        0.061716
LBFGS:  193 00:10:57   -34226.834863        0.018897
LBFGS:  194 00:10:57   -34226.834936        0.035278
LBFGS:  195 00:10:57   -34226.834959        0.020348
LBFGS:  196 00:10:57   -34226.834978        0.018469
LBFGS:  197 00:10:57   -34226.835038        0.024755
LBFGS:  198 00:10:57   -34226.835116        0.038288
LBFGS:  199 00:10:57   -34226.835261        0.041864
LBFGS:  200 00:10:57   -34226.835441        0.042403
       Step     Time          Energy          fmax
LBFGS:    0 00:11:39   -33288.638738        0.691276
LBFGS:    1 00:11:39   -33288.645596        0.484005
LBFGS:    2 00:11:39   -33288.663468        0.519473
LBFGS:    3 00:11:39   -33288.706490        1.046532
LBFGS:    4 00:11:39   -33288.741399        1.207536
LBFGS:    5 00:11:39   -33288.798910        1.175632
LBFGS:    6 00:11:39   -33288.853862        0.572232
LBFGS:    7 00:11:39   -33288.884827        0.594907
LBFGS:    8 00:11:39   -33288.891385        0.938755
LBFGS:    9 00:11:39   -33288.861457        1.950235
LBFGS:   10 00:11:39   -33288.906520        0.325752
LBFGS:   11 00:11:39   -33288.912572        0.289309
LBFGS:   12 00:11:39   -33288.906273        1.792144
LBFGS:   13 00:11:39   -33288.930251        0.239328
LBFGS:   14 00:11:39   -33288.937341        0.302514
LBFGS:   15 00:11:39   -33288.937891        1.352946
LBFGS:   16 00:11:39   -33288.951834        0.252541
LBFGS:   17 00:11:39   -33288.957138        0.250557
LBFGS:   18 00:11:39   -33288.955489        1.422887
LBFGS:   19 00:11:39   -33288.972722        0.137941
LBFGS:   20 00:11:39   -33288.978927        0.112183
LBFGS:   21 00:11:39   -33288.930739        2.197075
LBFGS:   22 00:11:39   -33288.985543        0.129333
LBFGS:   23 00:11:39   -33288.989501        0.123158
LBFGS:   24 00:11:39   -33288.906134        2.625842
LBFGS:   25 00:11:39   -33288.993833        0.142864
LBFGS:   26 00:11:40   -33288.997143        0.134442
LBFGS:   27 00:11:40   -33288.942134        2.273043
LBFGS:   28 00:11:40   -33289.002129        0.126516
LBFGS:   29 00:11:40   -33289.005754        0.108725
LBFGS:   30 00:11:40   -33288.959377        2.106662
LBFGS:   31 00:11:40   -33289.010844        0.092252
LBFGS:   32 00:11:40   -33289.014221        0.099024
LBFGS:   33 00:11:40   -33289.000056        1.432784
LBFGS:   34 00:11:40   -33289.020395        0.110090
LBFGS:   35 00:11:40   -33289.023436        0.156771
LBFGS:   36 00:11:40   -33289.025985        0.750462
LBFGS:   37 00:11:40   -33289.031134        0.211555
LBFGS:   38 00:11:40   -33289.033955        0.126475
LBFGS:   39 00:11:40   -33289.042622        0.155920
LBFGS:   40 00:11:40   -33289.045034        0.205266
LBFGS:   41 00:11:40   -33289.046280        0.207135
LBFGS:   42 00:11:40   -33289.047299        0.292771
LBFGS:   43 00:11:40   -33289.048656        0.237366
LBFGS:   44 00:11:40   -33289.052083        0.189042
LBFGS:   45 00:11:40   -33289.057096        0.219229
LBFGS:   46 00:11:40   -33289.061462        0.303485
LBFGS:   47 00:11:40   -33289.067120        0.352812
LBFGS:   48 00:11:40   -33289.070480        0.219243
LBFGS:   49 00:11:40   -33289.073153        0.161713
LBFGS:   50 00:11:40   -33289.073804        0.057474
LBFGS:   51 00:11:40   -33289.074086        0.070234
LBFGS:   52 00:11:40   -33289.074252        0.114306
LBFGS:   53 00:11:40   -33289.074508        0.087362
LBFGS:   54 00:11:40   -33289.075456        0.101892
LBFGS:   55 00:11:40   -33289.076100        0.127960
LBFGS:   56 00:11:40   -33289.077461        0.121897
LBFGS:   57 00:11:41   -33289.078602        0.158228
LBFGS:   58 00:11:41   -33289.079123        0.073088
LBFGS:   59 00:11:41   -33289.079609        0.114287
LBFGS:   60 00:11:41   -33289.079933        0.044214
LBFGS:   61 00:11:41   -33289.080008        0.039946
LBFGS:   62 00:11:41   -33289.080092        0.048086
LBFGS:   63 00:11:41   -33289.080201        0.056996
LBFGS:   64 00:11:41   -33289.080397        0.063271
LBFGS:   65 00:11:41   -33289.080837        0.072636
LBFGS:   66 00:11:41   -33289.081917        0.123172
LBFGS:   67 00:11:41   -33289.083419        0.368898
LBFGS:   68 00:11:41   -33289.086170        0.143564
LBFGS:   69 00:11:41   -33289.089013        0.284317
LBFGS:   70 00:11:41   -33289.090070        0.225431
LBFGS:   71 00:11:41   -33289.091072        0.177355
LBFGS:   72 00:11:41   -33289.089056        0.522236
LBFGS:   73 00:11:41   -33289.092275        0.079916
LBFGS:   74 00:11:41   -33289.092802        0.100617
LBFGS:   75 00:11:41   -33289.093363        0.073293
LBFGS:   76 00:11:41   -33289.093858        0.145168
LBFGS:   77 00:11:41   -33289.094259        0.077977
LBFGS:   78 00:11:41   -33289.094968        0.096035
LBFGS:   79 00:11:41   -33289.095406        0.102534
LBFGS:   80 00:11:41   -33289.095537        0.157473
LBFGS:   81 00:11:41   -33289.095999        0.064534
LBFGS:   82 00:11:41   -33289.096411        0.112949
LBFGS:   83 00:11:41   -33289.097561        0.141691
LBFGS:   84 00:11:41   -33289.098539        0.085848
LBFGS:   85 00:11:41   -33289.098617        0.221686
LBFGS:   86 00:11:41   -33289.099381        0.090071
LBFGS:   87 00:11:42   -33289.099647        0.044363
LBFGS:   88 00:11:42   -33289.099404        0.174502
LBFGS:   89 00:11:42   -33289.099961        0.046475
LBFGS:   90 00:11:42   -33289.100080        0.049683
LBFGS:   91 00:11:42   -33289.100421        0.167822
LBFGS:   92 00:11:42   -33289.100817        0.056244
LBFGS:   93 00:11:42   -33289.101319        0.090580
LBFGS:   94 00:11:42   -33289.102958        0.130287
LBFGS:   95 00:11:42   -33289.102960        0.383806
LBFGS:   96 00:11:42   -33289.104761        0.150353
LBFGS:   97 00:11:42   -33289.105426        0.130463
LBFGS:   98 00:11:42   -33289.105589        0.343419
LBFGS:   99 00:11:42   -33289.106943        0.041927
LBFGS:  100 00:11:42   -33289.107318        0.039594
LBFGS:  101 00:11:42   -33289.107916        0.082561
LBFGS:  102 00:11:42   -33289.108200        0.075518
LBFGS:  103 00:11:42   -33289.108656        0.050985
LBFGS:  104 00:11:42   -33289.108995        0.056848
LBFGS:  105 00:11:42   -33289.109425        0.058888
LBFGS:  106 00:11:42   -33289.109847        0.074344
LBFGS:  107 00:11:42   -33289.110393        0.149966
LBFGS:  108 00:11:42   -33289.111170        0.101561
LBFGS:  109 00:11:42   -33289.112648        0.129374
LBFGS:  110 00:11:42   -33289.114461        0.286429
LBFGS:  111 00:11:42   -33289.116616        0.205158
LBFGS:  112 00:11:42   -33289.119538        0.192510
LBFGS:  113 00:11:42   -33289.121882        0.294437
LBFGS:  114 00:11:42   -33289.123216        0.102960
LBFGS:  115 00:11:42   -33289.124296        0.226505
LBFGS:  116 00:11:42   -33289.125042        0.170942
LBFGS:  117 00:11:43   -33289.125784        0.151207
LBFGS:  118 00:11:43   -33289.127325        0.130709
LBFGS:  119 00:11:43   -33289.128754        0.170176
LBFGS:  120 00:11:43   -33289.130760        0.137302
LBFGS:  121 00:11:43   -33289.114478        0.977166
LBFGS:  122 00:11:43   -33289.131731        0.123655
LBFGS:  123 00:11:43   -33289.132437        0.112944
LBFGS:  124 00:11:43   -33289.132296        0.680679
LBFGS:  125 00:11:43   -33289.136269        0.101803
LBFGS:  126 00:11:43   -33289.138540        0.145453
LBFGS:  127 00:11:43   -33289.141291        0.681462
LBFGS:  128 00:11:43   -33289.146157        0.254440
LBFGS:  129 00:11:43   -33289.151307        0.226320
LBFGS:  130 00:11:43   -33289.165149        0.536530
LBFGS:  131 00:11:43   -33289.175916        0.633762
LBFGS:  132 00:11:43   -33289.179548        0.708030
LBFGS:  133 00:11:43   -33289.195762        0.389781
LBFGS:  134 00:11:43   -33289.187779        1.066860
LBFGS:  135 00:11:43   -33289.201244        0.521144
LBFGS:  136 00:11:43   -33289.197417        0.766065
LBFGS:  137 00:11:43   -33289.209599        0.302169
LBFGS:  138 00:11:43   -33289.209712        0.452721
LBFGS:  139 00:11:43   -33289.215360        0.336943
LBFGS:  140 00:11:43   -33289.219638        0.261903
LBFGS:  141 00:11:43   -33289.223336        0.576942
LBFGS:  142 00:11:43   -33289.229060        0.224615
LBFGS:  143 00:11:43   -33289.231378        0.146490
LBFGS:  144 00:11:44   -33289.232613        0.097587
LBFGS:  145 00:11:44   -33289.234101        0.091727
LBFGS:  146 00:11:44   -33289.234548        0.077100
LBFGS:  147 00:11:44   -33289.234673        0.050646
LBFGS:  148 00:11:44   -33289.235005        0.067190
LBFGS:  149 00:11:44   -33289.235302        0.080585
LBFGS:  150 00:11:44   -33289.235768        0.051258
LBFGS:  151 00:11:44   -33289.235913        0.063262
LBFGS:  152 00:11:44   -33289.236642        0.127343
LBFGS:  153 00:11:44   -33289.238013        0.187691
LBFGS:  154 00:11:44   -33289.239159        0.132626
LBFGS:  155 00:11:44   -33289.239563        0.084893
LBFGS:  156 00:11:44   -33289.239793        0.110988
LBFGS:  157 00:11:44   -33289.240005        0.091785
LBFGS:  158 00:11:44   -33289.240171        0.079225
LBFGS:  159 00:11:44   -33289.240295        0.069959
LBFGS:  160 00:11:44   -33289.240394        0.039452
LBFGS:  161 00:11:44   -33289.240455        0.037207
LBFGS:  162 00:11:44   -33289.240527        0.037990
LBFGS:  163 00:11:44   -33289.240631        0.042880
LBFGS:  164 00:11:44   -33289.240836        0.060062
LBFGS:  165 00:11:44   -33289.241211        0.065688
LBFGS:  166 00:11:44   -33289.241666        0.050321
LBFGS:  167 00:11:44   -33289.241913        0.060093
LBFGS:  168 00:11:44   -33289.242111        0.035606
LBFGS:  169 00:11:44   -33289.242391        0.067304
LBFGS:  170 00:11:44   -33289.242733        0.056901
LBFGS:  171 00:11:44   -33289.242978        0.052186
LBFGS:  172 00:11:44   -33289.243129        0.029524
LBFGS:  173 00:11:44   -33289.243173        0.027653
LBFGS:  174 00:11:44   -33289.243194        0.021651
LBFGS:  175 00:11:45   -33289.243218        0.013560
LBFGS:  176 00:11:45   -33289.243231        0.014673
LBFGS:  177 00:11:45   -33289.243244        0.019786
LBFGS:  178 00:11:45   -33289.243257        0.020084
LBFGS:  179 00:11:45   -33289.243285        0.032584
LBFGS:  180 00:11:45   -33289.243344        0.052227
LBFGS:  181 00:11:45   -33289.243478        0.078456
LBFGS:  182 00:11:45   -33289.243754        0.103572
LBFGS:  183 00:11:45   -33289.244203        0.108623
LBFGS:  184 00:11:45   -33289.244677        0.073796
LBFGS:  185 00:11:45   -33289.244981        0.045382
LBFGS:  186 00:11:45   -33289.245095        0.022735
LBFGS:  187 00:11:45   -33289.245124        0.006643
       Step     Time          Energy          fmax
LBFGS:    0 15:44:22   -43564.043315        9.247541
LBFGS:    1 15:44:22   -43568.135747        6.309035
LBFGS:    2 15:44:23   -43572.381472        4.849478
LBFGS:    3 15:44:23   -43576.576124        5.538219
LBFGS:    4 15:44:23   -43580.410929        9.364935
LBFGS:    5 15:44:23   -43583.500718        7.743434
LBFGS:    6 15:44:24   -43586.044768        6.814203
LBFGS:    7 15:44:24   -43588.298739        5.701958
LBFGS:    8 15:44:24   -43590.280940        5.614215
LBFGS:    9 15:44:24   -43592.167042        5.356606
LBFGS:   10 15:44:24   -43594.009650        4.563177
LBFGS:   11 15:44:24   -43595.637463        3.716892
LBFGS:   12 15:44:24   -43596.758816        3.525234
LBFGS:   13 15:44:24   -43597.605086        3.189093
LBFGS:   14 15:44:24   -43598.315015        2.663945
LBFGS:   15 15:44:24   -43598.802904        2.082723
LBFGS:   16 15:44:24   -43599.178972        1.901118
LBFGS:   17 15:44:24   -43599.542380        1.853684
LBFGS:   18 15:44:24   -43599.738058        1.920268
LBFGS:   19 15:44:24   -43599.943918        1.845783
LBFGS:   20 15:44:24   -43600.147863        3.248954
LBFGS:   21 15:44:24   -43600.422794        1.350840
LBFGS:   22 15:44:25   -43600.609846        0.786007
LBFGS:   23 15:44:25   -43600.687573        0.649067
LBFGS:   24 15:44:25   -43600.790787        0.502917
LBFGS:   25 15:44:25   -43600.845652        0.439782
LBFGS:   26 15:44:25   -43600.887595        0.655833
LBFGS:   27 15:44:25   -43600.930179        0.488687
LBFGS:   28 15:44:25   -43600.980229        0.520339
LBFGS:   29 15:44:25   -43601.018681        0.425582
LBFGS:   30 15:44:25   -43601.068130        0.665589
LBFGS:   31 15:44:25   -43601.117924        1.277292
LBFGS:   32 15:44:25   -43601.244657        1.458886
LBFGS:   33 15:44:25   -43601.394656        0.908578
LBFGS:   34 15:44:25   -43601.557415        0.678135
LBFGS:   35 15:44:25   -43601.595955        0.998310
LBFGS:   36 15:44:25   -43601.331742        2.632861
LBFGS:   37 15:44:25   -43601.698549        0.610753
LBFGS:   38 15:44:25   -43601.741137        0.440285
LBFGS:   39 15:44:25   -43601.800955        1.170517
LBFGS:   40 15:44:25   -43601.845735        0.604253
LBFGS:   41 15:44:25   -43601.949532        0.775277
LBFGS:   42 15:44:25   -43602.040658        0.711912
LBFGS:   43 15:44:25   -43602.097278        1.851864
LBFGS:   44 15:44:25   -43602.185404        0.976823
LBFGS:   45 15:44:25   -43602.287326        1.155711
LBFGS:   46 15:44:25   -43602.359477        1.163547
LBFGS:   47 15:44:25   -43602.402233        0.685417
LBFGS:   48 15:44:25   -43602.451711        0.769839
LBFGS:   49 15:44:25   -43602.485608        0.659721
LBFGS:   50 15:44:25   -43602.538692        0.453241
LBFGS:   51 15:44:25   -43602.611047        1.118896
LBFGS:   52 15:44:26   -43602.642838        1.425706
LBFGS:   53 15:44:26   -43602.700264        0.557186
LBFGS:   54 15:44:26   -43602.764546        0.724680
LBFGS:   55 15:44:26   -43602.829478        0.943227
LBFGS:   56 15:44:26   -43602.893747        1.115513
LBFGS:   57 15:44:26   -43602.953025        0.709150
LBFGS:   58 15:44:26   -43602.983701        0.368578
LBFGS:   59 15:44:26   -43603.031331        0.552684
LBFGS:   60 15:44:26   -43603.084793        0.728285
LBFGS:   61 15:44:26   -43603.086571        2.099148
LBFGS:   62 15:44:26   -43603.177526        0.686903
LBFGS:   63 15:44:26   -43603.216583        0.469748
LBFGS:   64 15:44:26   -43603.229139        2.170009
LBFGS:   65 15:44:26   -43603.311071        0.435305
LBFGS:   66 15:44:26   -43603.335917        0.276801
LBFGS:   67 15:44:26   -43603.380021        1.019356
LBFGS:   68 15:44:26   -43603.406445        0.391210
LBFGS:   69 15:44:26   -43603.434131        0.335973
LBFGS:   70 15:44:26   -43603.494484        0.625810
LBFGS:   71 15:44:26   -43603.541154        0.515962
LBFGS:   72 15:44:26   -43603.585989        0.597689
LBFGS:   73 15:44:26   -43603.626946        0.534200
LBFGS:   74 15:44:26   -43603.656855        0.501042
LBFGS:   75 15:44:26   -43603.683006        0.408545
LBFGS:   76 15:44:26   -43603.708747        0.478401
LBFGS:   77 15:44:26   -43603.734714        0.366741
LBFGS:   78 15:44:26   -43603.768535        0.351478
LBFGS:   79 15:44:26   -43603.807253        0.644402
LBFGS:   80 15:44:26   -43603.834996        0.578703
LBFGS:   81 15:44:26   -43603.873938        0.476048
LBFGS:   82 15:44:26   -43603.916887        0.465011
LBFGS:   83 15:44:27   -43603.942065        0.693267
LBFGS:   84 15:44:27   -43603.973979        0.612496
LBFGS:   85 15:44:27   -43604.018318        0.705098
LBFGS:   86 15:44:27   -43604.080759        0.606587
LBFGS:   87 15:44:27   -43604.141813        0.879003
LBFGS:   88 15:44:27   -43604.191008        0.729519
LBFGS:   89 15:44:27   -43604.236145        0.676961
LBFGS:   90 15:44:27   -43604.277580        0.477022
LBFGS:   91 15:44:27   -43604.321269        0.471219
LBFGS:   92 15:44:27   -43604.365776        0.595775
LBFGS:   93 15:44:27   -43604.416149        0.557058
LBFGS:   94 15:44:27   -43604.463714        0.558277
LBFGS:   95 15:44:27   -43604.467980        1.144597
LBFGS:   96 15:44:27   -43604.511978        0.472448
LBFGS:   97 15:44:27   -43604.528808        0.374189
LBFGS:   98 15:44:27   -43604.560561        0.329076
LBFGS:   99 15:44:27   -43604.620921        0.535134
LBFGS:  100 15:44:27   -43604.654161        0.403472
LBFGS:  101 15:44:27   -43604.699262        0.405088
LBFGS:  102 15:44:27   -43604.730740        0.525643
LBFGS:  103 15:44:27   -43604.742770        1.220034
LBFGS:  104 15:44:27   -43604.791089        0.343479
LBFGS:  105 15:44:27   -43604.821185        0.283792
LBFGS:  106 15:44:27   -43604.862811        0.419375
LBFGS:  107 15:44:27   -43604.897461        0.406086
LBFGS:  108 15:44:27   -43604.934437        0.444704
LBFGS:  109 15:44:27   -43604.969466        0.441827
LBFGS:  110 15:44:27   -43605.002098        0.375892
LBFGS:  111 15:44:27   -43605.035655        0.753999
LBFGS:  112 15:44:27   -43605.083409        0.602447
LBFGS:  113 15:44:28   -43605.130735        0.793303
LBFGS:  114 15:44:28   -43605.177364        0.588498
LBFGS:  115 15:44:28   -43605.225063        0.350677
LBFGS:  116 15:44:28   -43605.271785        0.542732
LBFGS:  117 15:44:28   -43605.298449        0.383479
LBFGS:  118 15:44:28   -43605.325691        0.326838
LBFGS:  119 15:44:28   -43605.343069        0.372449
LBFGS:  120 15:44:28   -43605.363522        0.306604
LBFGS:  121 15:44:28   -43605.385025        0.328853
LBFGS:  122 15:44:28   -43605.411909        0.460687
LBFGS:  123 15:44:28   -43605.450629        0.574278
LBFGS:  124 15:44:28   -43605.489181        0.496906
LBFGS:  125 15:44:28   -43605.529345        0.352024
LBFGS:  126 15:44:28   -43605.567790        0.388040
LBFGS:  127 15:44:28   -43605.598638        0.290769
LBFGS:  128 15:44:28   -43605.620583        0.231824
LBFGS:  129 15:44:28   -43605.636424        0.234539
LBFGS:  130 15:44:28   -43605.655304        0.259649
LBFGS:  131 15:44:28   -43605.668133        0.480782
LBFGS:  132 15:44:28   -43605.694690        0.325156
LBFGS:  133 15:44:28   -43605.714601        0.287916
LBFGS:  134 15:44:28   -43605.737416        0.236082
LBFGS:  135 15:44:28   -43605.761772        0.390340
LBFGS:  136 15:44:28   -43605.786849        0.502634
LBFGS:  137 15:44:28   -43605.816813        0.484247
LBFGS:  138 15:44:28   -43605.843012        0.503320
LBFGS:  139 15:44:28   -43605.872277        0.324481
LBFGS:  140 15:44:28   -43605.896034        0.365682
LBFGS:  141 15:44:28   -43605.920636        0.362073
LBFGS:  142 15:44:28   -43605.936161        0.333721
LBFGS:  143 15:44:28   -43605.956149        0.275599
LBFGS:  144 15:44:29   -43605.975184        0.322999
LBFGS:  145 15:44:29   -43605.993200        0.514741
LBFGS:  146 15:44:29   -43606.011839        0.384495
LBFGS:  147 15:44:29   -43606.033046        0.269842
LBFGS:  148 15:44:29   -43606.045224        0.152875
LBFGS:  149 15:44:29   -43606.052240        0.136730
LBFGS:  150 15:44:29   -43606.062079        0.176221
LBFGS:  151 15:44:29   -43606.075800        0.251626
LBFGS:  152 15:44:29   -43606.091762        0.336890
LBFGS:  153 15:44:29   -43606.110131        0.395065
LBFGS:  154 15:44:29   -43606.125201        0.583251
LBFGS:  155 15:44:29   -43606.148108        0.262210
LBFGS:  156 15:44:29   -43606.169054        0.208948
LBFGS:  157 15:44:29   -43606.182327        0.316007
LBFGS:  158 15:44:29   -43606.195018        0.221657
LBFGS:  159 15:44:29   -43606.208806        0.222308
LBFGS:  160 15:44:29   -43606.225619        0.438277
LBFGS:  161 15:44:29   -43606.246495        0.444971
LBFGS:  162 15:44:29   -43606.265770        0.397044
LBFGS:  163 15:44:29   -43606.284346        0.209301
LBFGS:  164 15:44:29   -43606.296364        0.192193
LBFGS:  165 15:44:29   -43606.311112        0.259309
LBFGS:  166 15:44:29   -43606.325838        0.245612
LBFGS:  167 15:44:29   -43606.337067        0.269876
LBFGS:  168 15:44:29   -43606.348337        0.215621
LBFGS:  169 15:44:29   -43606.363236        0.255322
LBFGS:  170 15:44:29   -43606.377656        0.295334
LBFGS:  171 15:44:29   -43606.394668        0.307443
LBFGS:  172 15:44:29   -43606.413872        0.290672
LBFGS:  173 15:44:30   -43606.434386        0.282494
LBFGS:  174 15:44:30   -43606.450573        0.276182
LBFGS:  175 15:44:30   -43606.462918        0.198847
LBFGS:  176 15:44:30   -43606.474584        0.230432
LBFGS:  177 15:44:30   -43606.487446        0.272841
LBFGS:  178 15:44:30   -43606.499481        0.290356
LBFGS:  179 15:44:30   -43606.511502        0.303088
LBFGS:  180 15:44:30   -43606.523713        0.213708
LBFGS:  181 15:44:30   -43606.534316        0.240351
LBFGS:  182 15:44:30   -43606.546432        0.188103
LBFGS:  183 15:44:30   -43606.557659        0.149919
LBFGS:  184 15:44:30   -43606.567465        0.138791
LBFGS:  185 15:44:30   -43606.577303        0.161180
LBFGS:  186 15:44:30   -43606.586598        0.190317
LBFGS:  187 15:44:30   -43606.597091        0.179765
LBFGS:  188 15:44:30   -43606.608205        0.195023
LBFGS:  189 15:44:30   -43606.619543        0.207717
LBFGS:  190 15:44:30   -43606.629086        0.335838
LBFGS:  191 15:44:30   -43606.632508        0.590868
LBFGS:  192 15:44:30   -43606.646332        0.170344
LBFGS:  193 15:44:30   -43606.656601        0.251908
LBFGS:  194 15:44:30   -43606.671982        0.353812
LBFGS:  195 15:44:30   -43606.689188        0.307424
LBFGS:  196 15:44:30   -43606.708712        0.325957
LBFGS:  197 15:44:30   -43606.725686        0.540260
LBFGS:  198 15:44:30   -43606.742094        0.483038
LBFGS:  199 15:44:30   -43606.757545        0.283773
LBFGS:  200 15:44:30   -43606.771090        0.320893
       Step     Time          Energy          fmax
LBFGS:    0 15:44:55   -47304.325912        9.936437
LBFGS:    1 15:44:55   -47309.407826        7.088148
LBFGS:    2 15:44:55   -47314.897870        4.657443
LBFGS:    3 15:44:55   -47320.283923        5.751738
LBFGS:    4 15:44:55   -47325.212923        9.071664
LBFGS:    5 15:44:55   -47329.366275        6.475634
LBFGS:    6 15:44:55   -47332.793913        6.217467
LBFGS:    7 15:44:55   -47335.897387        5.078524
LBFGS:    8 15:44:55   -47338.639150        4.658876
LBFGS:    9 15:44:55   -47341.156937        4.443328
LBFGS:   10 15:44:55   -47343.415484        3.734946
LBFGS:   11 15:44:55   -47345.260975        3.107396
LBFGS:   12 15:44:55   -47346.645415        2.945090
LBFGS:   13 15:44:55   -47347.615396        2.716311
LBFGS:   14 15:44:55   -47348.251169        2.411329
LBFGS:   15 15:44:55   -47348.738941        2.149729
LBFGS:   16 15:44:55   -47349.247188        1.950969
LBFGS:   17 15:44:56   -47349.696979        1.828826
LBFGS:   18 15:44:56   -47349.956860        1.079410
LBFGS:   19 15:44:56   -47350.117391        0.776906
LBFGS:   20 15:44:56   -47350.267113        0.647816
LBFGS:   21 15:44:56   -47350.357078        0.577246
LBFGS:   22 15:44:56   -47350.433600        0.900244
LBFGS:   23 15:44:56   -47350.533016        0.658753
LBFGS:   24 15:44:56   -47350.758018        0.821699
LBFGS:   25 15:44:56   -47350.914224        1.045945
LBFGS:   26 15:44:56   -47351.121490        1.158488
LBFGS:   27 15:44:56   -47351.305601        0.830660
LBFGS:   28 15:44:56   -47351.284820        1.898748
LBFGS:   29 15:44:56   -47351.486936        0.574537
LBFGS:   30 15:44:56   -47351.556453        0.346093
LBFGS:   31 15:44:56   -47351.607672        1.621608
LBFGS:   32 15:44:56   -47351.719163        0.741886
LBFGS:   33 15:44:56   -47351.764824        0.485951
LBFGS:   34 15:44:56   -47351.830174        1.323984
LBFGS:   35 15:44:57   -47351.926135        0.402459
LBFGS:   36 15:44:57   -47352.001881        0.449323
LBFGS:   37 15:44:57   -47352.188229        0.938458
LBFGS:   38 15:44:57   -47352.286716        0.778479
LBFGS:   39 15:44:57   -47352.409222        0.726173
LBFGS:   40 15:44:57   -47352.570991        1.205074
LBFGS:   41 15:44:57   -47352.771496        0.627961
LBFGS:   42 15:44:57   -47352.894980        0.631117
LBFGS:   43 15:44:57   -47352.991343        0.565362
LBFGS:   44 15:44:57   -47353.078335        0.931147
LBFGS:   45 15:44:57   -47353.172489        0.890018
LBFGS:   46 15:44:57   -47353.208558        1.107466
LBFGS:   47 15:44:57   -47353.268307        0.467571
LBFGS:   48 15:44:57   -47353.311077        0.374583
LBFGS:   49 15:44:57   -47353.400248        0.651749
LBFGS:   50 15:44:57   -47353.482504        0.967905
LBFGS:   51 15:44:57   -47353.553787        0.907363
LBFGS:   52 15:44:57   -47353.640813        0.648058
LBFGS:   53 15:44:57   -47353.726792        0.627487
LBFGS:   54 15:44:58   -47353.779572        0.721090
LBFGS:   55 15:44:58   -47353.865883        0.760962
LBFGS:   56 15:44:58   -47353.947894        0.427484
LBFGS:   57 15:44:58   -47354.003827        0.768921
LBFGS:   58 15:44:58   -47354.052999        0.631455
LBFGS:   59 15:44:58   -47354.131590        0.530456
LBFGS:   60 15:44:58   -47354.277738        0.652441
LBFGS:   61 15:44:58   -47354.352631        0.590762
LBFGS:   62 15:44:58   -47354.441266        0.604492
LBFGS:   63 15:44:58   -47354.522777        0.662976
LBFGS:   64 15:44:58   -47354.465529        1.670196
LBFGS:   65 15:44:58   -47354.666771        0.756350
LBFGS:   66 15:44:58   -47354.723975        0.558465
LBFGS:   67 15:44:58   -47354.842187        0.583062
LBFGS:   68 15:44:58   -47354.908710        0.653240
LBFGS:   69 15:44:58   -47355.062404        0.549275
LBFGS:   70 15:44:58   -47355.186208        0.722604
LBFGS:   71 15:44:58   -47355.278450        0.776169
LBFGS:   72 15:44:58   -47355.287049        1.646056
LBFGS:   73 15:44:59   -47355.406789        0.822323
LBFGS:   74 15:44:59   -47355.446052        1.011582
LBFGS:   75 15:44:59   -47355.503455        0.421887
LBFGS:   76 15:44:59   -47355.557350        0.481318
LBFGS:   77 15:44:59   -47355.620740        0.541521
LBFGS:   78 15:44:59   -47355.698429        0.666654
LBFGS:   79 15:44:59   -47355.757916        0.710200
LBFGS:   80 15:44:59   -47355.826082        0.461089
LBFGS:   81 15:44:59   -47355.961298        1.184527
LBFGS:   82 15:44:59   -47356.063717        0.881536
LBFGS:   83 15:44:59   -47356.180726        1.178376
LBFGS:   84 15:44:59   -47356.246114        0.809334
LBFGS:   85 15:44:59   -47356.317923        0.501790
LBFGS:   86 15:45:00   -47356.381533        0.725354
LBFGS:   87 15:45:00   -47356.463205        0.799288
LBFGS:   88 15:45:00   -47356.537774        0.551346
LBFGS:   89 15:45:00   -47356.607074        0.596427
LBFGS:   90 15:45:00   -47356.686082        0.860589
LBFGS:   91 15:45:00   -47356.794446        0.864891
LBFGS:   92 15:45:00   -47356.850445        0.628116
LBFGS:   93 15:45:00   -47356.903572        0.434314
LBFGS:   94 15:45:00   -47356.952013        0.622971
LBFGS:   95 15:45:00   -47357.008207        0.659470
LBFGS:   96 15:45:00   -47357.091077        0.643446
LBFGS:   97 15:45:00   -47357.165582        0.587944
LBFGS:   98 15:45:00   -47357.227601        0.536512
LBFGS:   99 15:45:00   -47357.281020        0.523879
LBFGS:  100 15:45:00   -47357.323381        0.355118
LBFGS:  101 15:45:00   -47357.365832        0.367938
LBFGS:  102 15:45:01   -47357.413964        0.314304
LBFGS:  103 15:45:01   -47357.460711        0.385826
LBFGS:  104 15:45:01   -47357.507926        0.516885
LBFGS:  105 15:45:01   -47357.573968        0.423018
LBFGS:  106 15:45:01   -47357.646312        0.493949
LBFGS:  107 15:45:01   -47357.709862        0.419097
LBFGS:  108 15:45:01   -47357.769256        0.359244
LBFGS:  109 15:45:01   -47357.808584        0.326948
LBFGS:  110 15:45:01   -47357.843214        0.296503
LBFGS:  111 15:45:01   -47357.885734        0.386980
LBFGS:  112 15:45:01   -47357.926069        0.369328
LBFGS:  113 15:45:01   -47357.964792        0.292746
LBFGS:  114 15:45:01   -47357.995901        0.309388
LBFGS:  115 15:45:01   -47358.026358        0.335174
LBFGS:  116 15:45:01   -47358.057040        0.362051
LBFGS:  117 15:45:01   -47358.089530        0.371597
LBFGS:  118 15:45:01   -47358.118626        0.537119
LBFGS:  119 15:45:01   -47358.146533        0.353264
LBFGS:  120 15:45:01   -47358.177227        0.398305
LBFGS:  121 15:45:02   -47358.200573        0.379776
LBFGS:  122 15:45:02   -47358.224845        0.226328
LBFGS:  123 15:45:02   -47358.249889        0.262732
LBFGS:  124 15:45:02   -47358.270535        0.260730
LBFGS:  125 15:45:02   -47358.303756        0.306580
LBFGS:  126 15:45:02   -47358.335297        0.298901
LBFGS:  127 15:45:02   -47358.361535        0.321735
LBFGS:  128 15:45:02   -47358.380816        0.317651
LBFGS:  129 15:45:02   -47358.405535        0.305720
LBFGS:  130 15:45:02   -47358.435358        0.564184
LBFGS:  131 15:45:02   -47358.466492        0.453180
LBFGS:  132 15:45:02   -47358.502109        0.346123
LBFGS:  133 15:45:03   -47358.543818        0.327111
LBFGS:  134 15:45:03   -47358.580846        0.336358
LBFGS:  135 15:45:03   -47358.603993        0.549759
LBFGS:  136 15:45:03   -47358.630977        0.284892
LBFGS:  137 15:45:03   -47358.653360        0.299277
LBFGS:  138 15:45:03   -47358.680065        0.313422
LBFGS:  139 15:45:03   -47358.706595        0.267381
LBFGS:  140 15:45:03   -47358.738003        0.267821
LBFGS:  141 15:45:03   -47358.772184        0.295826
LBFGS:  142 15:45:03   -47358.800609        0.345538
LBFGS:  143 15:45:03   -47358.817861        0.446836
LBFGS:  144 15:45:04   -47358.837434        0.305457
LBFGS:  145 15:45:04   -47358.857641        0.454296
LBFGS:  146 15:45:04   -47358.884124        0.368501
LBFGS:  147 15:45:04   -47358.912282        0.322346
LBFGS:  148 15:45:04   -47358.943154        0.251149
LBFGS:  149 15:45:04   -47358.969729        0.303719
LBFGS:  150 15:45:04   -47358.990748        0.289299
LBFGS:  151 15:45:04   -47359.010233        0.326248
LBFGS:  152 15:45:04   -47359.027490        0.274063
LBFGS:  153 15:45:04   -47359.049570        0.448151
LBFGS:  154 15:45:04   -47359.077834        0.411019
LBFGS:  155 15:45:04   -47359.111961        0.292641
LBFGS:  156 15:45:04   -47359.134526        0.242279
LBFGS:  157 15:45:04   -47359.152570        0.265163
LBFGS:  158 15:45:04   -47359.164984        0.204234
LBFGS:  159 15:45:04   -47359.176984        0.333857
LBFGS:  160 15:45:04   -47359.192639        0.254697
LBFGS:  161 15:45:04   -47359.209560        0.260598
LBFGS:  162 15:45:04   -47359.228188        0.259236
LBFGS:  163 15:45:05   -47359.246385        0.239010
LBFGS:  164 15:45:05   -47359.269396        0.253113
LBFGS:  165 15:45:05   -47359.289957        0.206217
LBFGS:  166 15:45:05   -47359.306450        0.238184
LBFGS:  167 15:45:05   -47359.322157        0.259591
LBFGS:  168 15:45:05   -47359.338014        0.214444
LBFGS:  169 15:45:05   -47359.359676        0.239493
LBFGS:  170 15:45:05   -47359.384688        0.332982
LBFGS:  171 15:45:05   -47359.405259        0.234594
LBFGS:  172 15:45:05   -47359.421484        0.233757
LBFGS:  173 15:45:05   -47359.438571        0.225221
LBFGS:  174 15:45:05   -47359.454054        0.194318
LBFGS:  175 15:45:05   -47359.470999        0.270179
LBFGS:  176 15:45:05   -47359.482083        0.586340
LBFGS:  177 15:45:05   -47359.479993        1.081992
LBFGS:  178 15:45:05   -47359.509490        0.265771
LBFGS:  179 15:45:05   -47359.522604        0.188506
LBFGS:  180 15:45:05   -47359.553436        0.313821
LBFGS:  181 15:45:05   -47359.569621        0.206214
LBFGS:  182 15:45:06   -47359.589587        0.231961
LBFGS:  183 15:45:06   -47359.621405        0.311735
LBFGS:  184 15:45:06   -47359.655796        0.386256
LBFGS:  185 15:45:06   -47359.688917        0.403298
LBFGS:  186 15:45:06   -47359.717564        0.607565
LBFGS:  187 15:45:06   -47359.761587        0.999223
LBFGS:  188 15:45:06   -47359.814846        0.389475
LBFGS:  189 15:45:06   -47359.869707        0.484525
LBFGS:  190 15:45:06   -47359.919925        0.704651
LBFGS:  191 15:45:06   -47359.967145        0.562060
LBFGS:  192 15:45:06   -47360.015681        0.408671
LBFGS:  193 15:45:06   -47360.057448        0.396575
LBFGS:  194 15:45:06   -47360.100294        0.342083
LBFGS:  195 15:45:06   -47360.144774        0.408675
LBFGS:  196 15:45:06   -47360.183772        0.383940
LBFGS:  197 15:45:06   -47360.209003        0.469129
LBFGS:  198 15:45:06   -47360.241291        0.636354
LBFGS:  199 15:45:06   -47360.275515        0.486578
LBFGS:  200 15:45:07   -47360.308336        0.316326
       Step     Time          Energy          fmax
LBFGS:    0 15:45:22   -51044.572250       12.713446
LBFGS:    1 15:45:22   -51050.963049       11.594326
LBFGS:    2 15:45:22   -51058.102535        4.818823
LBFGS:    3 15:45:22   -51064.633676        5.826189
LBFGS:    4 15:45:22   -51070.395518        7.208744
LBFGS:    5 15:45:23   -51075.285670        7.777345
LBFGS:    6 15:45:23   -51079.621428        8.366268
LBFGS:    7 15:45:23   -51083.903785        7.926374
LBFGS:    8 15:45:23   -51087.789237        5.683487
LBFGS:    9 15:45:23   -51090.861664        5.571210
LBFGS:   10 15:45:23   -51093.544000        3.981690
LBFGS:   11 15:45:23   -51095.558872        2.642364
LBFGS:   12 15:45:23   -51096.886377        2.590298
LBFGS:   13 15:45:23   -51097.769418        2.564958
LBFGS:   14 15:45:23   -51098.383969        1.988588
LBFGS:   15 15:45:23   -51098.929111        2.055422
LBFGS:   16 15:45:23   -51099.550891        1.629942
LBFGS:   17 15:45:23   -51099.998383        1.165384
LBFGS:   18 15:45:23   -51100.155353        1.366698
LBFGS:   19 15:45:23   -51100.324890        0.742299
LBFGS:   20 15:45:23   -51100.489495        0.651771
LBFGS:   21 15:45:23   -51100.738278        1.042624
LBFGS:   22 15:45:23   -51100.903703        0.916146
LBFGS:   23 15:45:23   -51101.188890        1.096154
LBFGS:   24 15:45:24   -51101.565276        1.491009
LBFGS:   25 15:45:24   -51101.873561        2.279364
LBFGS:   26 15:45:24   -51102.310063        1.857043
LBFGS:   27 15:45:24   -51102.490602        1.427375
LBFGS:   28 15:45:24   -51102.595583        1.558476
LBFGS:   29 15:45:24   -51102.725082        0.388663
LBFGS:   30 15:45:24   -51102.856320        0.843808
LBFGS:   31 15:45:24   -51102.957331        0.942930
LBFGS:   32 15:45:24   -51103.142486        0.606504
LBFGS:   33 15:45:24   -51103.310929        0.657677
LBFGS:   34 15:45:24   -51103.537491        1.069299
LBFGS:   35 15:45:24   -51103.651216        1.412406
LBFGS:   36 15:45:24   -51103.724369        3.711121
LBFGS:   37 15:45:24   -51104.073572        1.761264
LBFGS:   38 15:45:24   -51104.146163        1.457038
LBFGS:   39 15:45:24   -51104.244012        0.734031
LBFGS:   40 15:45:24   -51104.364579        1.166289
LBFGS:   41 15:45:24   -51104.473134        0.539446
LBFGS:   42 15:45:24   -51104.602696        0.977597
LBFGS:   43 15:45:25   -51104.736620        1.051973
LBFGS:   44 15:45:25   -51104.911635        0.853459
LBFGS:   45 15:45:25   -51105.034803        0.779666
LBFGS:   46 15:45:25   -51105.088913        0.754605
LBFGS:   47 15:45:25   -51105.181168        0.667522
LBFGS:   48 15:45:25   -51105.286708        0.812549
LBFGS:   49 15:45:25   -51105.368422        0.638532
LBFGS:   50 15:45:25   -51105.459509        0.623321
LBFGS:   51 15:45:25   -51105.550532        0.655626
LBFGS:   52 15:45:25   -51105.643352        0.679751
LBFGS:   53 15:45:25   -51105.741811        0.798591
LBFGS:   54 15:45:25   -51105.864240        0.709117
LBFGS:   55 15:45:25   -51105.985686        0.860460
LBFGS:   56 15:45:25   -51106.132942        0.878660
LBFGS:   57 15:45:25   -51106.274339        0.830767
LBFGS:   58 15:45:25   -51106.485580        0.790705
LBFGS:   59 15:45:25   -51106.570146        0.829065
LBFGS:   60 15:45:25   -51106.637568        0.856251
LBFGS:   61 15:45:25   -51106.698866        0.350803
LBFGS:   62 15:45:26   -51106.735016        0.536065
LBFGS:   63 15:45:26   -51106.807522        0.768405
LBFGS:   64 15:45:26   -51106.897392        0.706402
LBFGS:   65 15:45:26   -51106.984586        0.518651
LBFGS:   66 15:45:26   -51107.127158        0.740475
LBFGS:   67 15:45:26   -51107.252949        0.907487
LBFGS:   68 15:45:26   -51107.337945        1.058876
LBFGS:   69 15:45:26   -51107.362690        0.793995
LBFGS:   70 15:45:26   -51107.433074        0.533846
LBFGS:   71 15:45:26   -51107.484438        0.643113
LBFGS:   72 15:45:26   -51107.595834        0.670190
LBFGS:   73 15:45:26   -51107.707953        0.669149
LBFGS:   74 15:45:26   -51107.796250        0.548001
LBFGS:   75 15:45:26   -51107.963111        0.947111
LBFGS:   76 15:45:26   -51108.060904        1.098599
LBFGS:   77 15:45:26   -51108.143144        0.761896
LBFGS:   78 15:45:26   -51108.195393        0.719880
LBFGS:   79 15:45:26   -51108.254794        0.700875
LBFGS:   80 15:45:26   -51108.341130        0.440105
LBFGS:   81 15:45:27   -51108.495588        0.898044
LBFGS:   82 15:45:27   -51108.579680        0.550485
LBFGS:   83 15:45:27   -51108.695461        0.744263
LBFGS:   84 15:45:27   -51108.789863        0.896801
LBFGS:   85 15:45:27   -51108.823422        1.328791
LBFGS:   86 15:45:27   -51108.930646        0.465251
LBFGS:   87 15:45:27   -51108.999188        0.467551
LBFGS:   88 15:45:27   -51109.111756        0.674193
LBFGS:   89 15:45:27   -51109.166668        0.477316
LBFGS:   90 15:45:27   -51109.240310        0.412539
LBFGS:   91 15:45:27   -51109.358136        0.471260
LBFGS:   92 15:45:27   -51109.459267        0.522185
LBFGS:   93 15:45:27   -51109.513988        0.585913
LBFGS:   94 15:45:27   -51109.562359        0.592144
LBFGS:   95 15:45:27   -51109.626414        0.418515
LBFGS:   96 15:45:27   -51109.700446        0.390168
LBFGS:   97 15:45:27   -51109.763300        0.451326
LBFGS:   98 15:45:27   -51109.828808        0.536760
LBFGS:   99 15:45:27   -51109.902498        0.578878
LBFGS:  100 15:45:28   -51109.991744        1.295486
LBFGS:  101 15:45:28   -51110.095595        0.624697
LBFGS:  102 15:45:28   -51110.202840        0.607553
LBFGS:  103 15:45:28   -51110.302572        0.650095
LBFGS:  104 15:45:28   -51110.368943        0.384044
LBFGS:  105 15:45:28   -51110.440393        0.335532
LBFGS:  106 15:45:28   -51110.513862        0.471331
LBFGS:  107 15:45:28   -51110.586918        0.431120
LBFGS:  108 15:45:28   -51110.676791        0.539933
LBFGS:  109 15:45:28   -51110.769447        0.594104
LBFGS:  110 15:45:28   -51110.833361        0.954120
LBFGS:  111 15:45:28   -51110.939169        0.660158
LBFGS:  112 15:45:28   -51111.008672        0.711435
LBFGS:  113 15:45:28   -51111.059341        0.389094
LBFGS:  114 15:45:28   -51111.100307        0.582785
LBFGS:  115 15:45:28   -51111.160665        0.463452
LBFGS:  116 15:45:28   -51111.238234        0.387499
LBFGS:  117 15:45:28   -51111.310702        0.452271
LBFGS:  118 15:45:28   -51111.374487        0.355209
LBFGS:  119 15:45:29   -51111.430399        0.591298
LBFGS:  120 15:45:29   -51111.473400        0.297862
LBFGS:  121 15:45:29   -51111.512769        0.239797
LBFGS:  122 15:45:29   -51111.541726        0.402125
LBFGS:  123 15:45:29   -51111.570270        0.430651
LBFGS:  124 15:45:29   -51111.602751        0.307878
LBFGS:  125 15:45:29   -51111.633366        0.258296
LBFGS:  126 15:45:29   -51111.660729        0.230505
LBFGS:  127 15:45:29   -51111.689949        0.278571
LBFGS:  128 15:45:29   -51111.717887        0.388595
LBFGS:  129 15:45:29   -51111.749089        0.400184
LBFGS:  130 15:45:29   -51111.786565        0.357981
LBFGS:  131 15:45:29   -51111.827069        0.384608
LBFGS:  132 15:45:29   -51111.856628        0.423064
LBFGS:  133 15:45:29   -51111.889693        0.366667
LBFGS:  134 15:45:29   -51111.922142        0.341893
LBFGS:  135 15:45:29   -51111.954221        0.411856
LBFGS:  136 15:45:29   -51111.987330        0.318066
LBFGS:  137 15:45:30   -51112.025584        0.315832
LBFGS:  138 15:45:30   -51112.055696        0.337186
LBFGS:  139 15:45:30   -51112.082689        0.309516
LBFGS:  140 15:45:30   -51112.107122        0.339364
LBFGS:  141 15:45:30   -51112.136571        0.367227
LBFGS:  142 15:45:30   -51112.163992        0.207423
LBFGS:  143 15:45:30   -51112.187384        0.207157
LBFGS:  144 15:45:30   -51112.210163        0.246187
LBFGS:  145 15:45:30   -51112.239393        0.333822
LBFGS:  146 15:45:30   -51112.271128        0.297394
LBFGS:  147 15:45:30   -51112.303668        0.315079
LBFGS:  148 15:45:30   -51112.336836        0.363090
LBFGS:  149 15:45:30   -51112.367822        0.299825
LBFGS:  150 15:45:30   -51112.400131        0.292470
LBFGS:  151 15:45:30   -51112.427435        0.248291
LBFGS:  152 15:45:30   -51112.456343        0.253613
LBFGS:  153 15:45:30   -51112.488502        0.298346
LBFGS:  154 15:45:30   -51112.526259        0.385249
LBFGS:  155 15:45:30   -51112.563520        0.296940
LBFGS:  156 15:45:31   -51112.601384        0.269707
LBFGS:  157 15:45:31   -51112.631255        0.354885
LBFGS:  158 15:45:31   -51112.663198        0.319219
LBFGS:  159 15:45:31   -51112.686374        0.203528
LBFGS:  160 15:45:31   -51112.707373        0.192862
LBFGS:  161 15:45:31   -51112.728293        0.255139
LBFGS:  162 15:45:31   -51112.758495        0.337218
LBFGS:  163 15:45:31   -51112.784484        0.245106
LBFGS:  164 15:45:31   -51112.808302        0.249024
LBFGS:  165 15:45:31   -51112.835892        0.316711
LBFGS:  166 15:45:31   -51112.869522        0.315067
LBFGS:  167 15:45:31   -51112.896753        0.268005
LBFGS:  168 15:45:31   -51112.921667        0.251850
LBFGS:  169 15:45:31   -51112.946355        0.228246
LBFGS:  170 15:45:31   -51112.972430        0.286092
LBFGS:  171 15:45:31   -51112.994383        0.318029
LBFGS:  172 15:45:31   -51113.023025        0.293512
LBFGS:  173 15:45:31   -51113.058548        0.226634
LBFGS:  174 15:45:31   -51113.091182        0.230062
LBFGS:  175 15:45:32   -51113.120610        0.239164
LBFGS:  176 15:45:32   -51113.147214        0.285530
LBFGS:  177 15:45:32   -51113.172984        0.282497
LBFGS:  178 15:45:32   -51113.203569        0.330728
LBFGS:  179 15:45:32   -51113.240379        0.392617
LBFGS:  180 15:45:32   -51113.287878        0.385430
LBFGS:  181 15:45:32   -51113.329521        0.267495
LBFGS:  182 15:45:32   -51113.356773        0.679244
LBFGS:  183 15:45:32   -51113.392176        0.367555
LBFGS:  184 15:45:32   -51113.425921        0.352708
LBFGS:  185 15:45:32   -51113.460281        0.345523
LBFGS:  186 15:45:32   -51113.494540        0.327423
LBFGS:  187 15:45:32   -51113.520611        0.850196
LBFGS:  188 15:45:32   -51113.570066        0.321032
LBFGS:  189 15:45:32   -51113.608547        0.318321
LBFGS:  190 15:45:32   -51113.643222        0.346493
LBFGS:  191 15:45:32   -51113.671549        0.326022
LBFGS:  192 15:45:32   -51113.695663        0.226533
LBFGS:  193 15:45:32   -51113.714692        0.218932
LBFGS:  194 15:45:33   -51113.733720        0.290883
LBFGS:  195 15:45:33   -51113.757422        0.254466
LBFGS:  196 15:45:33   -51113.787941        0.247197
LBFGS:  197 15:45:33   -51113.817568        0.245504
LBFGS:  198 15:45:33   -51113.843371        0.219442
LBFGS:  199 15:45:33   -51113.868440        0.317629
LBFGS:  200 15:45:33   -51113.891505        0.183928
       Step     Time          Energy          fmax
LBFGS:    0 15:45:58   -54771.855786       12.928653
LBFGS:    1 15:45:58   -54780.313036       13.376262
LBFGS:    2 15:45:58   -54790.857912        5.202005
LBFGS:    3 15:45:58   -54799.957821        6.088992
LBFGS:    4 15:45:58   -54807.322517        6.271099
LBFGS:    5 15:45:58   -54813.797597        8.382494
LBFGS:    6 15:45:58   -54819.644540        7.193839
LBFGS:    7 15:45:58   -54825.201403        7.394651
LBFGS:    8 15:45:59   -54830.657448        7.276042
LBFGS:    9 15:45:59   -54834.926665        5.745266
LBFGS:   10 15:45:59   -54838.414698        7.114886
LBFGS:   11 15:45:59   -54841.133308        4.026528
LBFGS:   12 15:45:59   -54843.057252        3.863651
LBFGS:   13 15:45:59   -54844.592007        3.444033
LBFGS:   14 15:45:59   -54845.729862        5.488359
LBFGS:   15 15:45:59   -54846.932111        2.565325
LBFGS:   16 15:45:59   -54848.214208        2.673018
LBFGS:   17 15:45:59   -54848.821714        2.097479
LBFGS:   18 15:45:59   -54849.353649        2.686132
LBFGS:   19 15:45:59   -54849.836227        2.992248
LBFGS:   20 15:45:59   -54850.541886        2.844192
LBFGS:   21 15:45:59   -54851.160351        2.338734
LBFGS:   22 15:45:59   -54851.501527        2.933699
LBFGS:   23 15:45:59   -54851.759849        1.144820
LBFGS:   24 15:45:59   -54852.007595        1.416109
LBFGS:   25 15:45:59   -54852.444069        2.101030
LBFGS:   26 15:45:59   -54852.843132        1.517646
LBFGS:   27 15:46:00   -54853.190122        1.152114
LBFGS:   28 15:46:00   -54853.584832        1.184033
LBFGS:   29 15:46:00   -54853.764264        2.127888
LBFGS:   30 15:46:00   -54853.958212        1.210675
LBFGS:   31 15:46:00   -54854.095312        0.663501
LBFGS:   32 15:46:00   -54854.206951        0.604403
LBFGS:   33 15:46:00   -54854.461417        1.190222
LBFGS:   34 15:46:00   -54854.641748        1.380019
LBFGS:   35 15:46:00   -54854.957107        1.493024
LBFGS:   36 15:46:00   -54855.306486        1.334574
LBFGS:   37 15:46:00   -54855.384140        1.946311
LBFGS:   38 15:46:00   -54855.873383        1.346449
LBFGS:   39 15:46:00   -54856.080547        0.765557
LBFGS:   40 15:46:00   -54856.272556        1.000798
LBFGS:   41 15:46:00   -54856.424552        0.738290
LBFGS:   42 15:46:00   -54856.605685        1.426162
LBFGS:   43 15:46:00   -54856.788894        1.043759
LBFGS:   44 15:46:00   -54856.982529        0.760284
LBFGS:   45 15:46:00   -54857.152743        0.860668
LBFGS:   46 15:46:00   -54857.259118        0.730559
LBFGS:   47 15:46:01   -54857.458847        1.686155
LBFGS:   48 15:46:01   -54857.390075        2.983528
LBFGS:   49 15:46:01   -54857.750224        0.811479
LBFGS:   50 15:46:01   -54857.869288        0.595888
LBFGS:   51 15:46:01   -54858.024146        1.016724
LBFGS:   52 15:46:01   -54858.202868        1.633029
LBFGS:   53 15:46:01   -54858.370288        0.674533
LBFGS:   54 15:46:01   -54858.561711        0.680412
LBFGS:   55 15:46:01   -54858.695416        0.681279
LBFGS:   56 15:46:01   -54858.820510        0.857962
LBFGS:   57 15:46:01   -54858.991696        0.893027
LBFGS:   58 15:46:01   -54859.073600        1.352337
LBFGS:   59 15:46:01   -54859.271140        0.575449
LBFGS:   60 15:46:01   -54859.395567        0.628649
LBFGS:   61 15:46:01   -54859.589312        1.004654
LBFGS:   62 15:46:01   -54859.767459        1.156558
LBFGS:   63 15:46:01   -54860.008817        0.961342
LBFGS:   64 15:46:01   -54860.181725        0.727977
LBFGS:   65 15:46:01   -54860.276202        1.104954
LBFGS:   66 15:46:02   -54860.402960        0.573024
LBFGS:   67 15:46:02   -54860.530154        0.616445
LBFGS:   68 15:46:02   -54860.712011        0.737538
LBFGS:   69 15:46:02   -54860.818523        0.629383
LBFGS:   70 15:46:02   -54860.958920        0.722004
LBFGS:   71 15:46:02   -54861.084739        0.752304
LBFGS:   72 15:46:02   -54861.200614        0.853044
LBFGS:   73 15:46:02   -54861.285159        0.414925
LBFGS:   74 15:46:02   -54861.357573        0.472425
LBFGS:   75 15:46:02   -54861.419300        0.536467
LBFGS:   76 15:46:02   -54861.518942        0.548706
LBFGS:   77 15:46:02   -54861.618786        0.728059
LBFGS:   78 15:46:02   -54861.757464        0.824705
LBFGS:   79 15:46:02   -54861.948363        0.742799
LBFGS:   80 15:46:02   -54862.060175        0.801580
LBFGS:   81 15:46:02   -54862.168175        0.637806
LBFGS:   82 15:46:02   -54862.253898        0.586751
LBFGS:   83 15:46:02   -54862.357510        0.471932
LBFGS:   84 15:46:02   -54862.440220        0.476193
LBFGS:   85 15:46:03   -54862.561661        0.616815
LBFGS:   86 15:46:03   -54862.688198        0.584013
LBFGS:   87 15:46:03   -54862.784905        0.777756
LBFGS:   88 15:46:03   -54862.869566        0.749967
LBFGS:   89 15:46:03   -54862.946684        0.645713
LBFGS:   90 15:46:03   -54863.033639        0.354385
LBFGS:   91 15:46:03   -54863.126353        0.464851
LBFGS:   92 15:46:03   -54863.185726        0.464365
LBFGS:   93 15:46:03   -54863.262935        0.489806
LBFGS:   94 15:46:03   -54863.365762        0.402600
LBFGS:   95 15:46:03   -54863.469966        0.438943
LBFGS:   96 15:46:03   -54863.578325        0.501565
LBFGS:   97 15:46:03   -54863.655843        0.396908
LBFGS:   98 15:46:03   -54863.714307        0.613586
LBFGS:   99 15:46:03   -54863.774969        0.380286
LBFGS:  100 15:46:03   -54863.847623        0.504363
LBFGS:  101 15:46:03   -54863.907314        0.520158
LBFGS:  102 15:46:03   -54863.966315        0.410928
LBFGS:  103 15:46:03   -54864.041527        0.382956
LBFGS:  104 15:46:04   -54864.134401        0.456738
LBFGS:  105 15:46:04   -54864.232587        0.614230
LBFGS:  106 15:46:04   -54864.321727        0.520335
LBFGS:  107 15:46:04   -54864.413605        0.349661
LBFGS:  108 15:46:04   -54864.495806        0.426717
LBFGS:  109 15:46:04   -54864.577135        0.563801
LBFGS:  110 15:46:04   -54864.649669        0.364698
LBFGS:  111 15:46:04   -54864.737448        0.362977
LBFGS:  112 15:46:04   -54864.811383        0.422502
LBFGS:  113 15:46:04   -54864.875295        0.347301
LBFGS:  114 15:46:04   -54864.950341        0.325827
LBFGS:  115 15:46:04   -54865.038672        0.330973
LBFGS:  116 15:46:04   -54865.106087        0.367349
LBFGS:  117 15:46:04   -54865.149899        1.026008
LBFGS:  118 15:46:04   -54865.153950        1.046596
LBFGS:  119 15:46:04   -54865.248419        0.448832
LBFGS:  120 15:46:04   -54865.298246        0.434104
LBFGS:  121 15:46:04   -54865.365862        0.614881
LBFGS:  122 15:46:05   -54865.429789        0.594649
LBFGS:  123 15:46:05   -54865.494716        0.489708
LBFGS:  124 15:46:05   -54865.579766        0.346960
LBFGS:  125 15:46:05   -54865.647486        0.340738
LBFGS:  126 15:46:05   -54865.703327        0.340128
LBFGS:  127 15:46:05   -54865.756241        0.479445
LBFGS:  128 15:46:05   -54865.789262        0.759931
LBFGS:  129 15:46:05   -54865.864689        0.310009
LBFGS:  130 15:46:05   -54865.929583        0.389960
LBFGS:  131 15:46:05   -54865.995580        0.580971
LBFGS:  132 15:46:05   -54866.079864        0.531400
LBFGS:  133 15:46:05   -54866.160748        0.428846
LBFGS:  134 15:46:05   -54866.226453        0.393421
LBFGS:  135 15:46:05   -54866.283670        0.520336
LBFGS:  136 15:46:05   -54866.342293        0.375869
LBFGS:  137 15:46:05   -54866.409291        0.394715
LBFGS:  138 15:46:05   -54866.450114        0.346244
LBFGS:  139 15:46:05   -54866.492539        0.409100
LBFGS:  140 15:46:05   -54866.539538        0.347664
LBFGS:  141 15:46:06   -54866.592668        0.272877
LBFGS:  142 15:46:06   -54866.623788        0.290659
LBFGS:  143 15:46:06   -54866.657987        0.261653
LBFGS:  144 15:46:06   -54866.691819        0.309886
LBFGS:  145 15:46:06   -54866.726881        0.296367
LBFGS:  146 15:46:06   -54866.759836        0.358659
LBFGS:  147 15:46:06   -54866.791371        0.272858
LBFGS:  148 15:46:06   -54866.820252        0.269156
LBFGS:  149 15:46:06   -54866.843911        0.216655
LBFGS:  150 15:46:06   -54866.870357        0.249774
LBFGS:  151 15:46:06   -54866.901467        0.259858
LBFGS:  152 15:46:06   -54866.927981        0.297041
LBFGS:  153 15:46:06   -54866.949814        0.183160
LBFGS:  154 15:46:06   -54866.973432        0.265547
LBFGS:  155 15:46:06   -54866.999715        0.285548
LBFGS:  156 15:46:06   -54867.028141        0.321340
LBFGS:  157 15:46:06   -54867.048143        0.167006
LBFGS:  158 15:46:06   -54867.063519        0.162706
LBFGS:  159 15:46:06   -54867.079722        0.242736
LBFGS:  160 15:46:07   -54867.104933        0.246398
LBFGS:  161 15:46:07   -54867.130167        0.265899
LBFGS:  162 15:46:07   -54867.153428        0.236843
LBFGS:  163 15:46:07   -54867.172233        0.540937
LBFGS:  164 15:46:07   -54867.190227        0.407039
LBFGS:  165 15:46:07   -54867.208804        0.239814
LBFGS:  166 15:46:07   -54867.227945        0.360493
LBFGS:  167 15:46:07   -54867.239618        0.287985
LBFGS:  168 15:46:07   -54867.257316        0.233663
LBFGS:  169 15:46:07   -54867.281063        0.204705
LBFGS:  170 15:46:07   -54867.295209        0.203476
LBFGS:  171 15:46:07   -54867.309097        0.180009
LBFGS:  172 15:46:07   -54867.321871        0.214224
LBFGS:  173 15:46:07   -54867.334428        0.198568
LBFGS:  174 15:46:07   -54867.344949        0.158295
LBFGS:  175 15:46:07   -54867.354591        0.259521
LBFGS:  176 15:46:07   -54867.367128        0.171122
LBFGS:  177 15:46:07   -54867.387097        0.170482
LBFGS:  178 15:46:07   -54867.403997        0.245763
LBFGS:  179 15:46:08   -54867.418244        0.201141
LBFGS:  180 15:46:08   -54867.432426        0.177530
LBFGS:  181 15:46:08   -54867.449589        0.171926
LBFGS:  182 15:46:08   -54867.469455        0.159886
LBFGS:  183 15:46:08   -54867.484191        0.282677
LBFGS:  184 15:46:08   -54867.495859        0.209679
LBFGS:  185 15:46:08   -54867.506912        0.205938
LBFGS:  186 15:46:08   -54867.520783        0.159807
LBFGS:  187 15:46:08   -54867.535222        0.170940
LBFGS:  188 15:46:08   -54867.545684        0.258398
LBFGS:  189 15:46:08   -54867.558340        0.270047
LBFGS:  190 15:46:08   -54867.573761        0.227064
LBFGS:  191 15:46:08   -54867.588951        0.196769
LBFGS:  192 15:46:08   -54867.600211        0.189892
LBFGS:  193 15:46:08   -54867.608887        0.192488
LBFGS:  194 15:46:08   -54867.617436        0.157939
LBFGS:  195 15:46:08   -54867.626597        0.158195
LBFGS:  196 15:46:08   -54867.636426        0.226568
LBFGS:  197 15:46:08   -54867.647201        0.264774
LBFGS:  198 15:46:09   -54867.658415        0.222936
LBFGS:  199 15:46:09   -54867.670548        0.189348
LBFGS:  200 15:46:09   -54867.681717        0.271165
       Step     Time          Energy          fmax
LBFGS:    0 21:24:37   -53386.336478       14.746024
LBFGS:    1 21:24:37   -53392.760496        7.533653
LBFGS:    2 21:24:38   -53397.884706        6.384147
LBFGS:    3 21:24:38   -53403.239425        5.371324
LBFGS:    4 21:24:39   -53407.105569        4.100270
LBFGS:    5 21:24:39   -53410.558841        5.331912
LBFGS:    6 21:24:39   -53413.881817        4.065575
LBFGS:    7 21:24:39   -53416.786917        3.630039
LBFGS:    8 21:24:39   -53419.252034        3.646830
LBFGS:    9 21:24:39   -53421.348548        3.137969
LBFGS:   10 21:24:39   -53423.631434        2.683256
LBFGS:   11 21:24:39   -53425.776248        3.318132
LBFGS:   12 21:24:39   -53427.429797        3.305487
LBFGS:   13 21:24:39   -53428.474266        2.563946
LBFGS:   14 21:24:39   -53429.603040        3.993228
LBFGS:   15 21:24:39   -53430.445784        2.470450
LBFGS:   16 21:24:39   -53431.103329        2.292362
LBFGS:   17 21:24:39   -53431.819205        2.532459
LBFGS:   18 21:24:39   -53432.489740        1.859359
LBFGS:   19 21:24:39   -53432.985846        2.034600
LBFGS:   20 21:24:39   -53433.594863        1.313443
LBFGS:   21 21:24:39   -53433.947670        2.317477
LBFGS:   22 21:24:39   -53434.241187        2.019138
LBFGS:   23 21:24:39   -53434.539311        1.493480
LBFGS:   24 21:24:39   -53434.969655        1.509604
LBFGS:   25 21:24:39   -53435.200173        1.169711
LBFGS:   26 21:24:39   -53435.552615        1.956148
LBFGS:   27 21:24:39   -53435.831777        2.174402
LBFGS:   28 21:24:40   -53436.116375        1.674149
LBFGS:   29 21:24:40   -53436.375960        0.851272
LBFGS:   30 21:24:40   -53436.541937        1.184645
LBFGS:   31 21:24:40   -53436.769499        1.478051
LBFGS:   32 21:24:40   -53436.889389        1.476663
LBFGS:   33 21:24:40   -53437.090479        1.131482
LBFGS:   34 21:24:40   -53437.242350        0.691839
LBFGS:   35 21:24:40   -53437.378410        1.255322
LBFGS:   36 21:24:40   -53437.498917        0.862895
LBFGS:   37 21:24:40   -53437.666101        0.854617
LBFGS:   38 21:24:40   -53437.854498        0.880100
LBFGS:   39 21:24:40   -53438.022660        1.082901
LBFGS:   40 21:24:40   -53438.018153        2.513899
LBFGS:   41 21:24:40   -53438.360121        1.234686
LBFGS:   42 21:24:40   -53438.509509        0.760768
LBFGS:   43 21:24:40   -53438.720694        0.950578
LBFGS:   44 21:24:40   -53438.821500        0.760661
LBFGS:   45 21:24:40   -53439.010924        0.944757
LBFGS:   46 21:24:40   -53439.172706        1.238240
LBFGS:   47 21:24:40   -53439.293858        0.936714
LBFGS:   48 21:24:40   -53439.451673        1.035747
LBFGS:   49 21:24:40   -53439.649757        0.868524
LBFGS:   50 21:24:40   -53439.848120        0.707122
LBFGS:   51 21:24:40   -53439.981967        0.629398
LBFGS:   52 21:24:40   -53440.120347        0.584025
LBFGS:   53 21:24:40   -53440.185887        1.394995
LBFGS:   54 21:24:40   -53440.317452        0.760717
LBFGS:   55 21:24:40   -53440.408987        0.571789
LBFGS:   56 21:24:40   -53440.527781        0.572146
LBFGS:   57 21:24:40   -53440.606630        0.642595
LBFGS:   58 21:24:41   -53440.725468        0.737495
LBFGS:   59 21:24:41   -53440.833264        0.775807
LBFGS:   60 21:24:41   -53440.982511        0.945024
LBFGS:   61 21:24:41   -53441.082786        0.757936
LBFGS:   62 21:24:41   -53441.227207        0.701228
LBFGS:   63 21:24:41   -53441.313189        0.679409
LBFGS:   64 21:24:41   -53441.395810        0.715971
LBFGS:   65 21:24:41   -53441.467571        0.704591
LBFGS:   66 21:24:41   -53441.558964        0.501805
LBFGS:   67 21:24:41   -53441.635066        0.569759
LBFGS:   68 21:24:41   -53441.721577        0.754471
LBFGS:   69 21:24:41   -53441.831620        0.728224
LBFGS:   70 21:24:41   -53441.905648        0.962935
LBFGS:   71 21:24:41   -53441.984412        0.596341
LBFGS:   72 21:24:41   -53442.036934        0.341176
LBFGS:   73 21:24:41   -53442.108755        0.409112
LBFGS:   74 21:24:41   -53442.157848        0.692577
LBFGS:   75 21:24:41   -53442.233630        0.457189
LBFGS:   76 21:24:41   -53442.312379        0.391228
LBFGS:   77 21:24:41   -53442.382698        0.479084
LBFGS:   78 21:24:41   -53442.446855        0.569260
LBFGS:   79 21:24:41   -53442.512658        0.483203
LBFGS:   80 21:24:41   -53442.573196        0.463645
LBFGS:   81 21:24:41   -53442.639611        0.449174
LBFGS:   82 21:24:41   -53442.714591        0.568398
LBFGS:   83 21:24:41   -53442.791895        0.371707
LBFGS:   84 21:24:41   -53442.873626        0.402610
LBFGS:   85 21:24:41   -53442.929579        0.310359
LBFGS:   86 21:24:41   -53442.976346        0.506597
LBFGS:   87 21:24:41   -53443.034261        0.553413
LBFGS:   88 21:24:42   -53443.116571        0.494419
LBFGS:   89 21:24:42   -53443.227303        0.455216
LBFGS:   90 21:24:42   -53443.308749        0.390519
LBFGS:   91 21:24:42   -53443.374939        0.549890
LBFGS:   92 21:24:42   -53443.433966        0.457823
LBFGS:   93 21:24:42   -53443.487561        0.372863
LBFGS:   94 21:24:42   -53443.520523        0.573647
LBFGS:   95 21:24:42   -53443.565326        0.387498
LBFGS:   96 21:24:42   -53443.623452        0.537551
LBFGS:   97 21:24:42   -53443.711746        0.555303
LBFGS:   98 21:24:42   -53443.826257        0.433716
LBFGS:   99 21:24:42   -53443.895760        0.523912
LBFGS:  100 21:24:42   -53443.941858        0.328765
LBFGS:  101 21:24:42   -53443.984244        0.347036
LBFGS:  102 21:24:42   -53444.031515        0.378242
LBFGS:  103 21:24:42   -53444.101515        0.379317
LBFGS:  104 21:24:42   -53444.168584        0.455138
LBFGS:  105 21:24:42   -53444.247360        0.483161
LBFGS:  106 21:24:42   -53444.327554        0.416753
LBFGS:  107 21:24:42   -53444.395768        0.348627
LBFGS:  108 21:24:42   -53444.440132        0.306986
LBFGS:  109 21:24:42   -53444.480001        0.425195
LBFGS:  110 21:24:42   -53444.526104        0.555705
LBFGS:  111 21:24:42   -53444.588354        0.526175
LBFGS:  112 21:24:42   -53444.663272        0.348336
LBFGS:  113 21:24:42   -53444.711462        0.434366
LBFGS:  114 21:24:42   -53444.775249        0.362073
LBFGS:  115 21:24:42   -53444.832156        0.432853
LBFGS:  116 21:24:42   -53444.868528        0.961718
LBFGS:  117 21:24:43   -53444.911017        0.385454
LBFGS:  118 21:24:43   -53444.956126        0.347372
LBFGS:  119 21:24:43   -53444.997914        0.386905
LBFGS:  120 21:24:43   -53445.035332        0.358224
LBFGS:  121 21:24:43   -53445.083889        0.438430
LBFGS:  122 21:24:43   -53445.129499        0.247957
LBFGS:  123 21:24:43   -53445.169871        0.275148
LBFGS:  124 21:24:43   -53445.214918        0.390288
LBFGS:  125 21:24:43   -53445.268219        0.524413
LBFGS:  126 21:24:43   -53445.324251        0.408606
LBFGS:  127 21:24:43   -53445.372521        0.333259
LBFGS:  128 21:24:43   -53445.414411        0.305288
LBFGS:  129 21:24:43   -53445.446240        0.436723
LBFGS:  130 21:24:43   -53445.482247        0.549105
LBFGS:  131 21:24:43   -53445.532257        0.343728
LBFGS:  132 21:24:43   -53445.607236        0.416815
LBFGS:  133 21:24:43   -53445.664604        0.535866
LBFGS:  134 21:24:43   -53445.737033        0.509009
LBFGS:  135 21:24:43   -53445.804476        0.446647
LBFGS:  136 21:24:43   -53445.858300        0.364736
LBFGS:  137 21:24:43   -53445.906817        0.451854
LBFGS:  138 21:24:43   -53445.948310        0.445041
LBFGS:  139 21:24:43   -53445.999592        0.473464
LBFGS:  140 21:24:43   -53446.051774        0.395141
LBFGS:  141 21:24:43   -53446.116088        0.337085
LBFGS:  142 21:24:43   -53446.165164        0.336919
LBFGS:  143 21:24:43   -53446.235573        0.338941
LBFGS:  144 21:24:43   -53446.293766        0.340047
LBFGS:  145 21:24:43   -53446.345227        0.391326
LBFGS:  146 21:24:44   -53446.389388        0.471999
LBFGS:  147 21:24:44   -53446.448712        0.431666
LBFGS:  148 21:24:44   -53446.511497        0.323107
LBFGS:  149 21:24:44   -53446.554787        0.276796
LBFGS:  150 21:24:44   -53446.590749        0.407079
LBFGS:  151 21:24:44   -53446.643738        0.292744
LBFGS:  152 21:24:44   -53446.695705        0.497647
LBFGS:  153 21:24:44   -53446.741418        0.346749
LBFGS:  154 21:24:44   -53446.787655        0.344112
LBFGS:  155 21:24:44   -53446.844031        0.431146
LBFGS:  156 21:24:44   -53446.901308        0.400381
LBFGS:  157 21:24:44   -53446.972719        0.345944
LBFGS:  158 21:24:44   -53447.048059        0.413517
LBFGS:  159 21:24:44   -53447.106633        0.515866
LBFGS:  160 21:24:44   -53447.167285        0.412045
LBFGS:  161 21:24:44   -53447.207012        0.395245
LBFGS:  162 21:24:44   -53447.223048        0.771525
LBFGS:  163 21:24:44   -53447.280196        0.329417
LBFGS:  164 21:24:44   -53447.322475        0.291590
LBFGS:  165 21:24:44   -53447.386341        0.307157
LBFGS:  166 21:24:44   -53447.437069        0.386505
LBFGS:  167 21:24:44   -53447.481592        0.374760
LBFGS:  168 21:24:44   -53447.539309        0.396914
LBFGS:  169 21:24:44   -53447.589130        0.351555
LBFGS:  170 21:24:44   -53447.621783        0.322201
LBFGS:  171 21:24:44   -53447.661467        0.398151
LBFGS:  172 21:24:44   -53447.710067        0.346389
LBFGS:  173 21:24:44   -53447.750373        0.346906
LBFGS:  174 21:24:44   -53447.791518        0.349282
LBFGS:  175 21:24:45   -53447.828565        0.483231
LBFGS:  176 21:24:45   -53447.867657        0.259218
LBFGS:  177 21:24:45   -53447.909912        0.244764
LBFGS:  178 21:24:45   -53447.953125        0.283396
LBFGS:  179 21:24:45   -53447.988151        0.338037
LBFGS:  180 21:24:45   -53448.033857        0.289948
LBFGS:  181 21:24:45   -53448.062521        0.992853
LBFGS:  182 21:24:45   -53448.101881        0.632984
LBFGS:  183 21:24:45   -53448.137700        0.328005
LBFGS:  184 21:24:45   -53448.175849        0.369342
LBFGS:  185 21:24:45   -53448.213927        0.485227
LBFGS:  186 21:24:45   -53448.248263        0.293175
LBFGS:  187 21:24:45   -53448.285369        0.393371
LBFGS:  188 21:24:45   -53448.319479        0.329517
LBFGS:  189 21:24:45   -53448.348504        0.436100
LBFGS:  190 21:24:45   -53448.383684        0.310080
LBFGS:  191 21:24:45   -53448.420258        0.238166
LBFGS:  192 21:24:45   -53448.446781        0.250965
LBFGS:  193 21:24:45   -53448.477014        0.292839
LBFGS:  194 21:24:45   -53448.510514        0.276986
LBFGS:  195 21:24:45   -53448.542711        0.255036
LBFGS:  196 21:24:45   -53448.570469        0.265376
LBFGS:  197 21:24:45   -53448.597616        0.369256
LBFGS:  198 21:24:45   -53448.621410        0.242041
LBFGS:  199 21:24:45   -53448.649200        0.251667
LBFGS:  200 21:24:45   -53448.675049        0.221527
       Step     Time          Energy          fmax
LBFGS:    0 21:24:49   -58520.243651       14.481775
LBFGS:    1 21:24:49   -58528.968771        8.320832
LBFGS:    2 21:24:49   -58535.579837        6.013170
LBFGS:    3 21:24:49   -58542.646247        6.185828
LBFGS:    4 21:24:49   -58548.522672        6.052415
LBFGS:    5 21:24:49   -58554.244067        9.160003
LBFGS:    6 21:24:49   -58559.845009       10.164182
LBFGS:    7 21:24:49   -58564.467617        7.176431
LBFGS:    8 21:24:49   -58569.003399        4.440913
LBFGS:    9 21:24:49   -58572.485803        5.504816
LBFGS:   10 21:24:49   -58575.609267        4.645984
LBFGS:   11 21:24:49   -58577.934921        4.498767
LBFGS:   12 21:24:49   -58579.921123        3.145320
LBFGS:   13 21:24:49   -58581.387469        4.000137
LBFGS:   14 21:24:49   -58582.755571        2.682310
LBFGS:   15 21:24:50   -58583.993824        1.791346
LBFGS:   16 21:24:50   -58584.834975        2.032253
LBFGS:   17 21:24:50   -58585.797008        3.055322
LBFGS:   18 21:24:50   -58586.948093        3.470771
LBFGS:   19 21:24:50   -58587.718667        2.452581
LBFGS:   20 21:24:50   -58588.338560        3.663932
LBFGS:   21 21:24:50   -58589.169170        2.899457
LBFGS:   22 21:24:50   -58589.756513        2.537157
LBFGS:   23 21:24:50   -58590.304355        1.786299
LBFGS:   24 21:24:50   -58590.665177        1.122540
LBFGS:   25 21:24:50   -58590.947802        1.261573
LBFGS:   26 21:24:50   -58591.236117        1.658601
LBFGS:   27 21:24:50   -58591.696526        2.487906
LBFGS:   28 21:24:50   -58592.103129        1.924986
LBFGS:   29 21:24:50   -58592.464558        1.230943
LBFGS:   30 21:24:50   -58592.739760        1.087415
LBFGS:   31 21:24:50   -58592.988603        1.243625
LBFGS:   32 21:24:50   -58593.208249        1.528636
LBFGS:   33 21:24:50   -58593.433807        0.752837
LBFGS:   34 21:24:50   -58593.600752        0.707648
LBFGS:   35 21:24:50   -58593.854484        1.097798
LBFGS:   36 21:24:50   -58594.047296        0.952977
LBFGS:   37 21:24:50   -58594.174876        0.906634
LBFGS:   38 21:24:50   -58594.332547        1.046205
LBFGS:   39 21:24:50   -58594.516095        1.195559
LBFGS:   40 21:24:50   -58594.838209        1.037404
LBFGS:   41 21:24:50   -58595.069191        1.080550
LBFGS:   42 21:24:50   -58595.301420        0.990405
LBFGS:   43 21:24:50   -58595.555950        1.071989
LBFGS:   44 21:24:51   -58595.724010        1.061559
LBFGS:   45 21:24:51   -58595.951141        0.867543
LBFGS:   46 21:24:51   -58596.129847        0.825825
LBFGS:   47 21:24:51   -58596.272337        0.841431
LBFGS:   48 21:24:51   -58596.366475        1.054693
LBFGS:   49 21:24:51   -58596.536431        0.893555
LBFGS:   50 21:24:51   -58596.668621        0.581801
LBFGS:   51 21:24:51   -58596.807432        0.503247
LBFGS:   52 21:24:51   -58596.944731        0.604581
LBFGS:   53 21:24:51   -58597.061004        0.558700
LBFGS:   54 21:24:51   -58597.188718        0.502942
LBFGS:   55 21:24:51   -58597.280918        0.747553
LBFGS:   56 21:24:51   -58597.385534        0.594586
LBFGS:   57 21:24:51   -58597.473786        0.481140
LBFGS:   58 21:24:51   -58597.592890        0.609028
LBFGS:   59 21:24:51   -58597.693384        0.552918
LBFGS:   60 21:24:51   -58597.823486        0.529357
LBFGS:   61 21:24:51   -58597.939071        0.555509
LBFGS:   62 21:24:51   -58598.022567        0.675081
LBFGS:   63 21:24:51   -58598.093022        0.549104
LBFGS:   64 21:24:51   -58598.163427        0.551754
LBFGS:   65 21:24:51   -58598.287141        0.453357
LBFGS:   66 21:24:51   -58598.359367        0.451399
LBFGS:   67 21:24:51   -58598.472765        0.468287
LBFGS:   68 21:24:51   -58598.579065        0.479031
LBFGS:   69 21:24:51   -58598.694167        0.671275
LBFGS:   70 21:24:51   -58598.801383        0.690471
LBFGS:   71 21:24:51   -58598.896308        0.524582
LBFGS:   72 21:24:52   -58599.012963        0.439562
LBFGS:   73 21:24:52   -58599.170137        0.765954
LBFGS:   74 21:24:52   -58599.273665        0.720198
LBFGS:   75 21:24:52   -58599.399996        0.461640
LBFGS:   76 21:24:52   -58599.491862        0.507377
LBFGS:   77 21:24:52   -58599.569062        0.665707
LBFGS:   78 21:24:52   -58599.650025        0.580001
LBFGS:   79 21:24:52   -58599.740849        0.393511
LBFGS:   80 21:24:52   -58599.855341        0.410530
LBFGS:   81 21:24:52   -58599.951393        0.465354
LBFGS:   82 21:24:52   -58600.054222        0.514447
LBFGS:   83 21:24:52   -58600.132443        0.369790
LBFGS:   84 21:24:52   -58600.207609        0.368716
LBFGS:   85 21:24:52   -58600.292798        0.431287
LBFGS:   86 21:24:52   -58600.388704        0.598568
LBFGS:   87 21:24:52   -58600.470531        0.565775
LBFGS:   88 21:24:52   -58600.563841        0.548367
LBFGS:   89 21:24:52   -58600.656435        0.621229
LBFGS:   90 21:24:52   -58600.748640        0.520499
LBFGS:   91 21:24:52   -58600.871990        0.425916
LBFGS:   92 21:24:52   -58600.965202        0.407335
LBFGS:   93 21:24:52   -58601.055228        0.650443
LBFGS:   94 21:24:52   -58601.149650        0.562736
LBFGS:   95 21:24:52   -58601.253868        0.447606
LBFGS:   96 21:24:52   -58601.346746        0.606502
LBFGS:   97 21:24:52   -58601.415410        0.994103
LBFGS:   98 21:24:52   -58601.514618        0.635060
LBFGS:   99 21:24:52   -58601.614096        0.390756
LBFGS:  100 21:24:52   -58601.711771        0.556980
LBFGS:  101 21:24:53   -58601.840777        0.581841
LBFGS:  102 21:24:53   -58601.925283        0.564538
LBFGS:  103 21:24:53   -58601.999027        0.373511
LBFGS:  104 21:24:53   -58602.064065        0.407797
LBFGS:  105 21:24:53   -58602.147064        0.618843
LBFGS:  106 21:24:53   -58602.259864        0.706922
LBFGS:  107 21:24:53   -58602.377555        0.443985
LBFGS:  108 21:24:53   -58602.442306        0.318558
LBFGS:  109 21:24:53   -58602.532508        0.424864
LBFGS:  110 21:24:53   -58602.599480        0.417228
LBFGS:  111 21:24:53   -58602.669770        0.453078
LBFGS:  112 21:24:53   -58602.740108        0.641773
LBFGS:  113 21:24:53   -58602.814288        0.563634
LBFGS:  114 21:24:53   -58602.887646        0.340309
LBFGS:  115 21:24:53   -58602.945148        0.268520
LBFGS:  116 21:24:53   -58602.992752        0.343421
LBFGS:  117 21:24:53   -58603.064864        0.476773
LBFGS:  118 21:24:53   -58603.137581        0.504927
LBFGS:  119 21:24:53   -58603.205808        0.413216
LBFGS:  120 21:24:53   -58603.269822        0.382779
LBFGS:  121 21:24:53   -58603.342604        0.543026
LBFGS:  122 21:24:53   -58603.415655        0.507085
LBFGS:  123 21:24:53   -58603.461517        0.551534
LBFGS:  124 21:24:53   -58603.515794        0.440938
LBFGS:  125 21:24:53   -58603.569264        0.455706
LBFGS:  126 21:24:53   -58603.628604        0.403964
LBFGS:  127 21:24:53   -58603.685565        0.373615
LBFGS:  128 21:24:53   -58603.732670        0.329445
LBFGS:  129 21:24:53   -58603.782164        0.347172
LBFGS:  130 21:24:54   -58603.845175        0.573196
LBFGS:  131 21:24:54   -58603.911673        0.631245
LBFGS:  132 21:24:54   -58603.976374        0.709889
LBFGS:  133 21:24:54   -58604.043559        0.441547
LBFGS:  134 21:24:54   -58604.109763        0.490750
LBFGS:  135 21:24:54   -58604.166253        0.564501
LBFGS:  136 21:24:54   -58604.222856        0.463731
LBFGS:  137 21:24:54   -58604.287813        0.391819
LBFGS:  138 21:24:54   -58604.354570        0.429914
LBFGS:  139 21:24:54   -58604.422521        0.660443
LBFGS:  140 21:24:54   -58604.482812        0.582173
LBFGS:  141 21:24:54   -58604.529552        0.419207
LBFGS:  142 21:24:54   -58604.579385        0.585653
LBFGS:  143 21:24:54   -58604.627459        0.586501
LBFGS:  144 21:24:54   -58604.696894        0.300101
LBFGS:  145 21:24:54   -58604.754089        0.512789
LBFGS:  146 21:24:54   -58604.823768        0.544915
LBFGS:  147 21:24:54   -58604.896649        0.603396
LBFGS:  148 21:24:54   -58604.964687        0.575555
LBFGS:  149 21:24:54   -58605.014284        0.331473
LBFGS:  150 21:24:54   -58605.070182        0.362911
LBFGS:  151 21:24:54   -58605.121260        0.454749
LBFGS:  152 21:24:54   -58605.170930        0.478492
LBFGS:  153 21:24:54   -58605.220677        0.274547
LBFGS:  154 21:24:54   -58605.285476        0.343649
LBFGS:  155 21:24:54   -58605.338132        0.406377
LBFGS:  156 21:24:54   -58605.399596        0.342426
LBFGS:  157 21:24:54   -58605.450503        0.356684
LBFGS:  158 21:24:54   -58605.502581        0.351579
LBFGS:  159 21:24:55   -58605.560317        0.388714
LBFGS:  160 21:24:55   -58605.629083        0.467520
LBFGS:  161 21:24:55   -58605.688690        0.333754
LBFGS:  162 21:24:55   -58605.737741        0.321839
LBFGS:  163 21:24:55   -58605.783362        0.357876
LBFGS:  164 21:24:55   -58605.850252        0.454194
LBFGS:  165 21:24:55   -58605.901622        0.488738
LBFGS:  166 21:24:55   -58605.954688        0.381796
LBFGS:  167 21:24:55   -58605.998990        0.568929
LBFGS:  168 21:24:55   -58606.045259        0.421103
LBFGS:  169 21:24:55   -58606.095478        0.400280
LBFGS:  170 21:24:55   -58606.151673        0.473331
LBFGS:  171 21:24:55   -58606.213452        0.474796
LBFGS:  172 21:24:55   -58606.267755        0.374249
LBFGS:  173 21:24:55   -58606.316609        0.363455
LBFGS:  174 21:24:55   -58606.373983        0.382437
LBFGS:  175 21:24:55   -58606.432841        0.316635
LBFGS:  176 21:24:55   -58606.479192        0.395930
LBFGS:  177 21:24:55   -58606.516227        0.279339
LBFGS:  178 21:24:55   -58606.548261        0.267048
LBFGS:  179 21:24:55   -58606.583829        0.399337
LBFGS:  180 21:24:55   -58606.626160        0.508987
LBFGS:  181 21:24:55   -58606.672888        0.360000
LBFGS:  182 21:24:55   -58606.717099        0.330119
LBFGS:  183 21:24:55   -58606.755374        0.345905
LBFGS:  184 21:24:55   -58606.794119        0.463096
LBFGS:  185 21:24:55   -58606.830193        0.324200
LBFGS:  186 21:24:55   -58606.864651        0.277130
LBFGS:  187 21:24:56   -58606.898528        0.318621
LBFGS:  188 21:24:56   -58606.934582        0.489378
LBFGS:  189 21:24:56   -58606.977981        0.402510
LBFGS:  190 21:24:56   -58607.029521        0.366335
LBFGS:  191 21:24:56   -58607.074183        0.355091
LBFGS:  192 21:24:56   -58607.117414        0.460183
LBFGS:  193 21:24:56   -58607.163164        0.324061
LBFGS:  194 21:24:56   -58607.206394        0.308602
LBFGS:  195 21:24:56   -58607.249813        0.394727
LBFGS:  196 21:24:56   -58607.293136        0.509116
LBFGS:  197 21:24:56   -58607.340868        0.342841
LBFGS:  198 21:24:56   -58607.379184        0.273243
LBFGS:  199 21:24:56   -58607.417824        0.386585
LBFGS:  200 21:24:56   -58607.457631        0.497733
       Step     Time          Energy          fmax
LBFGS:    0 21:25:00   -62255.945887       14.326483
LBFGS:    1 21:25:00   -62266.652485        8.272874
LBFGS:    2 21:25:00   -62275.225657        5.457576
LBFGS:    3 21:25:00   -62283.083688        6.700281
LBFGS:    4 21:25:00   -62290.099931        6.065249
LBFGS:    5 21:25:00   -62297.106322       12.464382
LBFGS:    6 21:25:00   -62302.690881        7.834235
LBFGS:    7 21:25:00   -62308.425513        5.144741
LBFGS:    8 21:25:00   -62313.495677        3.538591
LBFGS:    9 21:25:00   -62317.767682        4.985156
LBFGS:   10 21:25:00   -62321.617783        4.067974
LBFGS:   11 21:25:00   -62324.970850        3.714184
LBFGS:   12 21:25:00   -62327.794510        4.766016
LBFGS:   13 21:25:01   -62329.833245        4.808527
LBFGS:   14 21:25:01   -62331.566452        3.137484
LBFGS:   15 21:25:01   -62332.966566        2.155299
LBFGS:   16 21:25:01   -62334.444557        2.645543
LBFGS:   17 21:25:01   -62335.392437        2.481094
LBFGS:   18 21:25:01   -62336.690847        3.098045
LBFGS:   19 21:25:01   -62337.557491        3.516575
LBFGS:   20 21:25:01   -62338.571086        3.230790
LBFGS:   21 21:25:01   -62339.566351        1.966061
LBFGS:   22 21:25:01   -62340.221379        2.411810
LBFGS:   23 21:25:01   -62340.837180        1.639354
LBFGS:   24 21:25:01   -62341.402959        1.662888
LBFGS:   25 21:25:01   -62341.793118        1.443692
LBFGS:   26 21:25:01   -62342.122061        1.380890
LBFGS:   27 21:25:01   -62342.615084        1.900571
LBFGS:   28 21:25:01   -62343.030567        1.812418
LBFGS:   29 21:25:01   -62343.493022        1.874798
LBFGS:   30 21:25:01   -62343.698196        2.503251
LBFGS:   31 21:25:02   -62344.036270        1.195305
LBFGS:   32 21:25:02   -62344.318246        0.901689
LBFGS:   33 21:25:02   -62344.659522        1.561910
LBFGS:   34 21:25:02   -62344.903637        2.171519
LBFGS:   35 21:25:02   -62345.224493        1.849799
LBFGS:   36 21:25:02   -62345.534865        1.396759
LBFGS:   37 21:25:02   -62345.759570        1.413289
LBFGS:   38 21:25:02   -62345.988925        1.930328
LBFGS:   39 21:25:02   -62346.265028        1.539851
LBFGS:   40 21:25:02   -62346.557300        1.344199
LBFGS:   41 21:25:02   -62346.769664        0.723650
LBFGS:   42 21:25:02   -62346.951901        1.215033
LBFGS:   43 21:25:02   -62347.165024        1.520320
LBFGS:   44 21:25:02   -62347.355627        0.970767
LBFGS:   45 21:25:02   -62347.518348        0.527191
LBFGS:   46 21:25:02   -62347.645548        0.859119
LBFGS:   47 21:25:02   -62347.844590        1.336872
LBFGS:   48 21:25:02   -62348.065267        1.174353
LBFGS:   49 21:25:03   -62348.266317        0.694628
LBFGS:   50 21:25:03   -62348.410940        1.087739
LBFGS:   51 21:25:03   -62348.567544        1.290143
LBFGS:   52 21:25:03   -62348.717042        0.858633
LBFGS:   53 21:25:03   -62348.912396        0.665438
LBFGS:   54 21:25:03   -62349.052325        0.769587
LBFGS:   55 21:25:03   -62349.227801        0.822544
LBFGS:   56 21:25:03   -62349.335820        0.757669
LBFGS:   57 21:25:03   -62349.455129        0.644712
LBFGS:   58 21:25:03   -62349.600231        0.756545
LBFGS:   59 21:25:03   -62349.778540        0.821072
LBFGS:   60 21:25:03   -62349.910756        0.554433
LBFGS:   61 21:25:03   -62350.025988        0.757464
LBFGS:   62 21:25:03   -62350.142354        0.912497
LBFGS:   63 21:25:03   -62350.247401        0.900472
LBFGS:   64 21:25:03   -62350.372986        0.607717
LBFGS:   65 21:25:03   -62350.468439        0.384277
LBFGS:   66 21:25:04   -62350.569318        0.479821
LBFGS:   67 21:25:04   -62350.692978        0.504734
LBFGS:   68 21:25:04   -62350.851214        0.734819
LBFGS:   69 21:25:04   -62351.061026        0.811501
LBFGS:   70 21:25:04   -62351.242628        0.750610
LBFGS:   71 21:25:04   -62351.363488        0.659191
LBFGS:   72 21:25:04   -62351.459323        0.614821
LBFGS:   73 21:25:04   -62351.426493        2.156479
LBFGS:   74 21:25:04   -62351.670798        0.693240
LBFGS:   75 21:25:04   -62351.759479        0.318686
LBFGS:   76 21:25:04   -62351.891913        0.658050
LBFGS:   77 21:25:04   -62352.012707        0.735026
LBFGS:   78 21:25:04   -62352.188662        0.950844
LBFGS:   79 21:25:04   -62352.335826        1.144093
LBFGS:   80 21:25:04   -62352.484508        0.954437
LBFGS:   81 21:25:04   -62352.627540        0.644149
LBFGS:   82 21:25:04   -62352.762120        0.631202
LBFGS:   83 21:25:04   -62352.911217        0.491385
LBFGS:   84 21:25:05   -62353.031797        0.540806
LBFGS:   85 21:25:05   -62353.126795        0.638615
LBFGS:   86 21:25:05   -62353.202671        0.598422
LBFGS:   87 21:25:05   -62353.321866        0.490382
LBFGS:   88 21:25:05   -62353.456088        0.548327
LBFGS:   89 21:25:05   -62353.608072        0.564546
LBFGS:   90 21:25:05   -62353.736708        0.509464
LBFGS:   91 21:25:05   -62353.846214        0.507397
LBFGS:   92 21:25:05   -62353.926876        0.481148
LBFGS:   93 21:25:05   -62354.009145        0.330274
LBFGS:   94 21:25:05   -62354.133038        0.469351
LBFGS:   95 21:25:05   -62354.232926        0.426440
LBFGS:   96 21:25:05   -62354.362581        0.563035
LBFGS:   97 21:25:05   -62354.482906        0.491489
LBFGS:   98 21:25:05   -62354.592858        0.450546
LBFGS:   99 21:25:05   -62354.692013        0.435237
LBFGS:  100 21:25:05   -62354.781187        0.571381
LBFGS:  101 21:25:05   -62354.879337        0.515970
LBFGS:  102 21:25:06   -62354.993901        0.414540
LBFGS:  103 21:25:06   -62355.117272        0.447814
LBFGS:  104 21:25:06   -62355.214898        0.548069
LBFGS:  105 21:25:06   -62355.323462        0.501509
LBFGS:  106 21:25:06   -62355.426024        0.492674
LBFGS:  107 21:25:06   -62355.517620        0.458627
LBFGS:  108 21:25:06   -62355.643485        0.439361
LBFGS:  109 21:25:06   -62355.786617        0.604374
LBFGS:  110 21:25:06   -62355.904827        0.496415
LBFGS:  111 21:25:06   -62355.995029        0.407131
LBFGS:  112 21:25:06   -62356.063566        0.835748
LBFGS:  113 21:25:06   -62356.139100        0.565767
LBFGS:  114 21:25:06   -62356.241019        0.365264
LBFGS:  115 21:25:06   -62356.356710        0.415095
LBFGS:  116 21:25:06   -62356.441666        0.506839
LBFGS:  117 21:25:06   -62356.562502        0.393582
LBFGS:  118 21:25:06   -62356.662685        0.368962
LBFGS:  119 21:25:07   -62356.735595        0.476275
LBFGS:  120 21:25:07   -62356.816151        0.427767
LBFGS:  121 21:25:07   -62356.930641        0.389935
LBFGS:  122 21:25:07   -62357.038276        0.844187
LBFGS:  123 21:25:07   -62357.110444        0.781826
LBFGS:  124 21:25:07   -62357.195281        0.375313
LBFGS:  125 21:25:07   -62357.275501        0.631244
LBFGS:  126 21:25:07   -62357.345126        0.386447
LBFGS:  127 21:25:07   -62357.433841        0.398015
LBFGS:  128 21:25:07   -62357.520583        0.500034
LBFGS:  129 21:25:07   -62357.608255        0.385290
LBFGS:  130 21:25:07   -62357.692835        0.404722
LBFGS:  131 21:25:07   -62357.770586        0.613635
LBFGS:  132 21:25:07   -62357.842146        0.614326
LBFGS:  133 21:25:07   -62357.940958        0.462658
LBFGS:  134 21:25:07   -62358.033035        0.430081
LBFGS:  135 21:25:07   -62358.104820        0.434632
LBFGS:  136 21:25:07   -62358.195079        0.457422
LBFGS:  137 21:25:08   -62358.269058        0.389158
LBFGS:  138 21:25:08   -62358.332861        0.253799
LBFGS:  139 21:25:08   -62358.385059        0.247393
LBFGS:  140 21:25:08   -62358.434016        0.459285
LBFGS:  141 21:25:08   -62358.477866        0.493205
LBFGS:  142 21:25:08   -62358.537595        0.369619
LBFGS:  143 21:25:08   -62358.607288        0.256305
LBFGS:  144 21:25:08   -62358.655845        0.270212
LBFGS:  145 21:25:08   -62358.708684        0.258080
LBFGS:  146 21:25:08   -62358.754489        0.240705
LBFGS:  147 21:25:08   -62358.802851        0.242365
LBFGS:  148 21:25:08   -62358.847709        0.277094
LBFGS:  149 21:25:08   -62358.891446        0.287947
LBFGS:  150 21:25:08   -62358.934346        0.432829
LBFGS:  151 21:25:08   -62358.973194        0.341977
LBFGS:  152 21:25:08   -62359.010513        0.221182
LBFGS:  153 21:25:08   -62359.045526        0.268517
LBFGS:  154 21:25:09   -62359.078466        0.205808
LBFGS:  155 21:25:09   -62359.118575        0.285035
LBFGS:  156 21:25:09   -62359.159936        0.286588
LBFGS:  157 21:25:09   -62359.197164        0.383233
LBFGS:  158 21:25:09   -62359.230849        0.242399
LBFGS:  159 21:25:09   -62359.268855        0.301206
LBFGS:  160 21:25:09   -62359.309196        0.351111
LBFGS:  161 21:25:09   -62359.349599        0.267963
LBFGS:  162 21:25:09   -62359.391239        0.264502
LBFGS:  163 21:25:09   -62359.432375        0.281397
LBFGS:  164 21:25:09   -62359.469601        0.334600
LBFGS:  165 21:25:09   -62359.500068        0.273232
LBFGS:  166 21:25:09   -62359.527217        0.428081
LBFGS:  167 21:25:09   -62359.557786        0.265857
LBFGS:  168 21:25:09   -62359.596706        0.386141
LBFGS:  169 21:25:09   -62359.629628        0.320597
LBFGS:  170 21:25:09   -62359.665814        0.385932
LBFGS:  171 21:25:10   -62359.705568        0.320100
LBFGS:  172 21:25:10   -62359.738672        0.252706
LBFGS:  173 21:25:10   -62359.767315        0.371220
LBFGS:  174 21:25:10   -62359.792911        0.273867
LBFGS:  175 21:25:10   -62359.823886        0.279624
LBFGS:  176 21:25:10   -62359.855113        0.165825
LBFGS:  177 21:25:10   -62359.879981        0.190738
LBFGS:  178 21:25:10   -62359.905537        0.235175
LBFGS:  179 21:25:10   -62359.930944        0.268935
LBFGS:  180 21:25:10   -62359.956403        0.215133
LBFGS:  181 21:25:10   -62359.980468        0.181609
LBFGS:  182 21:25:10   -62360.002475        0.391880
LBFGS:  183 21:25:10   -62360.021335        0.346689
LBFGS:  184 21:25:10   -62360.044191        0.175828
LBFGS:  185 21:25:10   -62360.066752        0.166686
LBFGS:  186 21:25:10   -62360.087407        0.202052
LBFGS:  187 21:25:10   -62360.110152        0.219686
LBFGS:  188 21:25:11   -62360.134915        0.207335
LBFGS:  189 21:25:11   -62360.161456        0.201723
LBFGS:  190 21:25:11   -62360.189514        0.206285
LBFGS:  191 21:25:11   -62360.219024        0.240662
LBFGS:  192 21:25:11   -62360.253672        0.281570
LBFGS:  193 21:25:11   -62360.287012        0.348385
LBFGS:  194 21:25:11   -62360.317415        0.308700
LBFGS:  195 21:25:11   -62360.348187        0.349336
LBFGS:  196 21:25:11   -62360.384897        0.327654
LBFGS:  197 21:25:11   -62360.421345        0.201532
LBFGS:  198 21:25:11   -62360.448005        0.265042
LBFGS:  199 21:25:11   -62360.475822        0.228953
LBFGS:  200 21:25:11   -62360.498855        0.300126
       Step     Time          Energy          fmax
LBFGS:    0 21:25:15   -65999.651945       14.125175
LBFGS:    1 21:25:15   -66011.922036       10.564240
LBFGS:    2 21:25:15   -66021.679283        5.233457
LBFGS:    3 21:25:15   -66030.153059        6.439397
LBFGS:    4 21:25:15   -66037.732893        8.664456
LBFGS:    5 21:25:15   -66045.079908        9.640233
LBFGS:    6 21:25:16   -66050.514250        6.706281
LBFGS:    7 21:25:16   -66055.899960        5.181235
LBFGS:    8 21:25:16   -66061.763282        3.489982
LBFGS:    9 21:25:16   -66066.434078        7.249936
LBFGS:   10 21:25:16   -66070.784103        6.135934
LBFGS:   11 21:25:16   -66075.375483        4.208507
LBFGS:   12 21:25:16   -66078.492285        2.870776
LBFGS:   13 21:25:16   -66080.951435        2.789963
LBFGS:   14 21:25:16   -66083.047288        2.531746
LBFGS:   15 21:25:16   -66085.136505        3.459742
LBFGS:   16 21:25:16   -66085.958677        4.599199
LBFGS:   17 21:25:16   -66087.366176        2.434630
LBFGS:   18 21:25:16   -66088.701504        2.005079
LBFGS:   19 21:25:16   -66090.428699        1.900498
LBFGS:   20 21:25:16   -66091.366495        2.209950
LBFGS:   21 21:25:16   -66092.363540        1.963642
LBFGS:   22 21:25:16   -66093.057674        1.839413
LBFGS:   23 21:25:16   -66093.935468        1.534615
LBFGS:   24 21:25:17   -66094.458984        1.123782
LBFGS:   25 21:25:17   -66095.143067        1.507224
LBFGS:   26 21:25:17   -66095.763452        1.674372
LBFGS:   27 21:25:17   -66095.931194        2.936497
LBFGS:   28 21:25:17   -66096.631360        1.566102
LBFGS:   29 21:25:17   -66097.131317        1.113593
LBFGS:   30 21:25:17   -66097.730690        1.515603
LBFGS:   31 21:25:17   -66098.086374        1.399092
LBFGS:   32 21:25:17   -66098.570284        1.039898
LBFGS:   33 21:25:17   -66098.942159        1.047432
LBFGS:   34 21:25:17   -66099.068433        2.321296
LBFGS:   35 21:25:17   -66099.502836        1.425077
LBFGS:   36 21:25:17   -66099.729593        0.980330
LBFGS:   37 21:25:17   -66100.211137        2.091274
LBFGS:   38 21:25:17   -66100.475099        1.345429
LBFGS:   39 21:25:17   -66100.870436        1.355967
LBFGS:   40 21:25:17   -66101.216330        1.763493
LBFGS:   41 21:25:18   -66101.512517        1.176833
LBFGS:   42 21:25:18   -66101.854069        0.768228
LBFGS:   43 21:25:18   -66102.067466        0.864320
LBFGS:   44 21:25:18   -66102.139196        2.314885
LBFGS:   45 21:25:18   -66102.341713        1.666497
LBFGS:   46 21:25:18   -66102.568439        0.881215
LBFGS:   47 21:25:18   -66102.782600        0.783150
LBFGS:   48 21:25:18   -66103.162399        1.658196
LBFGS:   49 21:25:18   -66103.370518        1.356480
LBFGS:   50 21:25:18   -66103.624711        0.832835
LBFGS:   51 21:25:18   -66103.848254        0.849174
LBFGS:   52 21:25:18   -66104.099210        1.063037
LBFGS:   53 21:25:18   -66104.358053        1.167924
LBFGS:   54 21:25:18   -66104.444966        1.736023
LBFGS:   55 21:25:18   -66104.679571        0.819738
LBFGS:   56 21:25:18   -66104.833864        1.065157
LBFGS:   57 21:25:18   -66105.009090        0.563092
LBFGS:   58 21:25:19   -66105.212754        0.837152
LBFGS:   59 21:25:19   -66105.377379        0.875734
LBFGS:   60 21:25:19   -66105.546701        0.688744
LBFGS:   61 21:25:19   -66105.723385        0.821876
LBFGS:   62 21:25:19   -66105.860355        1.299337
LBFGS:   63 21:25:19   -66106.039842        1.213470
LBFGS:   64 21:25:19   -66106.162729        0.827498
LBFGS:   65 21:25:19   -66106.327089        0.890215
LBFGS:   66 21:25:19   -66106.472178        0.806185
LBFGS:   67 21:25:19   -66106.627252        1.237531
LBFGS:   68 21:25:19   -66106.785971        1.060240
LBFGS:   69 21:25:19   -66106.930616        0.730378
LBFGS:   70 21:25:19   -66107.051844        0.761366
LBFGS:   71 21:25:19   -66107.187749        0.799700
LBFGS:   72 21:25:19   -66107.305688        0.816453
LBFGS:   73 21:25:19   -66107.420357        0.567684
LBFGS:   74 21:25:19   -66107.517317        0.436726
LBFGS:   75 21:25:20   -66107.628363        0.500851
LBFGS:   76 21:25:20   -66107.741657        0.658311
LBFGS:   77 21:25:20   -66107.866028        0.589903
LBFGS:   78 21:25:20   -66107.988405        0.470300
LBFGS:   79 21:25:20   -66108.124870        0.684805
LBFGS:   80 21:25:20   -66108.251806        0.632814
LBFGS:   81 21:25:20   -66108.356730        0.823570
LBFGS:   82 21:25:20   -66108.484771        0.469040
LBFGS:   83 21:25:20   -66108.604576        0.474088
LBFGS:   84 21:25:20   -66108.693096        0.616927
LBFGS:   85 21:25:20   -66108.804220        0.658069
LBFGS:   86 21:25:20   -66108.912954        0.425918
LBFGS:   87 21:25:20   -66109.011436        0.398161
LBFGS:   88 21:25:20   -66109.112820        0.476219
LBFGS:   89 21:25:20   -66109.204843        0.484566
LBFGS:   90 21:25:20   -66109.307828        0.494937
LBFGS:   91 21:25:20   -66109.404518        0.566103
LBFGS:   92 21:25:20   -66109.501473        0.515234
LBFGS:   93 21:25:21   -66109.597455        0.563154
LBFGS:   94 21:25:21   -66109.713314        0.508001
LBFGS:   95 21:25:21   -66109.817624        0.649355
LBFGS:   96 21:25:21   -66109.929128        0.645985
LBFGS:   97 21:25:21   -66110.027683        0.527691
LBFGS:   98 21:25:21   -66110.125487        0.524654
LBFGS:   99 21:25:21   -66110.210813        0.643237
LBFGS:  100 21:25:21   -66110.305768        0.661232
LBFGS:  101 21:25:21   -66110.402221        0.651073
LBFGS:  102 21:25:21   -66110.491906        0.628462
LBFGS:  103 21:25:21   -66110.571573        0.540968
LBFGS:  104 21:25:21   -66110.667993        0.577839
LBFGS:  105 21:25:21   -66110.754093        0.626034
LBFGS:  106 21:25:21   -66110.821178        0.485691
LBFGS:  107 21:25:21   -66110.878193        0.543913
LBFGS:  108 21:25:21   -66110.951357        0.419820
LBFGS:  109 21:25:21   -66111.029684        0.476449
LBFGS:  110 21:25:22   -66111.098837        0.422229
LBFGS:  111 21:25:22   -66111.170430        0.489422
LBFGS:  112 21:25:22   -66111.245656        0.414574
LBFGS:  113 21:25:22   -66111.317341        0.487753
LBFGS:  114 21:25:22   -66111.395044        0.395573
LBFGS:  115 21:25:22   -66111.457861        0.382318
LBFGS:  116 21:25:22   -66111.528560        0.341562
LBFGS:  117 21:25:22   -66111.610529        0.433230
LBFGS:  118 21:25:22   -66111.703700        0.531084
LBFGS:  119 21:25:22   -66111.751731        1.166634
LBFGS:  120 21:25:22   -66111.830653        0.410915
LBFGS:  121 21:25:22   -66111.890212        0.304020
LBFGS:  122 21:25:22   -66111.987824        0.310106
LBFGS:  123 21:25:22   -66112.042576        0.384256
LBFGS:  124 21:25:22   -66112.101367        0.298148
LBFGS:  125 21:25:22   -66112.153603        0.311937
LBFGS:  126 21:25:22   -66112.211956        0.266866
LBFGS:  127 21:25:23   -66112.267339        0.335320
LBFGS:  128 21:25:23   -66112.317396        0.348411
LBFGS:  129 21:25:23   -66112.363943        0.313781
LBFGS:  130 21:25:23   -66112.412468        0.342395
LBFGS:  131 21:25:23   -66112.461593        0.355092
LBFGS:  132 21:25:23   -66112.506392        0.275745
LBFGS:  133 21:25:23   -66112.558516        0.311244
LBFGS:  134 21:25:23   -66112.605444        0.352628
LBFGS:  135 21:25:23   -66112.646196        0.255408
LBFGS:  136 21:25:23   -66112.688572        0.261156
LBFGS:  137 21:25:23   -66112.732809        0.370337
LBFGS:  138 21:25:23   -66112.783028        0.391553
LBFGS:  139 21:25:23   -66112.827838        0.265669
LBFGS:  140 21:25:23   -66112.867624        0.251991
LBFGS:  141 21:25:23   -66112.901762        0.282226
LBFGS:  142 21:25:23   -66112.950569        0.390175
LBFGS:  143 21:25:23   -66113.000911        0.300980
LBFGS:  144 21:25:24   -66113.050723        0.380734
LBFGS:  145 21:25:24   -66113.093620        0.355819
LBFGS:  146 21:25:24   -66113.137091        0.526775
LBFGS:  147 21:25:24   -66113.186430        0.426972
LBFGS:  148 21:25:24   -66113.237725        0.250045
LBFGS:  149 21:25:24   -66113.279184        0.301699
LBFGS:  150 21:25:24   -66113.321729        0.357748
LBFGS:  151 21:25:24   -66113.365056        0.393812
LBFGS:  152 21:25:24   -66113.414176        0.255091
LBFGS:  153 21:25:24   -66113.455333        0.245155
LBFGS:  154 21:25:24   -66113.492569        0.247538
LBFGS:  155 21:25:24   -66113.527041        0.301270
LBFGS:  156 21:25:24   -66113.561431        0.235394
LBFGS:  157 21:25:24   -66113.599536        0.273658
LBFGS:  158 21:25:24   -66113.639986        0.268886
LBFGS:  159 21:25:24   -66113.688056        0.268254
LBFGS:  160 21:25:24   -66113.736849        0.316712
LBFGS:  161 21:25:25   -66113.786894        0.268390
LBFGS:  162 21:25:25   -66113.838092        0.369203
LBFGS:  163 21:25:25   -66113.900982        0.318974
LBFGS:  164 21:25:25   -66113.945338        0.253068
LBFGS:  165 21:25:25   -66113.989913        0.249534
LBFGS:  166 21:25:25   -66114.024778        0.252076
LBFGS:  167 21:25:25   -66114.066001        0.317670
LBFGS:  168 21:25:25   -66114.112474        0.255520
LBFGS:  169 21:25:25   -66114.162093        0.337580
LBFGS:  170 21:25:25   -66114.205808        0.252418
LBFGS:  171 21:25:25   -66114.253688        0.242707
LBFGS:  172 21:25:25   -66114.295876        0.315710
LBFGS:  173 21:25:25   -66114.332913        0.511472
LBFGS:  174 21:25:25   -66114.378991        0.330393
LBFGS:  175 21:25:25   -66114.421383        0.243246
LBFGS:  176 21:25:25   -66114.464419        0.357767
LBFGS:  177 21:25:25   -66114.501167        0.392951
LBFGS:  178 21:25:26   -66114.543752        0.307570
LBFGS:  179 21:25:26   -66114.581111        0.226798
LBFGS:  180 21:25:26   -66114.614089        0.338004
LBFGS:  181 21:25:26   -66114.645521        0.342231
LBFGS:  182 21:25:26   -66114.674882        0.389368
LBFGS:  183 21:25:26   -66114.700813        0.252043
LBFGS:  184 21:25:26   -66114.727376        0.218721
LBFGS:  185 21:25:26   -66114.756967        0.237022
LBFGS:  186 21:25:26   -66114.780569        0.335849
LBFGS:  187 21:25:26   -66114.807394        0.319631
LBFGS:  188 21:25:26   -66114.835674        0.198372
LBFGS:  189 21:25:26   -66114.864731        0.206973
LBFGS:  190 21:25:26   -66114.895063        0.246040
LBFGS:  191 21:25:26   -66114.929444        0.289663
LBFGS:  192 21:25:26   -66114.966787        0.273016
LBFGS:  193 21:25:26   -66115.004409        0.323997
LBFGS:  194 21:25:27   -66115.045223        0.259427
LBFGS:  195 21:25:27   -66115.085204        0.266628
LBFGS:  196 21:25:27   -66115.125666        0.259205
LBFGS:  197 21:25:27   -66115.161470        0.266790
LBFGS:  198 21:25:27   -66115.195091        0.210476
LBFGS:  199 21:25:27   -66115.227979        0.288773
LBFGS:  200 21:25:27   -66115.265967        0.255408
       Step     Time          Energy          fmax
LBFGS:    0 21:25:31   -69734.137303       22.821882
LBFGS:    1 21:25:31   -69745.805732       15.584406
LBFGS:    2 21:25:31   -69757.934684        6.359769
LBFGS:    3 21:25:31   -69768.203228        6.685656
LBFGS:    4 21:25:31   -69777.445646        8.256071
LBFGS:    5 21:25:31   -69786.491800        9.643897
LBFGS:    6 21:25:31   -69793.618847        7.957668
LBFGS:    7 21:25:31   -69799.883949        5.172223
LBFGS:    8 21:25:31   -69805.983238        4.393158
LBFGS:    9 21:25:31   -69811.745722        4.330351
LBFGS:   10 21:25:32   -69816.622587        4.895540
LBFGS:   11 21:25:32   -69821.483495        5.702359
LBFGS:   12 21:25:32   -69825.388999        3.256419
LBFGS:   13 21:25:32   -69827.971184        3.166801
LBFGS:   14 21:25:32   -69830.272212        3.247934
LBFGS:   15 21:25:32   -69832.501538        4.048361
LBFGS:   16 21:25:32   -69834.261442        3.391429
LBFGS:   17 21:25:32   -69835.892161        3.642712
LBFGS:   18 21:25:32   -69838.016239        3.209224
LBFGS:   19 21:25:32   -69839.601182        3.203141
LBFGS:   20 21:25:32   -69841.040631        3.075378
LBFGS:   21 21:25:32   -69842.259960        1.945783
LBFGS:   22 21:25:32   -69843.271106        1.962990
LBFGS:   23 21:25:32   -69844.141958        1.715000
LBFGS:   24 21:25:32   -69844.785213        2.102274
LBFGS:   25 21:25:32   -69845.357054        1.745866
LBFGS:   26 21:25:33   -69846.101456        1.717132
LBFGS:   27 21:25:33   -69846.958565        2.187610
LBFGS:   28 21:25:33   -69847.561703        1.878891
LBFGS:   29 21:25:33   -69848.122615        1.736334
LBFGS:   30 21:25:33   -69848.751648        1.525192
LBFGS:   31 21:25:33   -69849.173604        1.048604
LBFGS:   32 21:25:33   -69849.654200        1.321675
LBFGS:   33 21:25:33   -69849.992076        1.182702
LBFGS:   34 21:25:33   -69850.342471        1.652781
LBFGS:   35 21:25:33   -69850.667351        0.872551
LBFGS:   36 21:25:33   -69851.021134        1.177586
LBFGS:   37 21:25:33   -69851.317004        1.125182
LBFGS:   38 21:25:33   -69851.674470        1.052033
LBFGS:   39 21:25:33   -69851.950796        0.864313
LBFGS:   40 21:25:33   -69852.210816        0.790324
LBFGS:   41 21:25:33   -69852.482635        1.081858
LBFGS:   42 21:25:33   -69852.782548        1.414290
LBFGS:   43 21:25:34   -69852.828766        2.326251
LBFGS:   44 21:25:34   -69853.290418        0.724830
LBFGS:   45 21:25:34   -69853.504059        0.561352
LBFGS:   46 21:25:34   -69853.839634        1.023868
LBFGS:   47 21:25:34   -69854.027793        0.983313
LBFGS:   48 21:25:34   -69854.324446        0.679887
LBFGS:   49 21:25:34   -69854.601972        0.982955
LBFGS:   50 21:25:34   -69854.797966        0.986658
LBFGS:   51 21:25:34   -69855.058904        0.965875
LBFGS:   52 21:25:34   -69855.331869        0.924169
LBFGS:   53 21:25:34   -69855.610953        0.959356
LBFGS:   54 21:25:34   -69855.830532        1.081962
LBFGS:   55 21:25:34   -69856.047549        1.036185
LBFGS:   56 21:25:34   -69856.225150        1.322487
LBFGS:   57 21:25:34   -69856.492190        0.974952
LBFGS:   58 21:25:34   -69856.693278        0.711507
LBFGS:   59 21:25:34   -69856.918177        0.667560
LBFGS:   60 21:25:34   -69857.065943        0.649493
LBFGS:   61 21:25:35   -69857.296880        0.859297
LBFGS:   62 21:25:35   -69857.478130        1.022847
LBFGS:   63 21:25:35   -69857.559967        0.954894
LBFGS:   64 21:25:35   -69857.703836        0.475588
LBFGS:   65 21:25:35   -69857.867592        0.516562
LBFGS:   66 21:25:35   -69858.075509        0.846246
LBFGS:   67 21:25:35   -69858.227301        0.732949
LBFGS:   68 21:25:35   -69858.352892        0.643083
LBFGS:   69 21:25:35   -69858.497959        0.669508
LBFGS:   70 21:25:35   -69858.657840        0.834305
LBFGS:   71 21:25:35   -69858.821459        1.121704
LBFGS:   72 21:25:35   -69858.968089        0.951277
LBFGS:   73 21:25:35   -69859.160777        0.684485
LBFGS:   74 21:25:35   -69859.299803        0.750843
LBFGS:   75 21:25:35   -69859.448499        1.308853
LBFGS:   76 21:25:35   -69859.577505        1.009440
LBFGS:   77 21:25:35   -69859.734103        0.774512
LBFGS:   78 21:25:36   -69859.912337        0.797781
LBFGS:   79 21:25:36   -69860.121985        0.990374
LBFGS:   80 21:25:36   -69860.344914        1.103698
LBFGS:   81 21:25:36   -69859.721272        6.495223
LBFGS:   82 21:25:36   -69860.601856        1.270238
LBFGS:   83 21:25:36   -69860.689697        1.250542
LBFGS:   84 21:25:36   -69860.979926        1.066559
LBFGS:   85 21:25:36   -69861.130694        2.465586
LBFGS:   86 21:25:36   -69861.312687        0.772027
LBFGS:   87 21:25:36   -69861.481378        0.355533
LBFGS:   88 21:25:36   -69861.696708        0.566143
LBFGS:   89 21:25:36   -69861.822374        0.551115
LBFGS:   90 21:25:36   -69861.997543        0.761755
LBFGS:   91 21:25:36   -69862.150888        0.856266
LBFGS:   92 21:25:36   -69862.290534        0.425295
LBFGS:   93 21:25:36   -69862.390267        0.486424
LBFGS:   94 21:25:36   -69862.524492        0.549268
LBFGS:   95 21:25:37   -69862.711760        0.730536
LBFGS:   96 21:25:37   -69862.824307        0.623559
LBFGS:   97 21:25:37   -69862.951536        0.804600
LBFGS:   98 21:25:37   -69863.096917        0.710888
LBFGS:   99 21:25:37   -69863.245846        0.526301
LBFGS:  100 21:25:37   -69863.377727        0.634123
LBFGS:  101 21:25:37   -69863.511096        0.735073
LBFGS:  102 21:25:37   -69863.642923        0.847032
LBFGS:  103 21:25:37   -69863.821458        0.589475
LBFGS:  104 21:25:37   -69863.983991        0.498518
LBFGS:  105 21:25:37   -69864.104934        0.485235
LBFGS:  106 21:25:37   -69864.188367        0.482683
LBFGS:  107 21:25:37   -69864.285046        0.532857
LBFGS:  108 21:25:37   -69864.409038        0.478998
LBFGS:  109 21:25:37   -69864.537115        0.456225
LBFGS:  110 21:25:37   -69864.632745        0.702419
LBFGS:  111 21:25:37   -69864.732169        0.531711
LBFGS:  112 21:25:38   -69864.836526        0.467300
LBFGS:  113 21:25:38   -69864.935016        0.394904
LBFGS:  114 21:25:38   -69865.015539        0.422326
LBFGS:  115 21:25:38   -69865.091767        0.421205
LBFGS:  116 21:25:38   -69865.174594        0.349267
LBFGS:  117 21:25:38   -69865.285265        0.404180
LBFGS:  118 21:25:38   -69865.376199        0.489107
LBFGS:  119 21:25:38   -69865.481846        0.628217
LBFGS:  120 21:25:38   -69865.596287        0.573848
LBFGS:  121 21:25:38   -69865.727231        0.425589
LBFGS:  122 21:25:38   -69865.851721        0.360530
LBFGS:  123 21:25:38   -69865.969629        0.434082
LBFGS:  124 21:25:38   -69866.065696        0.508823
LBFGS:  125 21:25:38   -69866.140472        0.940683
LBFGS:  126 21:25:38   -69866.234666        0.465670
LBFGS:  127 21:25:38   -69866.348151        0.594459
LBFGS:  128 21:25:38   -69866.457171        0.800764
LBFGS:  129 21:25:39   -69866.593080        0.580756
LBFGS:  130 21:25:39   -69866.707670        0.510523
LBFGS:  131 21:25:39   -69866.818535        0.586353
LBFGS:  132 21:25:39   -69866.906847        0.637942
LBFGS:  133 21:25:39   -69867.014374        0.755580
LBFGS:  134 21:25:39   -69867.131780        0.678702
LBFGS:  135 21:25:39   -69867.252664        0.557416
LBFGS:  136 21:25:39   -69867.339853        0.520386
LBFGS:  137 21:25:39   -69867.446490        0.601000
LBFGS:  138 21:25:39   -69867.540709        0.795261
LBFGS:  139 21:25:39   -69867.633935        0.547350
LBFGS:  140 21:25:39   -69867.686832        1.101046
LBFGS:  141 21:25:39   -69867.777695        0.430572
LBFGS:  142 21:25:39   -69867.851153        0.518717
LBFGS:  143 21:25:39   -69867.933178        0.493303
LBFGS:  144 21:25:39   -69868.000992        0.431384
LBFGS:  145 21:25:39   -69868.072969        0.358974
LBFGS:  146 21:25:40   -69868.146171        0.368245
LBFGS:  147 21:25:40   -69868.215244        0.407318
LBFGS:  148 21:25:40   -69868.288131        0.351252
LBFGS:  149 21:25:40   -69868.363664        0.444344
LBFGS:  150 21:25:40   -69868.422739        0.280947
LBFGS:  151 21:25:40   -69868.472440        0.404600
LBFGS:  152 21:25:40   -69868.521883        0.474601
LBFGS:  153 21:25:40   -69868.577868        0.374352
LBFGS:  154 21:25:40   -69868.639388        0.318676
LBFGS:  155 21:25:40   -69868.694796        0.252780
LBFGS:  156 21:25:40   -69868.749228        0.229851
LBFGS:  157 21:25:40   -69868.798273        0.379702
LBFGS:  158 21:25:40   -69868.841628        0.289250
LBFGS:  159 21:25:40   -69868.887537        0.352714
LBFGS:  160 21:25:40   -69868.936316        0.257643
LBFGS:  161 21:25:41   -69868.984565        0.308226
LBFGS:  162 21:25:41   -69869.030511        0.390374
LBFGS:  163 21:25:41   -69869.082302        0.317456
LBFGS:  164 21:25:41   -69869.137604        0.396119
LBFGS:  165 21:25:41   -69869.196860        0.377553
LBFGS:  166 21:25:41   -69869.256321        0.356766
LBFGS:  167 21:25:41   -69869.319580        0.523719
LBFGS:  168 21:25:41   -69869.374778        0.655988
LBFGS:  169 21:25:41   -69869.447733        0.524619
LBFGS:  170 21:25:41   -69869.533786        0.392721
LBFGS:  171 21:25:41   -69869.602729        0.359763
LBFGS:  172 21:25:41   -69869.679472        0.319774
LBFGS:  173 21:25:41   -69869.757217        0.408868
LBFGS:  174 21:25:41   -69869.814102        0.735071
LBFGS:  175 21:25:41   -69869.877958        0.422310
LBFGS:  176 21:25:41   -69869.945882        0.250769
LBFGS:  177 21:25:41   -69870.015180        0.349794
LBFGS:  178 21:25:42   -69870.066870        0.287241
LBFGS:  179 21:25:42   -69870.121362        0.311295
LBFGS:  180 21:25:42   -69870.176071        0.295276
LBFGS:  181 21:25:42   -69870.227305        0.311128
LBFGS:  182 21:25:42   -69870.275026        0.284367
LBFGS:  183 21:25:42   -69870.319567        0.248135
LBFGS:  184 21:25:42   -69870.362741        0.235866
LBFGS:  185 21:25:42   -69870.401945        0.287155
LBFGS:  186 21:25:42   -69870.441436        0.304724
LBFGS:  187 21:25:42   -69870.479400        0.267560
LBFGS:  188 21:25:42   -69870.513138        0.230082
LBFGS:  189 21:25:42   -69870.544752        0.247524
LBFGS:  190 21:25:42   -69870.575295        0.275639
LBFGS:  191 21:25:42   -69870.610388        0.266786
LBFGS:  192 21:25:42   -69870.644699        0.253764
LBFGS:  193 21:25:42   -69870.676838        0.227075
LBFGS:  194 21:25:42   -69870.707756        0.205653
LBFGS:  195 21:25:43   -69870.741198        0.241636
LBFGS:  196 21:25:43   -69870.775214        0.186503
LBFGS:  197 21:25:43   -69870.808219        0.227186
LBFGS:  198 21:25:43   -69870.838698        0.222905
LBFGS:  199 21:25:43   -69870.870281        0.184958
LBFGS:  200 21:25:43   -69870.902689        0.209013
       Step     Time          Energy          fmax
LBFGS:    0 21:25:47   -73469.070763       22.813471
LBFGS:    1 21:25:47   -73483.726448       15.566253
LBFGS:    2 21:25:47   -73498.656602        6.392179
LBFGS:    3 21:25:47   -73510.251356        6.727930
LBFGS:    4 21:25:47   -73520.051705        8.971774
LBFGS:    5 21:25:47   -73529.669799        9.720542
LBFGS:    6 21:25:47   -73537.393902        7.652754
LBFGS:    7 21:25:48   -73544.331616        6.076754
LBFGS:    8 21:25:48   -73552.081934        4.452441
LBFGS:    9 21:25:48   -73558.703006        5.525502
LBFGS:   10 21:25:48   -73563.246181       13.024326
LBFGS:   11 21:25:48   -73568.139900        3.852513
LBFGS:   12 21:25:48   -73571.745770        3.498052
LBFGS:   13 21:25:48   -73574.194981        3.062408
LBFGS:   14 21:25:48   -73576.661047        3.305645
LBFGS:   15 21:25:48   -73579.142562        4.490698
LBFGS:   16 21:25:48   -73580.843125        2.999184
LBFGS:   17 21:25:48   -73583.176803        5.813098
LBFGS:   18 21:25:48   -73584.529653        4.380349
LBFGS:   19 21:25:48   -73586.467988        3.209902
LBFGS:   20 21:25:48   -73587.573039        2.012301
LBFGS:   21 21:25:48   -73588.760657        2.314456
LBFGS:   22 21:25:48   -73589.491337        1.753759
LBFGS:   23 21:25:48   -73590.859304        2.940743
LBFGS:   24 21:25:49   -73591.693526        3.515256
LBFGS:   25 21:25:49   -73593.092257        3.108014
LBFGS:   26 21:25:49   -73594.164896        2.517550
LBFGS:   27 21:25:49   -73595.534860        2.356920
LBFGS:   28 21:25:49   -73596.233681        2.607908
LBFGS:   29 21:25:49   -73597.007590        2.358351
LBFGS:   30 21:25:49   -73597.667576        1.439519
LBFGS:   31 21:25:49   -73598.451057        2.296360
LBFGS:   32 21:25:49   -73598.948366        1.899607
LBFGS:   33 21:25:49   -73599.600968        1.284706
LBFGS:   34 21:25:49   -73600.086786        1.224106
LBFGS:   35 21:25:49   -73600.583529        1.440591
LBFGS:   36 21:25:49   -73601.039068        1.492210
LBFGS:   37 21:25:49   -73601.396344        1.854823
LBFGS:   38 21:25:49   -73601.882328        1.207984
LBFGS:   39 21:25:49   -73602.302648        1.185545
LBFGS:   40 21:25:49   -73602.648106        1.025653
LBFGS:   41 21:25:50   -73602.967448        0.642241
LBFGS:   42 21:25:50   -73603.269625        0.885809
LBFGS:   43 21:25:50   -73603.587286        1.518501
LBFGS:   44 21:25:50   -73603.892026        1.638111
LBFGS:   45 21:25:50   -73604.261269        1.596322
LBFGS:   46 21:25:50   -73604.570468        1.985303
LBFGS:   47 21:25:50   -73605.059022        1.802148
LBFGS:   48 21:25:50   -73605.518279        1.882293
LBFGS:   49 21:25:50   -73605.870618        1.184722
LBFGS:   50 21:25:50   -73606.042269        1.411949
LBFGS:   51 21:25:50   -73606.279859        1.429630
LBFGS:   52 21:25:50   -73606.577689        1.667230
LBFGS:   53 21:25:50   -73606.799636        1.722615
LBFGS:   54 21:25:50   -73607.033947        1.668729
LBFGS:   55 21:25:50   -73607.248880        1.210176
LBFGS:   56 21:25:50   -73607.466434        0.971174
LBFGS:   57 21:25:51   -73607.685936        0.832512
LBFGS:   58 21:25:51   -73607.965884        0.965440
LBFGS:   59 21:25:51   -73608.196846        1.045279
LBFGS:   60 21:25:51   -73608.338736        0.828845
LBFGS:   61 21:25:51   -73608.502981        1.178626
LBFGS:   62 21:25:51   -73608.689131        0.630403
LBFGS:   63 21:25:51   -73609.008533        0.680585
LBFGS:   64 21:25:51   -73609.258153        0.775497
LBFGS:   65 21:25:51   -73609.466066        0.690721
LBFGS:   66 21:25:51   -73609.700303        0.771097
LBFGS:   67 21:25:51   -73609.921707        0.878089
LBFGS:   68 21:25:51   -73610.134653        0.753748
LBFGS:   69 21:25:51   -73610.332142        0.701354
LBFGS:   70 21:25:51   -73610.456931        0.999751
LBFGS:   71 21:25:51   -73610.592946        0.874824
LBFGS:   72 21:25:51   -73610.783348        0.517858
LBFGS:   73 21:25:51   -73610.975328        0.562740
LBFGS:   74 21:25:52   -73611.162445        0.792225
LBFGS:   75 21:25:52   -73611.350958        0.715671
LBFGS:   76 21:25:52   -73611.580823        0.962322
LBFGS:   77 21:25:52   -73611.803191        0.663269
LBFGS:   78 21:25:52   -73612.009053        1.000731
LBFGS:   79 21:25:52   -73612.202155        1.087088
LBFGS:   80 21:25:52   -73612.332179        2.310519
LBFGS:   81 21:25:52   -73612.484963        0.711399
LBFGS:   82 21:25:52   -73612.653134        0.505291
LBFGS:   83 21:25:52   -73612.850066        0.732948
LBFGS:   84 21:25:52   -73613.036171        0.910058
LBFGS:   85 21:25:52   -73613.218713        0.518533
LBFGS:   86 21:25:52   -73613.377751        0.564626
LBFGS:   87 21:25:52   -73613.509511        0.875248
LBFGS:   88 21:25:52   -73613.648821        0.862302
LBFGS:   89 21:25:52   -73613.800545        0.691939
LBFGS:   90 21:25:53   -73613.989050        0.835730
LBFGS:   91 21:25:53   -73614.094134        0.717323
LBFGS:   92 21:25:53   -73614.268154        1.006241
LBFGS:   93 21:25:53   -73614.427456        0.626872
LBFGS:   94 21:25:53   -73614.557496        0.468815
LBFGS:   95 21:25:53   -73614.683154        0.563486
LBFGS:   96 21:25:53   -73614.801576        0.768721
LBFGS:   97 21:25:53   -73614.943953        0.734589
LBFGS:   98 21:25:53   -73615.062053        0.430110
LBFGS:   99 21:25:53   -73615.172672        0.530589
LBFGS:  100 21:25:53   -73615.292778        0.619245
LBFGS:  101 21:25:53   -73615.422341        0.538087
LBFGS:  102 21:25:53   -73615.522953        0.636690
LBFGS:  103 21:25:53   -73615.611214        0.655525
LBFGS:  104 21:25:53   -73615.723847        0.520586
LBFGS:  105 21:25:53   -73615.872371        0.465699
LBFGS:  106 21:25:54   -73615.971734        0.485881
LBFGS:  107 21:25:54   -73616.092358        0.416892
LBFGS:  108 21:25:54   -73616.196182        0.377213
LBFGS:  109 21:25:54   -73616.308458        0.432359
LBFGS:  110 21:25:54   -73616.415600        0.516421
LBFGS:  111 21:25:54   -73616.517105        0.385938
LBFGS:  112 21:25:54   -73616.615772        0.512749
LBFGS:  113 21:25:54   -73616.710106        0.555490
LBFGS:  114 21:25:54   -73616.793590        0.543634
LBFGS:  115 21:25:54   -73616.885474        0.497924
LBFGS:  116 21:25:54   -73616.976703        0.452569
LBFGS:  117 21:25:54   -73617.063170        0.417958
LBFGS:  118 21:25:54   -73617.147867        0.526425
LBFGS:  119 21:25:54   -73617.239396        0.514609
LBFGS:  120 21:25:54   -73617.313059        0.391182
LBFGS:  121 21:25:54   -73617.378196        0.395549
LBFGS:  122 21:25:54   -73617.436843        0.343107
LBFGS:  123 21:25:55   -73617.498761        0.436427
LBFGS:  124 21:25:55   -73617.564479        0.423937
LBFGS:  125 21:25:55   -73617.630083        0.389219
LBFGS:  126 21:25:55   -73617.687221        0.314278
LBFGS:  127 21:25:55   -73617.742802        0.439696
LBFGS:  128 21:25:55   -73617.797897        0.344675
LBFGS:  129 21:25:55   -73617.853110        0.271875
LBFGS:  130 21:25:55   -73617.904299        0.296245
LBFGS:  131 21:25:55   -73617.954007        0.319489
LBFGS:  132 21:25:55   -73618.002486        0.336604
LBFGS:  133 21:25:55   -73618.050790        0.339549
LBFGS:  134 21:25:55   -73618.098398        0.328953
LBFGS:  135 21:25:55   -73618.145517        0.301199
LBFGS:  136 21:25:55   -73618.190897        0.292383
LBFGS:  137 21:25:55   -73618.237863        0.291635
LBFGS:  138 21:25:55   -73618.282865        0.307853
LBFGS:  139 21:25:55   -73618.322713        0.352660
LBFGS:  140 21:25:56   -73618.361800        0.268247
LBFGS:  141 21:25:56   -73618.399752        0.262974
LBFGS:  142 21:25:56   -73618.441236        0.310909
LBFGS:  143 21:25:56   -73618.482669        0.260407
LBFGS:  144 21:25:56   -73618.524318        0.291779
LBFGS:  145 21:25:56   -73618.565191        0.299629
LBFGS:  146 21:25:56   -73618.608352        0.406632
LBFGS:  147 21:25:56   -73618.646460        0.361834
LBFGS:  148 21:25:56   -73618.683821        0.283870
LBFGS:  149 21:25:56   -73618.718214        0.218897
LBFGS:  150 21:25:56   -73618.751605        0.281287
LBFGS:  151 21:25:56   -73618.782608        0.285880
LBFGS:  152 21:25:56   -73618.815499        0.280786
LBFGS:  153 21:25:56   -73618.845790        0.223348
LBFGS:  154 21:25:56   -73618.875171        0.229562
LBFGS:  155 21:25:56   -73618.900984        0.237967
LBFGS:  156 21:25:57   -73618.928094        0.305686
LBFGS:  157 21:25:57   -73618.953119        0.242796
LBFGS:  158 21:25:57   -73618.976982        0.242802
LBFGS:  159 21:25:57   -73618.999610        0.211793
LBFGS:  160 21:25:57   -73619.025807        0.316209
LBFGS:  161 21:25:57   -73619.053344        0.288765
LBFGS:  162 21:25:57   -73619.080897        0.265894
LBFGS:  163 21:25:57   -73619.103586        0.204582
LBFGS:  164 21:25:57   -73619.126827        0.245968
LBFGS:  165 21:25:57   -73619.153231        0.269732
LBFGS:  166 21:25:57   -73619.187499        0.318574
LBFGS:  167 21:25:57   -73619.220529        0.311500
LBFGS:  168 21:25:57   -73619.252750        0.226456
LBFGS:  169 21:25:57   -73619.284618        0.251206
LBFGS:  170 21:25:57   -73619.318840        0.304269
LBFGS:  171 21:25:57   -73619.349842        0.380865
LBFGS:  172 21:25:58   -73619.376661        0.281189
LBFGS:  173 21:25:58   -73619.382374        0.867501
LBFGS:  174 21:25:58   -73619.419307        0.253850
LBFGS:  175 21:25:58   -73619.441925        0.232050
LBFGS:  176 21:25:58   -73619.472101        0.320307
LBFGS:  177 21:25:58   -73619.506327        0.289026
LBFGS:  178 21:25:58   -73619.536635        0.267706
LBFGS:  179 21:25:58   -73619.574425        0.241179
LBFGS:  180 21:25:58   -73619.606426        0.351262
LBFGS:  181 21:25:58   -73619.630014        0.745353
LBFGS:  182 21:25:58   -73619.659030        0.325597
LBFGS:  183 21:25:58   -73619.689248        0.283476
LBFGS:  184 21:25:58   -73619.726239        0.313685
LBFGS:  185 21:25:58   -73619.758155        0.425645
LBFGS:  186 21:25:58   -73619.792866        0.333811
LBFGS:  187 21:25:58   -73619.825183        0.282443
LBFGS:  188 21:25:59   -73619.855679        0.366184
LBFGS:  189 21:25:59   -73619.883314        0.521558
LBFGS:  190 21:25:59   -73619.914065        0.386986
LBFGS:  191 21:25:59   -73619.951613        0.314663
LBFGS:  192 21:25:59   -73619.981884        0.309512
LBFGS:  193 21:25:59   -73620.014454        0.389242
LBFGS:  194 21:25:59   -73620.045774        0.325778
LBFGS:  195 21:25:59   -73620.074298        0.299190
LBFGS:  196 21:25:59   -73620.100938        0.293535
LBFGS:  197 21:25:59   -73620.125966        0.339926
LBFGS:  198 21:25:59   -73620.151929        0.246135
LBFGS:  199 21:25:59   -73620.179359        0.237725
LBFGS:  200 21:25:59   -73620.212978        0.346069
       Step     Time          Energy          fmax
LBFGS:    0 21:26:04   -77208.299253       22.869321
LBFGS:    1 21:26:04   -77226.817637       15.649405
LBFGS:    2 21:26:04   -77243.343906        6.349704
LBFGS:    3 21:26:04   -77255.495093        6.086347
LBFGS:    4 21:26:04   -77265.782035        7.493863
LBFGS:    5 21:26:04   -77275.420906        6.266351
LBFGS:    6 21:26:04   -77283.773900        6.501844
LBFGS:    7 21:26:04   -77293.320246        5.658567
LBFGS:    8 21:26:04   -77300.502991        5.606025
LBFGS:    9 21:26:04   -77306.014015        7.461361
LBFGS:   10 21:26:04   -77311.627047        6.100502
LBFGS:   11 21:26:05   -77316.282175        3.388581
LBFGS:   12 21:26:05   -77319.126653        5.696481
LBFGS:   13 21:26:05   -77322.080689        2.708511
LBFGS:   14 21:26:05   -77324.859858        4.725927
LBFGS:   15 21:26:05   -77327.051468        4.006720
LBFGS:   16 21:26:05   -77329.047414        3.326235
LBFGS:   17 21:26:05   -77330.933697        3.601213
LBFGS:   18 21:26:05   -77332.945611        2.915989
LBFGS:   19 21:26:05   -77334.895599        2.132951
LBFGS:   20 21:26:05   -77336.032335        1.932253
LBFGS:   21 21:26:05   -77337.080413        1.940700
LBFGS:   22 21:26:05   -77338.070438        2.341200
LBFGS:   23 21:26:05   -77338.999509        1.993086
LBFGS:   24 21:26:05   -77340.072817        1.431188
LBFGS:   25 21:26:05   -77340.820681        1.498756
LBFGS:   26 21:26:05   -77341.706314        1.864168
LBFGS:   27 21:26:05   -77342.281899        2.068061
LBFGS:   28 21:26:06   -77343.013671        1.477275
LBFGS:   29 21:26:06   -77343.670939        1.195058
LBFGS:   30 21:26:06   -77344.508619        2.580737
LBFGS:   31 21:26:06   -77345.109751        2.377394
LBFGS:   32 21:26:06   -77346.207648        2.504941
LBFGS:   33 21:26:06   -77346.565990        2.691835
LBFGS:   34 21:26:06   -77347.799758        2.903352
LBFGS:   35 21:26:06   -77348.783827        2.596684
LBFGS:   36 21:26:06   -77350.006169        2.603722
LBFGS:   37 21:26:06   -77350.677932        1.861316
LBFGS:   38 21:26:06   -77351.185350        1.280982
LBFGS:   39 21:26:06   -77351.690720        2.216586
LBFGS:   40 21:26:06   -77352.075459        1.828361
LBFGS:   41 21:26:06   -77352.554872        1.414692
LBFGS:   42 21:26:06   -77353.204807        2.707791
LBFGS:   43 21:26:06   -77353.584345        2.226693
LBFGS:   44 21:26:07   -77353.970147        1.466066
LBFGS:   45 21:26:07   -77354.400343        1.163679
LBFGS:   46 21:26:07   -77354.780667        1.133510
LBFGS:   47 21:26:07   -77355.146442        1.648806
LBFGS:   48 21:26:07   -77355.529408        1.848569
LBFGS:   49 21:26:07   -77355.905766        1.698134
LBFGS:   50 21:26:07   -77356.270939        1.368512
LBFGS:   51 21:26:07   -77356.551492        1.357841
LBFGS:   52 21:26:07   -77356.827237        1.675737
LBFGS:   53 21:26:07   -77357.105688        1.594357
LBFGS:   54 21:26:07   -77357.413750        1.686721
LBFGS:   55 21:26:07   -77357.710974        1.157129
LBFGS:   56 21:26:07   -77358.034129        1.279439
LBFGS:   57 21:26:07   -77358.334815        1.510518
LBFGS:   58 21:26:07   -77358.590477        1.573075
LBFGS:   59 21:26:07   -77358.865881        1.025288
LBFGS:   60 21:26:08   -77359.159114        1.372108
LBFGS:   61 21:26:08   -77359.404715        1.201752
LBFGS:   62 21:26:08   -77359.660334        0.802160
LBFGS:   63 21:26:08   -77359.925474        0.816060
LBFGS:   64 21:26:08   -77360.206226        0.811280
LBFGS:   65 21:26:08   -77360.433242        0.732319
LBFGS:   66 21:26:08   -77360.613853        0.727470
LBFGS:   67 21:26:08   -77360.780675        0.847525
LBFGS:   68 21:26:08   -77361.033697        0.872442
LBFGS:   69 21:26:08   -77361.324090        0.793747
LBFGS:   70 21:26:08   -77361.471079        0.628509
LBFGS:   71 21:26:08   -77361.664006        0.922144
LBFGS:   72 21:26:08   -77361.876895        1.113583
LBFGS:   73 21:26:08   -77362.121693        0.813496
LBFGS:   74 21:26:08   -77362.281462        0.841424
LBFGS:   75 21:26:09   -77362.456835        0.611000
LBFGS:   76 21:26:09   -77362.640910        0.653232
LBFGS:   77 21:26:09   -77362.812583        0.455419
LBFGS:   78 21:26:09   -77362.957350        0.420286
LBFGS:   79 21:26:09   -77363.106326        0.564856
LBFGS:   80 21:26:09   -77363.292651        0.846031
LBFGS:   81 21:26:09   -77363.476349        0.657085
LBFGS:   82 21:26:09   -77363.652460        0.408906
LBFGS:   83 21:26:09   -77363.804565        0.406519
LBFGS:   84 21:26:09   -77363.974577        0.642497
LBFGS:   85 21:26:09   -77364.121047        0.657554
LBFGS:   86 21:26:09   -77364.261110        0.461325
LBFGS:   87 21:26:09   -77364.388362        0.397927
LBFGS:   88 21:26:09   -77364.514677        0.642798
LBFGS:   89 21:26:09   -77364.639250        0.673471
LBFGS:   90 21:26:09   -77364.786451        0.555124
LBFGS:   91 21:26:10   -77364.921893        0.445908
LBFGS:   92 21:26:10   -77365.059408        0.619247
LBFGS:   93 21:26:10   -77365.172252        0.669139
LBFGS:   94 21:26:10   -77365.327589        0.469430
LBFGS:   95 21:26:10   -77365.451307        0.356601
LBFGS:   96 21:26:10   -77365.558618        0.450895
LBFGS:   97 21:26:10   -77365.670547        0.531665
LBFGS:   98 21:26:10   -77365.799487        0.520017
LBFGS:   99 21:26:10   -77365.898457        1.097985
LBFGS:  100 21:26:10   -77366.012749        0.368652
LBFGS:  101 21:26:10   -77366.131329        0.374661
LBFGS:  102 21:26:10   -77366.225771        0.527799
LBFGS:  103 21:26:10   -77366.333046        0.541506
LBFGS:  104 21:26:10   -77366.438183        0.513982
LBFGS:  105 21:26:10   -77366.540888        0.347628
LBFGS:  106 21:26:10   -77366.647946        0.470687
LBFGS:  107 21:26:11   -77366.756967        0.464035
LBFGS:  108 21:26:11   -77366.850179        0.339218
LBFGS:  109 21:26:11   -77366.925014        0.417587
LBFGS:  110 21:26:11   -77367.004402        0.557002
LBFGS:  111 21:26:11   -77367.106407        0.436157
LBFGS:  112 21:26:11   -77367.220914        0.446157
LBFGS:  113 21:26:11   -77367.306691        0.449207
LBFGS:  114 21:26:11   -77367.415812        0.362272
LBFGS:  115 21:26:11   -77367.515365        0.390340
LBFGS:  116 21:26:11   -77367.617700        0.436574
LBFGS:  117 21:26:11   -77367.716219        0.366490
LBFGS:  118 21:26:11   -77367.802712        0.487092
LBFGS:  119 21:26:11   -77367.892777        0.466427
LBFGS:  120 21:26:11   -77367.982495        0.387186
LBFGS:  121 21:26:11   -77368.064636        0.325442
LBFGS:  122 21:26:11   -77368.143901        0.342985
LBFGS:  123 21:26:12   -77368.230679        0.437132
LBFGS:  124 21:26:12   -77368.311062        0.413689
LBFGS:  125 21:26:12   -77368.389525        0.313324
LBFGS:  126 21:26:12   -77368.458741        0.269149
LBFGS:  127 21:26:12   -77368.528499        0.331187
LBFGS:  128 21:26:12   -77368.594760        0.382527
LBFGS:  129 21:26:12   -77368.656844        0.337047
LBFGS:  130 21:26:12   -77368.718088        0.306898
LBFGS:  131 21:26:12   -77368.777096        0.418586
LBFGS:  132 21:26:12   -77368.850030        0.475154
LBFGS:  133 21:26:12   -77368.923699        0.399387
LBFGS:  134 21:26:12   -77368.997108        0.267885
LBFGS:  135 21:26:12   -77369.044500        0.257156
LBFGS:  136 21:26:12   -77369.107011        0.303144
LBFGS:  137 21:26:12   -77369.165262        0.278341
LBFGS:  138 21:26:12   -77369.229087        0.294545
LBFGS:  139 21:26:13   -77369.289399        0.284404
LBFGS:  140 21:26:13   -77369.346741        0.285516
LBFGS:  141 21:26:13   -77369.398034        0.351653
LBFGS:  142 21:26:13   -77369.454624        0.264082
LBFGS:  143 21:26:13   -77369.514866        0.221108
LBFGS:  144 21:26:13   -77369.578867        0.366825
LBFGS:  145 21:26:13   -77369.642185        0.349283
LBFGS:  146 21:26:13   -77369.716212        0.257012
LBFGS:  147 21:26:13   -77369.778536        0.239715
LBFGS:  148 21:26:13   -77369.831256        0.233975
LBFGS:  149 21:26:13   -77369.884275        0.320295
LBFGS:  150 21:26:13   -77369.943757        0.403252
LBFGS:  151 21:26:13   -77369.998285        0.557260
LBFGS:  152 21:26:13   -77370.049735        0.720072
LBFGS:  153 21:26:13   -77370.113458        0.427020
LBFGS:  154 21:26:13   -77370.169007        0.223474
LBFGS:  155 21:26:14   -77370.221790        0.247246
LBFGS:  156 21:26:14   -77370.272838        0.355301
LBFGS:  157 21:26:14   -77370.319735        0.251376
LBFGS:  158 21:26:14   -77370.371530        0.319823
LBFGS:  159 21:26:14   -77370.429130        0.383920
LBFGS:  160 21:26:14   -77370.482920        0.488589
LBFGS:  161 21:26:14   -77370.538909        0.388909
LBFGS:  162 21:26:14   -77370.593683        0.316243
LBFGS:  163 21:26:14   -77370.651848        0.392149
LBFGS:  164 21:26:14   -77370.710995        0.406182
LBFGS:  165 21:26:14   -77370.762414        0.765838
LBFGS:  166 21:26:14   -77370.812494        0.304340
LBFGS:  167 21:26:14   -77370.858731        0.517673
LBFGS:  168 21:26:14   -77370.912407        0.499653
LBFGS:  169 21:26:14   -77370.961231        0.472645
LBFGS:  170 21:26:15   -77371.010576        0.248232
LBFGS:  171 21:26:15   -77371.058363        0.224475
LBFGS:  172 21:26:15   -77371.099483        0.397599
LBFGS:  173 21:26:15   -77371.150511        0.438103
LBFGS:  174 21:26:15   -77371.197611        0.272403
LBFGS:  175 21:26:15   -77371.242925        0.359258
LBFGS:  176 21:26:15   -77371.297716        0.328398
LBFGS:  177 21:26:15   -77371.355752        0.405435
LBFGS:  178 21:26:15   -77371.413846        0.317374
LBFGS:  179 21:26:15   -77371.460495        0.257621
LBFGS:  180 21:26:15   -77371.511591        0.259059
LBFGS:  181 21:26:15   -77371.563416        0.442276
LBFGS:  182 21:26:15   -77371.616172        0.405759
LBFGS:  183 21:26:15   -77371.668946        0.261075
LBFGS:  184 21:26:15   -77371.721641        0.368130
LBFGS:  185 21:26:15   -77371.770306        0.507550
LBFGS:  186 21:26:16   -77371.810813        0.483981
LBFGS:  187 21:26:16   -77371.853858        0.223388
LBFGS:  188 21:26:16   -77371.898565        0.227107
LBFGS:  189 21:26:16   -77371.946641        0.475564
LBFGS:  190 21:26:16   -77371.989987        0.466995
LBFGS:  191 21:26:16   -77372.039252        0.226479
LBFGS:  192 21:26:16   -77372.085246        0.223129
LBFGS:  193 21:26:16   -77372.124989        0.398958
LBFGS:  194 21:26:16   -77372.165171        0.393257
LBFGS:  195 21:26:16   -77372.203174        0.372344
LBFGS:  196 21:26:16   -77372.235335        0.476143
LBFGS:  197 21:26:16   -77372.272332        0.345368
LBFGS:  198 21:26:16   -77372.309321        0.294207
LBFGS:  199 21:26:16   -77372.343502        0.252110
LBFGS:  200 21:26:16   -77372.377284        0.233458
       Step     Time          Energy          fmax
LBFGS:    0 21:26:21   -80914.148861      265.623704
LBFGS:    1 21:26:21   -80941.745229       19.575924
LBFGS:    2 21:26:21   -80963.386403       17.835391
LBFGS:    3 21:26:21   -80980.803126       16.584228
LBFGS:    4 21:26:21   -80994.751375        7.272684
LBFGS:    5 21:26:21   -81006.462475        7.778184
LBFGS:    6 21:26:21   -81017.361991        9.644872
LBFGS:    7 21:26:21   -81026.873317        8.873796
LBFGS:    8 21:26:22   -81034.653067        5.657946
LBFGS:    9 21:26:22   -81043.057625        4.995040
LBFGS:   10 21:26:22   -81049.564315        6.677317
LBFGS:   11 21:26:22   -81055.333302        6.663895
LBFGS:   12 21:26:22   -81060.106725        6.130521
LBFGS:   13 21:26:22   -81064.418262        5.690822
LBFGS:   14 21:26:22   -81066.983370        6.489650
LBFGS:   15 21:26:22   -81070.363701        3.471230
LBFGS:   16 21:26:22   -81073.428268        2.692605
LBFGS:   17 21:26:22   -81075.185010        2.195217
LBFGS:   18 21:26:22   -81076.817057        4.762727
LBFGS:   19 21:26:22   -81078.497118        4.658887
LBFGS:   20 21:26:22   -81080.050165        1.847726
LBFGS:   21 21:26:22   -81081.815432        3.475841
LBFGS:   22 21:26:22   -81083.009868        2.597191
LBFGS:   23 21:26:23   -81084.341953        1.771818
LBFGS:   24 21:26:23   -81085.844498        1.949517
LBFGS:   25 21:26:23   -81087.157929        2.454004
LBFGS:   26 21:26:23   -81087.890115        2.745213
LBFGS:   27 21:26:23   -81088.709910        3.107530
LBFGS:   28 21:26:23   -81089.735652        2.204493
LBFGS:   29 21:26:23   -81091.212081        2.682438
LBFGS:   30 21:26:23   -81092.384020        9.816551
LBFGS:   31 21:26:23   -81093.892199        3.414989
LBFGS:   32 21:26:23   -81095.162580        4.055828
LBFGS:   33 21:26:23   -81096.527375        3.972079
LBFGS:   34 21:26:23   -81097.374308        4.326958
LBFGS:   35 21:26:23   -81098.215948        3.985979
LBFGS:   36 21:26:23   -81098.930047        4.134264
LBFGS:   37 21:26:23   -81099.679382        3.565721
LBFGS:   38 21:26:23   -81100.393566        5.541695
LBFGS:   39 21:26:24   -81101.060045        3.990315
LBFGS:   40 21:26:24   -81101.556813        4.374886
LBFGS:   41 21:26:24   -81102.258681        4.129452
LBFGS:   42 21:26:24   -81102.702404        3.278092
LBFGS:   43 21:26:24   -81103.295639        2.549592
LBFGS:   44 21:26:24   -81103.901647        1.455051
LBFGS:   45 21:26:24   -81104.354631        1.283467
LBFGS:   46 21:26:24   -81104.835631        1.476182
LBFGS:   47 21:26:24   -81105.275327        1.682919
LBFGS:   48 21:26:24   -81105.673161        2.595425
LBFGS:   49 21:26:24   -81106.053023        1.675193
LBFGS:   50 21:26:24   -81106.396856        2.011025
LBFGS:   51 21:26:24   -81106.818715        2.155000
LBFGS:   52 21:26:24   -81107.226280        1.942737
LBFGS:   53 21:26:24   -81107.588007        1.680396
LBFGS:   54 21:26:24   -81107.987919        1.272659
LBFGS:   55 21:26:25   -81108.218968        1.615782
LBFGS:   56 21:26:25   -81108.548227        1.355184
LBFGS:   57 21:26:25   -81108.783295        1.255067
LBFGS:   58 21:26:25   -81109.121921        0.974415
LBFGS:   59 21:26:25   -81109.423157        1.032144
LBFGS:   60 21:26:25   -81109.741526        1.026031
LBFGS:   61 21:26:25   -81110.061750        1.227236
LBFGS:   62 21:26:25   -81110.305847        0.915708
LBFGS:   63 21:26:25   -81110.539394        0.862843
LBFGS:   64 21:26:25   -81110.789380        1.188584
LBFGS:   65 21:26:25   -81111.048197        1.424893
LBFGS:   66 21:26:25   -81111.301124        1.677634
LBFGS:   67 21:26:25   -81111.621445        1.634958
LBFGS:   68 21:26:25   -81111.887438        1.450445
LBFGS:   69 21:26:25   -81112.124031        1.129475
LBFGS:   70 21:26:26   -81112.345087        0.825221
LBFGS:   71 21:26:26   -81112.585315        0.932141
LBFGS:   72 21:26:26   -81112.878492        0.934533
LBFGS:   73 21:26:26   -81113.062986        0.653611
LBFGS:   74 21:26:26   -81113.243971        0.610440
LBFGS:   75 21:26:26   -81113.442660        0.994429
LBFGS:   76 21:26:26   -81113.643831        1.114796
LBFGS:   77 21:26:26   -81113.844595        1.186230
LBFGS:   78 21:26:26   -81114.031496        1.077545
LBFGS:   79 21:26:26   -81114.210377        0.968007
LBFGS:   80 21:26:26   -81114.387709        0.856237
LBFGS:   81 21:26:26   -81114.542693        0.704888
LBFGS:   82 21:26:26   -81114.714454        0.739631
LBFGS:   83 21:26:26   -81114.883693        0.711526
LBFGS:   84 21:26:26   -81115.008872        0.857292
LBFGS:   85 21:26:26   -81115.164386        0.798003
LBFGS:   86 21:26:27   -81115.328310        0.488142
LBFGS:   87 21:26:27   -81115.498548        0.550998
LBFGS:   88 21:26:27   -81115.619186        0.482791
LBFGS:   89 21:26:27   -81115.747019        0.700140
LBFGS:   90 21:26:27   -81115.864294        0.889505
LBFGS:   91 21:26:27   -81115.991013        0.889256
LBFGS:   92 21:26:27   -81116.130438        0.625159
LBFGS:   93 21:26:27   -81116.246150        0.440271
LBFGS:   94 21:26:27   -81116.353586        0.565662
LBFGS:   95 21:26:27   -81116.456923        0.558510
LBFGS:   96 21:26:27   -81116.560371        0.475309
LBFGS:   97 21:26:27   -81116.665814        0.442102
LBFGS:   98 21:26:27   -81116.783203        0.628412
LBFGS:   99 21:26:27   -81116.905949        0.614609
LBFGS:  100 21:26:27   -81117.015372        0.524053
LBFGS:  101 21:26:28   -81117.146764        0.464659
LBFGS:  102 21:26:28   -81117.262343        0.654742
LBFGS:  103 21:26:28   -81117.385490        0.706503
LBFGS:  104 21:26:28   -81117.500410        0.459495
LBFGS:  105 21:26:28   -81117.601954        0.796890
LBFGS:  106 21:26:28   -81117.723044        0.656445
LBFGS:  107 21:26:28   -81117.857242        0.661085
LBFGS:  108 21:26:28   -81117.983787        0.482625
LBFGS:  109 21:26:28   -81118.081513        0.359196
LBFGS:  110 21:26:28   -81118.188402        0.426775
LBFGS:  111 21:26:28   -81118.281386        0.553217
LBFGS:  112 21:26:28   -81118.375617        0.395912
LBFGS:  113 21:26:28   -81118.464721        0.393378
LBFGS:  114 21:26:28   -81118.553513        0.390759
LBFGS:  115 21:26:28   -81118.650712        0.470301
LBFGS:  116 21:26:28   -81118.736803        0.493712
LBFGS:  117 21:26:29   -81118.821131        0.384637
LBFGS:  118 21:26:29   -81118.912258        0.359015
LBFGS:  119 21:26:29   -81119.002492        0.426544
LBFGS:  120 21:26:29   -81119.093645        0.378689
LBFGS:  121 21:26:29   -81119.180556        0.417362
LBFGS:  122 21:26:29   -81119.261857        0.466155
LBFGS:  123 21:26:29   -81119.340956        0.473317
LBFGS:  124 21:26:29   -81119.415177        0.505983
LBFGS:  125 21:26:29   -81119.486214        0.396888
LBFGS:  126 21:26:29   -81119.554295        0.426843
LBFGS:  127 21:26:29   -81119.636690        0.379437
LBFGS:  128 21:26:29   -81119.717696        0.419860
LBFGS:  129 21:26:29   -81119.797215        0.322205
LBFGS:  130 21:26:29   -81119.864118        0.337507
LBFGS:  131 21:26:29   -81119.929001        0.356956
LBFGS:  132 21:26:29   -81120.008372        0.430291
LBFGS:  133 21:26:30   -81120.095017        0.418547
LBFGS:  134 21:26:30   -81120.171059        0.379163
LBFGS:  135 21:26:30   -81120.237545        0.533611
LBFGS:  136 21:26:30   -81120.315847        0.695315
LBFGS:  137 21:26:30   -81120.417781        0.918178
LBFGS:  138 21:26:30   -81120.511005        0.988968
LBFGS:  139 21:26:30   -81120.615607        0.751366
LBFGS:  140 21:26:30   -81120.690952        0.677016
LBFGS:  141 21:26:30   -81120.782800        0.548846
LBFGS:  142 21:26:30   -81120.819648        0.360639
LBFGS:  143 21:26:30   -81120.876433        0.350230
LBFGS:  144 21:26:30   -81120.923821        0.347534
LBFGS:  145 21:26:30   -81120.972440        0.538096
LBFGS:  146 21:26:30   -81121.043069        0.768397
LBFGS:  147 21:26:30   -81121.140963        0.888490
LBFGS:  148 21:26:30   -81121.249941        1.266249
LBFGS:  149 21:26:31   -81121.381053        0.722889
LBFGS:  150 21:26:31   -81121.468040        0.741645
LBFGS:  151 21:26:31   -81121.560986        0.897964
LBFGS:  152 21:26:31   -81121.641536        0.608105
LBFGS:  153 21:26:31   -81121.737570        0.732488
LBFGS:  154 21:26:31   -81121.849152        0.752488
LBFGS:  155 21:26:31   -81121.943443        0.723309
LBFGS:  156 21:26:31   -81122.042409        0.629026
LBFGS:  157 21:26:31   -81122.155673        0.655940
LBFGS:  158 21:26:31   -81122.259241        0.701393
LBFGS:  159 21:26:31   -81122.388977        0.843443
LBFGS:  160 21:26:31   -81122.542920        0.820762
LBFGS:  161 21:26:31   -81122.696509        0.605678
LBFGS:  162 21:26:31   -81122.814255        0.734187
LBFGS:  163 21:26:31   -81122.888164        0.851434
LBFGS:  164 21:26:32   -81122.971814        0.826888
LBFGS:  165 21:26:32   -81123.048960        0.643239
LBFGS:  166 21:26:32   -81123.120580        0.548853
LBFGS:  167 21:26:32   -81123.204907        0.990886
LBFGS:  168 21:26:32   -81123.306046        1.641727
LBFGS:  169 21:26:32   -81123.415647        0.965059
LBFGS:  170 21:26:32   -81123.543867        0.986666
LBFGS:  171 21:26:32   -81123.641806        0.974139
LBFGS:  172 21:26:32   -81123.717449        0.669066
LBFGS:  173 21:26:32   -81123.805397        0.522043
LBFGS:  174 21:26:32   -81123.891833        0.544788
LBFGS:  175 21:26:32   -81123.931677        0.579812
LBFGS:  176 21:26:32   -81123.974104        0.440335
LBFGS:  177 21:26:32   -81124.011313        0.471307
LBFGS:  178 21:26:32   -81124.057145        0.564575
LBFGS:  179 21:26:33   -81124.125414        0.608412
LBFGS:  180 21:26:33   -81124.196161        0.487249
LBFGS:  181 21:26:33   -81124.261117        0.476322
LBFGS:  182 21:26:33   -81124.321674        0.403474
LBFGS:  183 21:26:33   -81124.380552        0.461694
LBFGS:  184 21:26:33   -81124.442297        0.471180
LBFGS:  185 21:26:33   -81124.496333        0.452067
LBFGS:  186 21:26:33   -81124.551029        0.415486
LBFGS:  187 21:26:33   -81124.601234        0.443329
LBFGS:  188 21:26:33   -81124.651979        0.491240
LBFGS:  189 21:26:33   -81124.703320        0.485884
LBFGS:  190 21:26:33   -81124.777396        0.489510
LBFGS:  191 21:26:33   -81124.854366        0.416742
LBFGS:  192 21:26:33   -81124.916760        0.402705
LBFGS:  193 21:26:33   -81124.993791        0.466979
LBFGS:  194 21:26:33   -81125.045649        0.370092
LBFGS:  195 21:26:34   -81125.090390        0.338455
LBFGS:  196 21:26:34   -81125.134589        0.360521
LBFGS:  197 21:26:34   -81125.184445        0.394479
LBFGS:  198 21:26:34   -81125.240957        0.353195
LBFGS:  199 21:26:34   -81125.291044        0.351883
LBFGS:  200 21:26:34   -81125.340776        0.386752
       Step     Time          Energy          fmax
LBFGS:    0 17:50:54  -133105.663524        5.650190
LBFGS:    1 17:50:55  -133105.955429        2.733779
LBFGS:    2 17:50:55  -133106.098578        1.533131
LBFGS:    3 17:50:55  -133106.186803        1.381251
LBFGS:    4 17:50:55  -133106.231754        1.014869
LBFGS:    5 17:50:55  -133106.491803        1.649966
LBFGS:    6 17:50:56  -133106.762013        2.757056
LBFGS:    7 17:50:57  -133106.858991        4.439999
LBFGS:    8 17:50:57  -133107.060480        2.615321
LBFGS:    9 17:50:57  -133107.232755        0.856027
LBFGS:   10 17:50:57  -133107.275437        0.864958
LBFGS:   11 17:50:57  -133107.358379        1.707096
LBFGS:   12 17:50:57  -133107.468147        3.242278
LBFGS:   13 17:50:57  -133107.528465        3.590929
LBFGS:   14 17:50:57  -133107.571943        3.385769
LBFGS:   15 17:50:57  -133107.680514        3.112568
LBFGS:   16 17:50:57  -133107.855202        2.794929
LBFGS:   17 17:50:57  -133108.066342        1.950546
LBFGS:   18 17:50:57  -133108.140150        1.100224
LBFGS:   19 17:50:57  -133108.170371        0.960529
LBFGS:   20 17:50:57  -133108.247277        1.077992
LBFGS:   21 17:50:57  -133108.299496        1.468942
LBFGS:   22 17:50:57  -133108.394047        1.802545
LBFGS:   23 17:50:57  -133108.482890        1.314366
LBFGS:   24 17:50:57  -133108.567650        1.293571
LBFGS:   25 17:50:57  -133108.613326        1.084001
LBFGS:   26 17:50:57  -133108.666979        0.702052
LBFGS:   27 17:50:57  -133108.676558        0.816939
LBFGS:   28 17:50:57  -133108.686945        0.577265
LBFGS:   29 17:50:57  -133108.694563        0.374569
LBFGS:   30 17:50:57  -133108.704799        0.217245
LBFGS:   31 17:50:57  -133108.708440        0.229718
LBFGS:   32 17:50:58  -133108.710829        0.226068
LBFGS:   33 17:50:58  -133108.712835        0.224725
LBFGS:   34 17:50:58  -133108.717252        0.221777
LBFGS:   35 17:50:58  -133108.725202        0.272555
LBFGS:   36 17:50:58  -133108.736182        0.305130
LBFGS:   37 17:50:58  -133108.742588        0.199224
LBFGS:   38 17:50:58  -133108.745129        0.183324
LBFGS:   39 17:50:58  -133108.747050        0.177546
LBFGS:   40 17:50:58  -133108.748171        0.134199
       Step     Time          Energy          fmax
LBFGS:    0 17:52:02  -133105.663524        5.650190
LBFGS:    1 17:52:02  -133105.955429        2.733779
LBFGS:    2 17:52:02  -133106.098578        1.533131
LBFGS:    3 17:52:02  -133106.186803        1.381251
LBFGS:    4 17:52:02  -133106.231754        1.014869
LBFGS:    5 17:52:02  -133106.491803        1.649966
LBFGS:    6 17:52:02  -133106.762013        2.757056
LBFGS:    7 17:52:02  -133106.858991        4.439999
LBFGS:    8 17:52:02  -133107.060480        2.615321
LBFGS:    9 17:52:02  -133107.232755        0.856027
LBFGS:   10 17:52:02  -133107.275437        0.864958
LBFGS:   11 17:52:02  -133107.358379        1.707096
LBFGS:   12 17:52:02  -133107.468147        3.242278
LBFGS:   13 17:52:02  -133107.528465        3.590929
LBFGS:   14 17:52:02  -133107.571943        3.385769
LBFGS:   15 17:52:02  -133107.680514        3.112568
LBFGS:   16 17:52:02  -133107.855202        2.794929
LBFGS:   17 17:52:02  -133108.066342        1.950546
LBFGS:   18 17:52:02  -133108.140150        1.100224
LBFGS:   19 17:52:02  -133108.170371        0.960529
LBFGS:   20 17:52:02  -133108.247277        1.077992
LBFGS:   21 17:52:02  -133108.299496        1.468942
LBFGS:   22 17:52:02  -133108.394047        1.802545
LBFGS:   23 17:52:03  -133108.482890        1.314366
LBFGS:   24 17:52:03  -133108.567650        1.293571
LBFGS:   25 17:52:03  -133108.613326        1.084001
LBFGS:   26 17:52:03  -133108.666979        0.702052
LBFGS:   27 17:52:03  -133108.676558        0.816939
LBFGS:   28 17:52:03  -133108.686945        0.577265
LBFGS:   29 17:52:03  -133108.694563        0.374569
LBFGS:   30 17:52:03  -133108.704799        0.217245
LBFGS:   31 17:52:03  -133108.708440        0.229718
LBFGS:   32 17:52:03  -133108.710829        0.226068
LBFGS:   33 17:52:03  -133108.712835        0.224725
LBFGS:   34 17:52:03  -133108.717252        0.221777
LBFGS:   35 17:52:03  -133108.725202        0.272555
LBFGS:   36 17:52:03  -133108.736182        0.305130
LBFGS:   37 17:52:03  -133108.742588        0.199224
LBFGS:   38 17:52:03  -133108.745129        0.183324
LBFGS:   39 17:52:03  -133108.747050        0.177546
LBFGS:   40 17:52:03  -133108.748171        0.134199
LBFGS:   41 17:52:03  -133108.749059        0.105703
LBFGS:   42 17:52:03  -133108.750660        0.143930
LBFGS:   43 17:52:03  -133108.752723        0.178279
LBFGS:   44 17:52:03  -133108.758049        0.356853
LBFGS:   45 17:52:03  -133108.764851        0.302226
LBFGS:   46 17:52:03  -133108.772468        0.408733
LBFGS:   47 17:52:03  -133108.729515        1.750559
LBFGS:   48 17:52:03  -133108.777157        0.178684
LBFGS:   49 17:52:03  -133108.779390        0.083220
LBFGS:   50 17:52:04  -133108.754869        1.395617
LBFGS:   51 17:52:04  -133108.782419        0.049160
LBFGS:   52 17:52:04  -133108.784465        0.072912
LBFGS:   53 17:52:04  -133108.761394        1.445947
LBFGS:   54 17:52:04  -133108.786842        0.087776
LBFGS:   55 17:52:04  -133108.788370        0.137392
LBFGS:   56 17:52:04  -133108.782883        0.862263
LBFGS:   57 17:52:04  -133108.791166        0.228649
LBFGS:   58 17:52:04  -133108.792571        0.226253
LBFGS:   59 17:52:04  -133108.788733        0.938308
LBFGS:   60 17:52:04  -133108.795984        0.218510
LBFGS:   61 17:52:04  -133108.797887        0.246266
LBFGS:   62 17:52:04  -133108.779435        1.239332
LBFGS:   63 17:52:04  -133108.804690        0.228652
LBFGS:   64 17:52:04  -133108.809368        0.183092
LBFGS:   65 17:52:04  -133108.795047        1.314474
LBFGS:   66 17:52:04  -133108.819048        0.130148
LBFGS:   67 17:52:04  -133108.826122        0.163992
LBFGS:   68 17:52:04  -133108.800282        1.528810
LBFGS:   69 17:52:04  -133108.836499        0.166803
LBFGS:   70 17:52:04  -133108.843500        0.204325
LBFGS:   71 17:52:04  -133108.809395        1.570506
LBFGS:   72 17:52:04  -133108.854886        0.230064
LBFGS:   73 17:52:04  -133108.861890        0.255830
LBFGS:   74 17:52:04  -133108.829398        1.508195
LBFGS:   75 17:52:04  -133108.874898        0.240647
LBFGS:   76 17:52:05  -133108.882502        0.266493
LBFGS:   77 17:52:05  -133108.854564        1.525892
LBFGS:   78 17:52:05  -133108.898825        0.286892
LBFGS:   79 17:52:05  -133108.908660        0.297375
LBFGS:   80 17:52:05  -133108.889600        1.755448
LBFGS:   81 17:52:05  -133108.932026        0.253014
LBFGS:   82 17:52:05  -133108.945629        0.377547
LBFGS:   83 17:52:05  -133108.936966        1.676010
LBFGS:   84 17:52:05  -133108.979618        0.572110
LBFGS:   85 17:52:05  -133108.996537        0.509469
LBFGS:   86 17:52:05  -133109.003101        1.767641
LBFGS:   87 17:52:05  -133109.038191        0.258377
LBFGS:   88 17:52:05  -133109.053784        0.434125
LBFGS:   89 17:52:05  -133109.046135        1.565781
LBFGS:   90 17:52:05  -133109.082733        0.415652
LBFGS:   91 17:52:05  -133109.094384        0.411965
LBFGS:   92 17:52:05  -133109.106209        1.369150
LBFGS:   93 17:52:05  -133109.129692        0.255883
LBFGS:   94 17:52:05  -133109.144901        0.281165
LBFGS:   95 17:52:05  -133109.177169        0.775128
LBFGS:   96 17:52:05  -133109.207761        1.116197
LBFGS:   97 17:52:05  -133109.249089        0.524099
LBFGS:   98 17:52:05  -133109.264889        0.771889
LBFGS:   99 17:52:05  -133109.259071        1.349873
LBFGS:  100 17:52:05  -133109.281924        0.275529
LBFGS:  101 17:52:05  -133109.285002        0.340418
LBFGS:  102 17:52:05  -133109.288041        0.157259
LBFGS:  103 17:52:06  -133109.290102        0.078234
LBFGS:  104 17:52:06  -133109.291625        0.144215
LBFGS:  105 17:52:06  -133109.293653        0.136327
LBFGS:  106 17:52:06  -133109.296318        0.139415
LBFGS:  107 17:52:06  -133109.299041        0.145721
LBFGS:  108 17:52:06  -133109.301602        0.194161
LBFGS:  109 17:52:06  -133109.304328        0.222252
LBFGS:  110 17:52:06  -133109.308272        0.261008
LBFGS:  111 17:52:06  -133109.313884        0.285086
LBFGS:  112 17:52:06  -133109.324570        0.278851
LBFGS:  113 17:52:06  -133109.339964        0.403874
LBFGS:  114 17:52:06  -133109.355068        0.399230
LBFGS:  115 17:52:06  -133109.364750        0.781443
LBFGS:  116 17:52:06  -133109.371570        0.499293
LBFGS:  117 17:52:06  -133109.388146        0.271336
LBFGS:  118 17:52:06  -133109.393040        0.350324
LBFGS:  119 17:52:06  -133109.399018        0.405170
LBFGS:  120 17:52:06  -133109.406533        0.326461
LBFGS:  121 17:52:06  -133109.421331        0.438774
LBFGS:  122 17:52:06  -133109.426514        0.732760
LBFGS:  123 17:52:06  -133109.430305        0.500814
LBFGS:  124 17:52:06  -133109.437518        0.196544
LBFGS:  125 17:52:06  -133109.439814        0.126991
LBFGS:  126 17:52:06  -133109.442249        0.162847
LBFGS:  127 17:52:06  -133109.444892        0.166332
LBFGS:  128 17:52:06  -133109.450249        0.186391
LBFGS:  129 17:52:07  -133109.454819        0.191742
LBFGS:  130 17:52:07  -133109.459622        0.164651
LBFGS:  131 17:52:07  -133109.465500        0.184653
LBFGS:  132 17:52:07  -133109.472120        0.244309
LBFGS:  133 17:52:07  -133109.477987        0.292887
LBFGS:  134 17:52:07  -133109.481489        0.240882
LBFGS:  135 17:52:07  -133109.485770        0.217450
LBFGS:  136 17:52:07  -133109.490345        0.182001
LBFGS:  137 17:52:07  -133109.497163        0.164206
LBFGS:  138 17:52:07  -133109.502327        0.213648
LBFGS:  139 17:52:07  -133109.508277        0.272312
LBFGS:  140 17:52:07  -133109.513059        0.202756
LBFGS:  141 17:52:07  -133109.520965        0.229431
LBFGS:  142 17:52:07  -133109.528348        0.228885
LBFGS:  143 17:52:07  -133109.534199        0.357969
LBFGS:  144 17:52:07  -133109.538798        0.230187
LBFGS:  145 17:52:07  -133109.540290        0.210369
LBFGS:  146 17:52:07  -133109.542123        0.230911
LBFGS:  147 17:52:07  -133109.543817        0.128524
LBFGS:  148 17:52:07  -133109.545255        0.076958
LBFGS:  149 17:52:07  -133109.547634        0.158486
LBFGS:  150 17:52:07  -133109.551316        0.241074
LBFGS:  151 17:52:07  -133109.557394        0.320619
LBFGS:  152 17:52:07  -133109.568043        0.502782
LBFGS:  153 17:52:07  -133109.583649        0.641863
LBFGS:  154 17:52:07  -133109.614552        0.639579
LBFGS:  155 17:52:07  -133109.632326        0.790543
LBFGS:  156 17:52:08  -133109.585070        1.407921
LBFGS:  157 17:52:08  -133109.645663        0.506073
LBFGS:  158 17:52:08  -133109.635264        0.766760
LBFGS:  159 17:52:08  -133109.654189        0.289765
LBFGS:  160 17:52:08  -133109.657404        0.384220
LBFGS:  161 17:52:08  -133109.661935        0.226656
LBFGS:  162 17:52:08  -133109.673667        0.266343
LBFGS:  163 17:52:08  -133109.678369        0.255192
LBFGS:  164 17:52:08  -133109.682071        0.239168
LBFGS:  165 17:52:08  -133109.684108        0.256408
LBFGS:  166 17:52:08  -133109.687697        0.278053
LBFGS:  167 17:52:08  -133109.689949        0.165221
LBFGS:  168 17:52:08  -133109.693573        0.173084
LBFGS:  169 17:52:08  -133109.695671        0.158693
LBFGS:  170 17:52:08  -133109.699300        0.197082
LBFGS:  171 17:52:08  -133109.704105        0.173399
LBFGS:  172 17:52:08  -133109.709485        0.214925
LBFGS:  173 17:52:08  -133109.717055        0.247389
LBFGS:  174 17:52:08  -133109.724340        0.513006
LBFGS:  175 17:52:08  -133109.725202        0.615229
LBFGS:  176 17:52:08  -133109.737572        0.349150
LBFGS:  177 17:52:08  -133109.741428        0.322246
LBFGS:  178 17:52:08  -133109.746133        0.157556
LBFGS:  179 17:52:08  -133109.748379        0.124079
LBFGS:  180 17:52:08  -133109.749814        0.151895
LBFGS:  181 17:52:08  -133109.751323        0.106786
LBFGS:  182 17:52:09  -133109.752001        0.084554
LBFGS:  183 17:52:09  -133109.752612        0.084982
LBFGS:  184 17:52:09  -133109.753909        0.093982
LBFGS:  185 17:52:09  -133109.755971        0.121332
LBFGS:  186 17:52:09  -133109.757983        0.158656
LBFGS:  187 17:52:09  -133109.759513        0.139997
LBFGS:  188 17:52:09  -133109.761196        0.156185
LBFGS:  189 17:52:09  -133109.762795        0.148312
LBFGS:  190 17:52:09  -133109.764295        0.118692
LBFGS:  191 17:52:09  -133109.765557        0.136198
LBFGS:  192 17:52:09  -133109.766744        0.130326
LBFGS:  193 17:52:09  -133109.769551        0.124945
LBFGS:  194 17:52:09  -133109.771920        0.113010
LBFGS:  195 17:52:09  -133109.774503        0.222079
LBFGS:  196 17:52:09  -133109.772740        0.411543
LBFGS:  197 17:52:09  -133109.778006        0.217001
LBFGS:  198 17:52:09  -133109.779398        0.145493
LBFGS:  199 17:52:09  -133109.780612        0.102553
LBFGS:  200 17:52:09  -133109.781709        0.123728
       Step     Time          Energy          fmax
LBFGS:    0 17:52:16  -136820.457824      171.336488
LBFGS:    1 17:52:16  -136838.536937       13.543351
LBFGS:    2 17:52:16  -136839.921100       11.511326
LBFGS:    3 17:52:16  -136840.758138        4.331932
LBFGS:    4 17:52:16  -136841.984226        5.525981
LBFGS:    5 17:52:16  -136843.407842        5.965272
LBFGS:    6 17:52:16  -136844.384163        7.570343
LBFGS:    7 17:52:16  -136845.751226        8.316944
LBFGS:    8 17:52:16  -136846.924563        7.791669
LBFGS:    9 17:52:16  -136847.835469        6.274793
LBFGS:   10 17:52:16  -136848.600368        3.129607
LBFGS:   11 17:52:16  -136848.981531        3.966323
LBFGS:   12 17:52:16  -136849.492058        4.539636
LBFGS:   13 17:52:16  -136850.109372        4.253347
LBFGS:   14 17:52:16  -136850.866329        5.037258
LBFGS:   15 17:52:16  -136851.357727        2.256552
LBFGS:   16 17:52:16  -136851.915390        1.972300
LBFGS:   17 17:52:16  -136852.335465        2.119827
LBFGS:   18 17:52:16  -136852.631032        3.055434
LBFGS:   19 17:52:16  -136852.931627        3.684388
LBFGS:   20 17:52:16  -136853.317159        2.613694
LBFGS:   21 17:52:16  -136853.613744        3.043479
LBFGS:   22 17:52:17  -136853.759455        2.103305
LBFGS:   23 17:52:17  -136853.928233        2.490616
LBFGS:   24 17:52:17  -136854.034775        1.685077
LBFGS:   25 17:52:17  -136854.099671        1.651660
LBFGS:   26 17:52:17  -136854.245844        1.871635
LBFGS:   27 17:52:17  -136854.326097        1.943602
LBFGS:   28 17:52:17  -136854.434129        1.776688
LBFGS:   29 17:52:17  -136854.498945        1.725698
LBFGS:   30 17:52:17  -136854.586137        1.224551
LBFGS:   31 17:52:17  -136854.632376        0.966695
LBFGS:   32 17:52:17  -136854.659711        0.578267
LBFGS:   33 17:52:17  -136854.676404        0.334641
LBFGS:   34 17:52:17  -136854.687109        0.482855
LBFGS:   35 17:52:17  -136854.700176        0.449616
LBFGS:   36 17:52:17  -136854.716216        0.486253
LBFGS:   37 17:52:17  -136854.731086        0.335944
LBFGS:   38 17:52:17  -136854.740898        0.415189
LBFGS:   39 17:52:17  -136854.749648        0.570876
LBFGS:   40 17:52:17  -136854.760734        0.721856
LBFGS:   41 17:52:17  -136854.775705        0.758307
LBFGS:   42 17:52:17  -136854.790241        0.783203
LBFGS:   43 17:52:17  -136854.803407        0.611249
LBFGS:   44 17:52:17  -136854.815504        0.615773
LBFGS:   45 17:52:17  -136854.830415        0.534037
LBFGS:   46 17:52:17  -136854.843356        0.516124
LBFGS:   47 17:52:17  -136854.853985        0.326703
LBFGS:   48 17:52:18  -136854.860111        0.327687
LBFGS:   49 17:52:18  -136854.867864        0.313573
LBFGS:   50 17:52:18  -136854.877002        0.284407
LBFGS:   51 17:52:18  -136854.886085        0.266316
LBFGS:   52 17:52:18  -136854.894656        0.386665
LBFGS:   53 17:52:18  -136854.906036        0.426309
LBFGS:   54 17:52:18  -136854.922301        0.398564
LBFGS:   55 17:52:18  -136854.929215        0.529000
LBFGS:   56 17:52:18  -136854.935559        0.232243
LBFGS:   57 17:52:18  -136854.940151        0.157115
LBFGS:   58 17:52:18  -136854.944028        0.236657
LBFGS:   59 17:52:18  -136854.948401        0.248581
LBFGS:   60 17:52:18  -136854.953374        0.217123
LBFGS:   61 17:52:18  -136854.960384        0.274054
LBFGS:   62 17:52:18  -136854.970112        0.287224
LBFGS:   63 17:52:18  -136854.985502        0.288260
LBFGS:   64 17:52:18  -136854.882581        1.733479
LBFGS:   65 17:52:18  -136854.993048        0.240884
LBFGS:   66 17:52:18  -136854.997063        0.190724
LBFGS:   67 17:52:18  -136855.003478        0.201383
LBFGS:   68 17:52:18  -136855.007432        0.246902
LBFGS:   69 17:52:18  -136855.017597        0.276948
LBFGS:   70 17:52:18  -136855.030040        0.283189
LBFGS:   71 17:52:18  -136855.050165        0.295644
LBFGS:   72 17:52:18  -136854.923279        1.707370
LBFGS:   73 17:52:18  -136855.060474        0.269462
LBFGS:   74 17:52:19  -136855.067749        0.238385
LBFGS:   75 17:52:19  -136855.056648        1.041951
LBFGS:   76 17:52:19  -136855.088894        0.194663
LBFGS:   77 17:52:19  -136855.100395        0.129444
LBFGS:   78 17:52:19  -136855.054479        1.217300
LBFGS:   79 17:52:19  -136855.113471        0.135750
LBFGS:   80 17:52:19  -136855.121375        0.154468
LBFGS:   81 17:52:19  -136855.087830        1.191729
LBFGS:   82 17:52:19  -136855.136157        0.157940
LBFGS:   83 17:52:19  -136855.144138        0.171614
LBFGS:   84 17:52:19  -136855.119050        1.158121
LBFGS:   85 17:52:19  -136855.160773        0.210792
LBFGS:   86 17:52:19  -136855.169334        0.231843
LBFGS:   87 17:52:19  -136855.161961        1.143185
LBFGS:   88 17:52:19  -136855.193729        0.261650
LBFGS:   89 17:52:19  -136855.206024        0.269099
LBFGS:   90 17:52:19  -136855.231968        0.877864
LBFGS:   91 17:52:19  -136855.259805        0.316970
LBFGS:   92 17:52:19  -136855.295001        0.303898
LBFGS:   93 17:52:19  -136855.332075        0.912110
LBFGS:   94 17:52:19  -136855.359261        0.429850
LBFGS:   95 17:52:19  -136855.377294        0.542662
LBFGS:   96 17:52:19  -136855.387792        0.562370
LBFGS:   97 17:52:19  -136855.400062        0.571012
LBFGS:   98 17:52:19  -136855.415014        0.607332
LBFGS:   99 17:52:19  -136855.435826        0.500680
LBFGS:  100 17:52:20  -136855.474417        0.379809
LBFGS:  101 17:52:20  -136855.509120        1.057331
LBFGS:  102 17:52:20  -136855.493134        1.341607
LBFGS:  103 17:52:20  -136855.537470        0.372126
LBFGS:  104 17:52:20  -136855.546109        0.422038
LBFGS:  105 17:52:20  -136855.559369        0.646407
LBFGS:  106 17:52:20  -136855.571421        0.459753
LBFGS:  107 17:52:20  -136855.583452        0.426962
LBFGS:  108 17:52:20  -136855.599394        0.336264
LBFGS:  109 17:52:20  -136855.614280        0.636789
LBFGS:  110 17:52:20  -136855.631257        0.875153
LBFGS:  111 17:52:20  -136855.649959        0.379835
LBFGS:  112 17:52:20  -136855.673026        0.394592
LBFGS:  113 17:52:20  -136855.683289        0.329366
LBFGS:  114 17:52:20  -136855.687529        0.305646
LBFGS:  115 17:52:20  -136855.693144        0.260652
LBFGS:  116 17:52:20  -136855.698070        0.225084
LBFGS:  117 17:52:20  -136855.703622        0.201418
LBFGS:  118 17:52:20  -136855.711046        0.254290
LBFGS:  119 17:52:20  -136855.721186        0.318923
LBFGS:  120 17:52:20  -136855.733517        0.329988
LBFGS:  121 17:52:20  -136855.742923        0.384663
LBFGS:  122 17:52:20  -136855.749320        0.286015
LBFGS:  123 17:52:20  -136855.753482        0.269218
LBFGS:  124 17:52:20  -136855.759394        0.313934
LBFGS:  125 17:52:21  -136855.767139        0.209596
LBFGS:  126 17:52:21  -136855.783725        0.267152
LBFGS:  127 17:52:21  -136855.795777        0.291450
LBFGS:  128 17:52:21  -136855.816383        0.348941
LBFGS:  129 17:52:21  -136855.827317        0.259280
LBFGS:  130 17:52:21  -136855.836979        0.435191
LBFGS:  131 17:52:21  -136855.845774        0.396460
LBFGS:  132 17:52:21  -136855.863061        0.338431
LBFGS:  133 17:52:21  -136855.886530        0.627487
LBFGS:  134 17:52:21  -136855.906495        0.290946
LBFGS:  135 17:52:21  -136855.923971        0.303244
LBFGS:  136 17:52:21  -136855.936875        0.356675
LBFGS:  137 17:52:21  -136855.945323        0.359199
LBFGS:  138 17:52:21  -136855.951256        0.212136
LBFGS:  139 17:52:21  -136855.955552        0.228936
LBFGS:  140 17:52:21  -136855.963293        0.283840
LBFGS:  141 17:52:21  -136855.975348        0.291672
LBFGS:  142 17:52:21  -136855.987685        0.204906
LBFGS:  143 17:52:21  -136856.005230        0.290456
LBFGS:  144 17:52:21  -136856.016419        0.245077
LBFGS:  145 17:52:21  -136856.023191        0.351232
LBFGS:  146 17:52:21  -136856.029182        0.180589
LBFGS:  147 17:52:21  -136856.034407        0.186052
LBFGS:  148 17:52:21  -136856.042176        0.252718
LBFGS:  149 17:52:21  -136856.048065        0.227227
LBFGS:  150 17:52:21  -136856.058416        0.228427
LBFGS:  151 17:52:22  -136856.069395        0.252583
LBFGS:  152 17:52:22  -136856.080693        0.292670
LBFGS:  153 17:52:22  -136856.086548        0.480758
LBFGS:  154 17:52:22  -136856.101585        0.395176
LBFGS:  155 17:52:22  -136856.112451        0.408627
LBFGS:  156 17:52:22  -136856.129470        0.301415
LBFGS:  157 17:52:22  -136856.136108        0.237643
LBFGS:  158 17:52:22  -136856.149798        0.278046
LBFGS:  159 17:52:22  -136856.152830        0.391793
LBFGS:  160 17:52:22  -136856.162681        0.267732
LBFGS:  161 17:52:22  -136856.170984        0.172818
LBFGS:  162 17:52:22  -136856.179673        0.181805
LBFGS:  163 17:52:22  -136856.183664        0.409155
LBFGS:  164 17:52:22  -136856.189973        0.298221
LBFGS:  165 17:52:22  -136856.197561        0.168791
LBFGS:  166 17:52:22  -136856.206506        0.193477
LBFGS:  167 17:52:22  -136856.212117        0.176835
LBFGS:  168 17:52:22  -136856.222290        0.194421
LBFGS:  169 17:52:22  -136856.232154        0.228690
LBFGS:  170 17:52:22  -136856.242677        0.259352
LBFGS:  171 17:52:22  -136856.249695        0.224970
LBFGS:  172 17:52:22  -136856.257137        0.479172
LBFGS:  173 17:52:22  -136856.267969        0.370843
LBFGS:  174 17:52:22  -136856.277874        0.431310
LBFGS:  175 17:52:22  -136856.291542        0.358754
LBFGS:  176 17:52:23  -136856.307084        0.303820
LBFGS:  177 17:52:23  -136856.319325        0.536898
LBFGS:  178 17:52:23  -136856.322686        0.698983
LBFGS:  179 17:52:23  -136856.340001        0.308799
LBFGS:  180 17:52:23  -136856.347390        0.221135
LBFGS:  181 17:52:23  -136856.355195        0.209174
LBFGS:  182 17:52:23  -136856.367323        0.206301
LBFGS:  183 17:52:23  -136856.369513        0.374426
LBFGS:  184 17:52:23  -136856.374988        0.156913
LBFGS:  185 17:52:23  -136856.378629        0.183785
LBFGS:  186 17:52:23  -136856.382206        0.205297
LBFGS:  187 17:52:23  -136856.385628        0.123767
LBFGS:  188 17:52:23  -136856.389736        0.132084
LBFGS:  189 17:52:23  -136856.399632        0.156343
LBFGS:  190 17:52:23  -136856.405528        0.176831
LBFGS:  191 17:52:23  -136856.413134        0.215981
LBFGS:  192 17:52:23  -136856.423469        0.268105
LBFGS:  193 17:52:23  -136856.434456        0.319909
LBFGS:  194 17:52:23  -136856.441764        0.162913
LBFGS:  195 17:52:23  -136856.447850        0.261248
LBFGS:  196 17:52:23  -136856.449934        0.217859
LBFGS:  197 17:52:23  -136856.454074        0.173461
LBFGS:  198 17:52:23  -136856.458553        0.220063
LBFGS:  199 17:52:23  -136856.463986        0.148482
LBFGS:  200 17:52:23  -136856.467524        0.194140
       Step     Time          Energy          fmax
LBFGS:    0 17:52:30  -144288.127783      171.377039
LBFGS:    1 17:52:31  -144306.712005       13.585076
LBFGS:    2 17:52:31  -144310.358630       19.635446
LBFGS:    3 17:52:31  -144313.895308       10.011243
LBFGS:    4 17:52:31  -144317.307612       17.004132
LBFGS:    5 17:52:31  -144322.076283        8.086292
LBFGS:    6 17:52:31  -144325.289745        6.240780
LBFGS:    7 17:52:31  -144328.021702        4.387841
LBFGS:    8 17:52:31  -144330.173941        3.234132
LBFGS:    9 17:52:31  -144331.962711        6.013402
LBFGS:   10 17:52:31  -144333.630787        4.373114
LBFGS:   11 17:52:31  -144335.054505        5.615912
LBFGS:   12 17:52:31  -144336.331298        6.207180
LBFGS:   13 17:52:31  -144337.286894        5.659057
LBFGS:   14 17:52:31  -144338.156373        3.787515
LBFGS:   15 17:52:31  -144338.939452        2.929076
LBFGS:   16 17:52:32  -144339.707843        2.721302
LBFGS:   17 17:52:32  -144340.792457        2.817996
LBFGS:   18 17:52:32  -144341.296619        2.143516
LBFGS:   19 17:52:32  -144341.736090        4.216292
LBFGS:   20 17:52:32  -144342.099358        3.785905
LBFGS:   21 17:52:32  -144342.725631        2.574280
LBFGS:   22 17:52:32  -144343.110343        3.290399
LBFGS:   23 17:52:32  -144343.451333        2.524693
LBFGS:   24 17:52:32  -144343.779017        2.845508
LBFGS:   25 17:52:32  -144343.966869        1.896703
LBFGS:   26 17:52:32  -144344.115595        1.846665
LBFGS:   27 17:52:32  -144344.270969        1.359903
LBFGS:   28 17:52:32  -144344.340498        1.091539
LBFGS:   29 17:52:32  -144344.498677        1.760572
LBFGS:   30 17:52:32  -144344.581039        2.293598
LBFGS:   31 17:52:32  -144344.742150        2.396812
LBFGS:   32 17:52:32  -144344.845611        1.274456
LBFGS:   33 17:52:33  -144344.923335        0.964570
LBFGS:   34 17:52:33  -144345.030870        1.102769
LBFGS:   35 17:52:33  -144345.151085        1.187389
LBFGS:   36 17:52:33  -144345.277580        1.603825
LBFGS:   37 17:52:33  -144345.391977        1.181228
LBFGS:   38 17:52:33  -144345.556825        0.917855
LBFGS:   39 17:52:33  -144345.618017        0.804204
LBFGS:   40 17:52:33  -144345.774598        1.097921
LBFGS:   41 17:52:33  -144345.922207        1.591268
LBFGS:   42 17:52:33  -144346.083178        1.594608
LBFGS:   43 17:52:33  -144346.231422        1.234900
LBFGS:   44 17:52:33  -144346.367065        1.282363
LBFGS:   45 17:52:33  -144346.417877        1.433134
LBFGS:   46 17:52:33  -144346.449804        1.062807
LBFGS:   47 17:52:33  -144346.518496        0.532904
LBFGS:   48 17:52:33  -144346.573899        1.185303
LBFGS:   49 17:52:34  -144346.634106        1.063236
LBFGS:   50 17:52:34  -144346.717860        1.363353
LBFGS:   51 17:52:34  -144346.772786        0.698530
LBFGS:   52 17:52:34  -144346.864178        0.869144
LBFGS:   53 17:52:34  -144346.931714        0.935121
LBFGS:   54 17:52:34  -144347.044297        1.184660
LBFGS:   55 17:52:34  -144347.151997        1.260243
LBFGS:   56 17:52:34  -144347.149063        2.111057
LBFGS:   57 17:52:34  -144347.134378        3.930141
LBFGS:   58 17:52:34  -144347.324766        0.668212
LBFGS:   59 17:52:34  -144347.387541        0.787413
LBFGS:   60 17:52:34  -144347.435158        1.657724
LBFGS:   61 17:52:34  -144347.497737        0.933587
LBFGS:   62 17:52:34  -144347.567679        0.705877
LBFGS:   63 17:52:34  -144347.655211        0.926616
LBFGS:   64 17:52:34  -144347.718806        1.357392
LBFGS:   65 17:52:34  -144347.803162        1.813675
LBFGS:   66 17:52:35  -144347.880934        1.409340
LBFGS:   67 17:52:35  -144347.931814        1.120970
LBFGS:   68 17:52:35  -144347.983150        1.115411
LBFGS:   69 17:52:35  -144348.058224        0.585508
LBFGS:   70 17:52:35  -144348.089016        0.593445
LBFGS:   71 17:52:35  -144348.122349        0.519401
LBFGS:   72 17:52:35  -144348.163836        0.555033
LBFGS:   73 17:52:35  -144348.202950        0.627219
LBFGS:   74 17:52:35  -144348.236873        0.502655
LBFGS:   75 17:52:35  -144348.255609        0.357160
LBFGS:   76 17:52:35  -144348.266082        0.533027
LBFGS:   77 17:52:35  -144348.274713        0.294704
LBFGS:   78 17:52:35  -144348.283754        0.243230
LBFGS:   79 17:52:35  -144348.291446        0.204873
LBFGS:   80 17:52:35  -144348.298742        0.231614
LBFGS:   81 17:52:36  -144348.308475        0.208919
LBFGS:   82 17:52:36  -144348.320561        0.311892
LBFGS:   83 17:52:36  -144348.335536        0.382505
LBFGS:   84 17:52:36  -144348.353027        0.368900
LBFGS:   85 17:52:36  -144348.375724        0.326498
LBFGS:   86 17:52:36  -144348.401286        0.428613
LBFGS:   87 17:52:36  -144348.431538        0.471666
LBFGS:   88 17:52:36  -144348.459962        0.486341
LBFGS:   89 17:52:36  -144348.478243        0.402057
LBFGS:   90 17:52:36  -144348.497017        0.519435
LBFGS:   91 17:52:36  -144348.517162        0.295683
LBFGS:   92 17:52:36  -144348.547425        0.293428
LBFGS:   93 17:52:36  -144348.567419        0.404098
LBFGS:   94 17:52:36  -144348.588527        0.354711
LBFGS:   95 17:52:36  -144348.603258        0.399767
LBFGS:   96 17:52:36  -144348.620906        0.441520
LBFGS:   97 17:52:37  -144348.624737        0.631516
LBFGS:   98 17:52:37  -144348.651669        0.365886
LBFGS:   99 17:52:37  -144348.668281        0.238703
LBFGS:  100 17:52:37  -144348.698013        0.362429
LBFGS:  101 17:52:37  -144348.720281        0.547127
LBFGS:  102 17:52:37  -144348.749449        0.637577
LBFGS:  103 17:52:37  -144348.776440        0.426807
LBFGS:  104 17:52:37  -144348.778837        0.844530
LBFGS:  105 17:52:37  -144348.807762        0.337544
LBFGS:  106 17:52:37  -144348.824969        0.285198
LBFGS:  107 17:52:37  -144348.881407        0.482450
LBFGS:  108 17:52:37  -144348.900818        0.376510
LBFGS:  109 17:52:37  -144348.916669        0.260645
LBFGS:  110 17:52:37  -144348.929001        0.304553
LBFGS:  111 17:52:37  -144348.944518        0.546130
LBFGS:  112 17:52:37  -144348.968721        0.523481
LBFGS:  113 17:52:38  -144349.001983        0.276817
LBFGS:  114 17:52:38  -144349.023022        0.252255
LBFGS:  115 17:52:38  -144349.043814        0.381196
LBFGS:  116 17:52:38  -144349.067675        0.473470
LBFGS:  117 17:52:38  -144349.092266        0.464806
LBFGS:  118 17:52:38  -144349.120859        0.327627
LBFGS:  119 17:52:38  -144349.146543        0.353136
LBFGS:  120 17:52:38  -144349.175569        0.351908
LBFGS:  121 17:52:38  -144349.193040        0.471404
LBFGS:  122 17:52:38  -144349.218521        0.313265
LBFGS:  123 17:52:38  -144349.238578        0.254162
LBFGS:  124 17:52:38  -144349.261601        0.338988
LBFGS:  125 17:52:38  -144349.280426        0.310681
LBFGS:  126 17:52:38  -144349.301039        0.250234
LBFGS:  127 17:52:38  -144349.316230        0.316852
LBFGS:  128 17:52:38  -144349.324777        0.415080
LBFGS:  129 17:52:39  -144349.339116        0.244425
LBFGS:  130 17:52:39  -144349.353267        0.190802
LBFGS:  131 17:52:39  -144349.373817        0.309042
LBFGS:  132 17:52:39  -144349.398124        0.363813
LBFGS:  133 17:52:39  -144349.420743        0.333156
LBFGS:  134 17:52:39  -144349.445652        0.275257
LBFGS:  135 17:52:39  -144349.477805        0.323365
LBFGS:  136 17:52:39  -144349.501930        0.348369
LBFGS:  137 17:52:39  -144349.501943        1.165806
LBFGS:  138 17:52:39  -144349.534849        0.429006
LBFGS:  139 17:52:39  -144349.552189        0.244045
LBFGS:  140 17:52:39  -144349.573155        0.280953
LBFGS:  141 17:52:39  -144349.602841        0.663405
LBFGS:  142 17:52:39  -144349.619125        0.330585
LBFGS:  143 17:52:39  -144349.637664        0.234675
LBFGS:  144 17:52:39  -144349.649299        0.242884
LBFGS:  145 17:52:40  -144349.659684        0.203174
LBFGS:  146 17:52:40  -144349.672732        0.258385
LBFGS:  147 17:52:40  -144349.684602        0.296793
LBFGS:  148 17:52:40  -144349.695514        0.249818
LBFGS:  149 17:52:40  -144349.703327        0.232521
LBFGS:  150 17:52:40  -144349.711573        0.294259
LBFGS:  151 17:52:40  -144349.719684        0.226835
LBFGS:  152 17:52:40  -144349.733150        0.167534
LBFGS:  153 17:52:40  -144349.740844        0.228346
LBFGS:  154 17:52:40  -144349.755394        0.253132
LBFGS:  155 17:52:40  -144349.766922        0.313991
LBFGS:  156 17:52:40  -144349.779820        0.216338
LBFGS:  157 17:52:40  -144349.792803        0.228917
LBFGS:  158 17:52:40  -144349.805441        0.165923
LBFGS:  159 17:52:40  -144349.816130        0.201236
LBFGS:  160 17:52:40  -144349.826197        0.182452
LBFGS:  161 17:52:41  -144349.835325        0.289897
LBFGS:  162 17:52:41  -144349.846941        0.184331
LBFGS:  163 17:52:41  -144349.855892        0.178085
LBFGS:  164 17:52:41  -144349.863978        0.161107
LBFGS:  165 17:52:41  -144349.870994        0.151814
LBFGS:  166 17:52:41  -144349.882222        0.161385
LBFGS:  167 17:52:41  -144349.892113        0.200947
LBFGS:  168 17:52:41  -144349.904053        0.194446
LBFGS:  169 17:52:41  -144349.918011        0.238555
LBFGS:  170 17:52:41  -144349.933210        0.326922
LBFGS:  171 17:52:41  -144349.949445        0.382341
LBFGS:  172 17:52:41  -144349.968891        0.252275
LBFGS:  173 17:52:41  -144349.989300        0.245889
LBFGS:  174 17:52:41  -144349.999373        0.233754
LBFGS:  175 17:52:41  -144350.011522        0.213151
LBFGS:  176 17:52:41  -144350.021763        0.369132
LBFGS:  177 17:52:42  -144350.027881        0.357753
LBFGS:  178 17:52:42  -144350.035392        0.152701
LBFGS:  179 17:52:42  -144350.042175        0.208396
LBFGS:  180 17:52:42  -144350.051599        0.203635
LBFGS:  181 17:52:42  -144350.063786        0.280364
LBFGS:  182 17:52:42  -144350.074479        0.229559
LBFGS:  183 17:52:42  -144350.084132        0.213298
LBFGS:  184 17:52:42  -144350.094959        0.301791
LBFGS:  185 17:52:42  -144350.107975        0.273842
LBFGS:  186 17:52:42  -144350.122958        0.311497
LBFGS:  187 17:52:42  -144350.132980        0.181358
LBFGS:  188 17:52:42  -144350.140340        0.260520
LBFGS:  189 17:52:42  -144350.148465        0.285124
LBFGS:  190 17:52:42  -144350.156809        0.217598
LBFGS:  191 17:52:42  -144350.164657        0.195862
LBFGS:  192 17:52:42  -144350.172318        0.150186
LBFGS:  193 17:52:43  -144350.181788        0.201792
LBFGS:  194 17:52:43  -144350.190163        0.172888
LBFGS:  195 17:52:43  -144350.196886        0.154981
LBFGS:  196 17:52:43  -144350.203463        0.124649
LBFGS:  197 17:52:43  -144350.210287        0.161027
LBFGS:  198 17:52:43  -144350.218454        0.215154
LBFGS:  199 17:52:43  -144350.226606        0.187893
LBFGS:  200 17:52:43  -144350.234388        0.188936
       Step     Time          Energy          fmax
LBFGS:    0 17:52:51  -159247.120843      172.348060
LBFGS:    1 17:52:52  -159267.362729       19.691804
LBFGS:    2 17:52:52  -159273.500100       37.617256
LBFGS:    3 17:52:52  -159283.208069       19.202183
LBFGS:    4 17:52:52  -159293.364419        9.190955
LBFGS:    5 17:52:52  -159301.001409       12.406782
LBFGS:    6 17:52:52  -159309.000206        7.948312
LBFGS:    7 17:52:52  -159313.658247        6.644063
LBFGS:    8 17:52:52  -159318.886456        4.697775
LBFGS:    9 17:52:52  -159322.495248        5.323753
LBFGS:   10 17:52:52  -159324.552423        4.161495
LBFGS:   11 17:52:52  -159327.235873        5.029755
LBFGS:   12 17:52:52  -159329.579656        5.468623
LBFGS:   13 17:52:52  -159331.288283        5.926614
LBFGS:   14 17:52:52  -159332.486456        4.669387
LBFGS:   15 17:52:52  -159333.760742        3.850502
LBFGS:   16 17:52:53  -159334.959904        3.048243
LBFGS:   17 17:52:53  -159336.003363        3.013140
LBFGS:   18 17:52:53  -159336.479227        2.935827
LBFGS:   19 17:52:53  -159337.137794        2.794636
LBFGS:   20 17:52:53  -159337.656732        3.023321
LBFGS:   21 17:52:53  -159337.878849        4.761736
LBFGS:   22 17:52:53  -159338.368663        2.227558
LBFGS:   23 17:52:53  -159338.721769        1.210183
LBFGS:   24 17:52:53  -159338.896501        2.536680
LBFGS:   25 17:52:53  -159339.102481        3.105668
LBFGS:   26 17:52:53  -159339.409114        2.755583
LBFGS:   27 17:52:53  -159339.588459        1.526156
LBFGS:   28 17:52:53  -159339.813517        1.424713
LBFGS:   29 17:52:53  -159339.986596        1.380962
LBFGS:   30 17:52:53  -159340.270387        1.347482
LBFGS:   31 17:52:53  -159340.545774        2.053713
LBFGS:   32 17:52:54  -159340.823272        1.589674
LBFGS:   33 17:52:54  -159341.067474        1.435786
LBFGS:   34 17:52:54  -159341.139038        1.498484
LBFGS:   35 17:52:54  -159341.266928        1.574914
LBFGS:   36 17:52:54  -159341.386358        1.690808
LBFGS:   37 17:52:54  -159341.509407        1.671220
LBFGS:   38 17:52:54  -159341.613377        1.374636
LBFGS:   39 17:52:54  -159341.755621        1.123385
LBFGS:   40 17:52:54  -159341.899100        0.899756
LBFGS:   41 17:52:54  -159342.030883        1.134690
LBFGS:   42 17:52:54  -159342.163496        1.440829
LBFGS:   43 17:52:54  -159342.279291        1.736736
LBFGS:   44 17:52:54  -159342.459581        1.272129
LBFGS:   45 17:52:54  -159342.578318        0.826593
LBFGS:   46 17:52:54  -159342.659847        1.198466
LBFGS:   47 17:52:54  -159342.731438        1.201392
LBFGS:   48 17:52:55  -159342.792680        1.021136
LBFGS:   49 17:52:55  -159342.895411        0.590373
LBFGS:   50 17:52:55  -159342.970228        0.778179
LBFGS:   51 17:52:55  -159343.049876        0.736190
LBFGS:   52 17:52:55  -159343.123318        0.807376
LBFGS:   53 17:52:55  -159343.211605        0.817448
LBFGS:   54 17:52:55  -159343.285729        0.898779
LBFGS:   55 17:52:55  -159343.387108        0.931234
LBFGS:   56 17:52:55  -159343.481421        0.950671
LBFGS:   57 17:52:55  -159343.641235        1.057804
LBFGS:   58 17:52:55  -159343.766279        1.088878
LBFGS:   59 17:52:55  -159343.900665        1.390910
LBFGS:   60 17:52:55  -159343.725380        2.894259
LBFGS:   61 17:52:55  -159344.137484        1.658520
LBFGS:   62 17:52:55  -159344.240926        1.428029
LBFGS:   63 17:52:55  -159344.393555        1.267138
LBFGS:   64 17:52:56  -159344.471287        1.083083
LBFGS:   65 17:52:56  -159344.537916        0.662639
LBFGS:   66 17:52:56  -159344.604091        0.639416
LBFGS:   67 17:52:56  -159344.669787        0.699409
LBFGS:   68 17:52:56  -159344.742281        0.782116
LBFGS:   69 17:52:56  -159344.817328        0.728453
LBFGS:   70 17:52:56  -159344.911371        1.032711
LBFGS:   71 17:52:56  -159345.004732        1.410871
LBFGS:   72 17:52:56  -159345.090100        1.912530
LBFGS:   73 17:52:56  -159345.125144        1.819238
LBFGS:   74 17:52:56  -159345.182470        1.951189
LBFGS:   75 17:52:56  -159345.244701        1.396423
LBFGS:   76 17:52:56  -159345.315256        0.750989
LBFGS:   77 17:52:56  -159345.370571        0.596293
LBFGS:   78 17:52:56  -159345.414716        0.397287
LBFGS:   79 17:52:56  -159345.458929        0.477987
LBFGS:   80 17:52:57  -159345.489841        0.503241
LBFGS:   81 17:52:57  -159345.524757        0.512473
LBFGS:   82 17:52:57  -159345.569313        0.536182
LBFGS:   83 17:52:57  -159345.617068        0.502982
LBFGS:   84 17:52:57  -159345.652621        0.695980
LBFGS:   85 17:52:57  -159345.690734        0.816844
LBFGS:   86 17:52:57  -159345.732965        0.859496
LBFGS:   87 17:52:57  -159345.793747        0.840186
LBFGS:   88 17:52:57  -159345.836982        0.714823
LBFGS:   89 17:52:57  -159345.907009        0.748246
LBFGS:   90 17:52:57  -159345.981940        0.737803
LBFGS:   91 17:52:57  -159345.957145        1.661388
LBFGS:   92 17:52:57  -159346.104504        0.556464
LBFGS:   93 17:52:57  -159346.141178        0.384507
LBFGS:   94 17:52:57  -159346.178137        0.513882
LBFGS:   95 17:52:57  -159346.192724        0.300240
LBFGS:   96 17:52:58  -159346.217744        0.411292
LBFGS:   97 17:52:58  -159346.247620        0.418894
LBFGS:   98 17:52:58  -159346.277982        0.456799
LBFGS:   99 17:52:58  -159346.305424        0.546540
LBFGS:  100 17:52:58  -159346.341208        0.661771
LBFGS:  101 17:52:58  -159346.385811        0.749366
LBFGS:  102 17:52:58  -159346.427379        0.608968
LBFGS:  103 17:52:58  -159346.460456        0.771310
LBFGS:  104 17:52:58  -159346.525221        0.349486
LBFGS:  105 17:52:58  -159346.577656        0.373833
LBFGS:  106 17:52:58  -159346.636663        0.490559
LBFGS:  107 17:52:58  -159346.676484        0.453364
LBFGS:  108 17:52:58  -159346.721638        0.403856
LBFGS:  109 17:52:58  -159346.750369        0.338826
LBFGS:  110 17:52:58  -159346.773538        0.491794
LBFGS:  111 17:52:59  -159346.800245        0.497339
LBFGS:  112 17:52:59  -159346.843088        0.439097
LBFGS:  113 17:52:59  -159346.880868        0.349215
LBFGS:  114 17:52:59  -159346.907410        0.382227
LBFGS:  115 17:52:59  -159346.939020        0.483776
LBFGS:  116 17:52:59  -159346.976922        0.424435
LBFGS:  117 17:52:59  -159347.012941        0.430710
LBFGS:  118 17:52:59  -159347.048732        0.337562
LBFGS:  119 17:52:59  -159347.082508        0.429311
LBFGS:  120 17:52:59  -159347.128723        0.415545
LBFGS:  121 17:52:59  -159347.166426        0.523646
LBFGS:  122 17:52:59  -159347.201696        0.449281
LBFGS:  123 17:52:59  -159347.228482        0.408133
LBFGS:  124 17:52:59  -159347.252675        0.663484
LBFGS:  125 17:52:59  -159347.286494        0.415045
LBFGS:  126 17:52:59  -159347.329718        0.434293
LBFGS:  127 17:53:00  -159347.385604        0.459182
LBFGS:  128 17:53:00  -159347.429162        0.473866
LBFGS:  129 17:53:00  -159347.485202        0.489579
LBFGS:  130 17:53:00  -159347.522114        0.584719
LBFGS:  131 17:53:00  -159347.573315        0.339337
LBFGS:  132 17:53:00  -159347.615082        0.437026
LBFGS:  133 17:53:00  -159347.660340        0.575451
LBFGS:  134 17:53:00  -159347.705379        0.430319
LBFGS:  135 17:53:00  -159347.742311        0.422797
LBFGS:  136 17:53:00  -159347.770047        0.390614
LBFGS:  137 17:53:00  -159347.784786        0.739167
LBFGS:  138 17:53:00  -159347.817307        0.324022
LBFGS:  139 17:53:00  -159347.842739        0.335515
LBFGS:  140 17:53:00  -159347.877027        0.581913
LBFGS:  141 17:53:00  -159347.907443        0.555931
LBFGS:  142 17:53:01  -159347.965838        0.508714
LBFGS:  143 17:53:01  -159348.019349        0.553559
LBFGS:  144 17:53:01  -159348.041083        0.892794
LBFGS:  145 17:53:01  -159348.107665        0.613930
LBFGS:  146 17:53:01  -159348.154101        0.388165
LBFGS:  147 17:53:01  -159348.229953        0.664335
LBFGS:  148 17:53:01  -159348.272296        0.725274
LBFGS:  149 17:53:01  -159348.362980        0.591342
LBFGS:  150 17:53:01  -159348.450339        0.419433
LBFGS:  151 17:53:01  -159348.489929        0.399914
LBFGS:  152 17:53:01  -159348.531848        0.563210
LBFGS:  153 17:53:01  -159348.589093        0.480492
LBFGS:  154 17:53:01  -159348.622856        0.322721
LBFGS:  155 17:53:01  -159348.650230        0.267064
LBFGS:  156 17:53:01  -159348.677645        0.276846
LBFGS:  157 17:53:01  -159348.709289        0.389472
LBFGS:  158 17:53:02  -159348.744736        0.368523
LBFGS:  159 17:53:02  -159348.790675        0.570980
LBFGS:  160 17:53:02  -159348.848973        0.458614
LBFGS:  161 17:53:02  -159348.918132        0.424494
LBFGS:  162 17:53:02  -159348.969138        0.364984
LBFGS:  163 17:53:02  -159348.999530        0.306084
LBFGS:  164 17:53:02  -159349.029174        0.313728
LBFGS:  165 17:53:02  -159349.064072        0.261696
LBFGS:  166 17:53:02  -159349.090901        0.281411
LBFGS:  167 17:53:02  -159349.106892        0.334049
LBFGS:  168 17:53:02  -159349.126098        0.271612
LBFGS:  169 17:53:02  -159349.155406        0.237975
LBFGS:  170 17:53:02  -159349.182771        0.297187
LBFGS:  171 17:53:02  -159349.209534        0.278295
LBFGS:  172 17:53:02  -159349.240569        0.344567
LBFGS:  173 17:53:03  -159349.273964        0.392955
LBFGS:  174 17:53:03  -159349.308656        0.567513
LBFGS:  175 17:53:03  -159349.332932        0.732981
LBFGS:  176 17:53:03  -159349.376905        0.398593
LBFGS:  177 17:53:03  -159349.418515        0.282770
LBFGS:  178 17:53:03  -159349.457000        0.313661
LBFGS:  179 17:53:03  -159349.493995        0.305116
LBFGS:  180 17:53:03  -159349.518570        0.536224
LBFGS:  181 17:53:03  -159349.544845        0.370750
LBFGS:  182 17:53:03  -159349.563321        0.366072
LBFGS:  183 17:53:03  -159349.592678        0.345804
LBFGS:  184 17:53:03  -159349.624022        0.382012
LBFGS:  185 17:53:03  -159349.660225        0.530320
LBFGS:  186 17:53:03  -159349.706665        0.538044
LBFGS:  187 17:53:03  -159349.750895        0.413008
LBFGS:  188 17:53:03  -159349.779853        0.697878
LBFGS:  189 17:53:04  -159349.798986        0.556581
LBFGS:  190 17:53:04  -159349.827039        0.296741
LBFGS:  191 17:53:04  -159349.849733        0.215195
LBFGS:  192 17:53:04  -159349.882691        0.359711
LBFGS:  193 17:53:04  -159349.915387        0.329939
LBFGS:  194 17:53:04  -159349.949852        0.286288
LBFGS:  195 17:53:04  -159349.979983        0.341929
LBFGS:  196 17:53:04  -159350.008946        0.337920
LBFGS:  197 17:53:04  -159350.037250        0.400879
LBFGS:  198 17:53:04  -159350.069152        0.339844
LBFGS:  199 17:53:04  -159350.101020        0.252105
LBFGS:  200 17:53:04  -159350.129249        0.315946
       Step     Time          Energy          fmax
LBFGS:    0 17:53:14  -174191.326377      172.644086
LBFGS:    1 17:53:14  -174212.532666       19.734792
LBFGS:    2 17:53:14  -174224.618504       37.363079
LBFGS:    3 17:53:14  -174240.621094       18.388665
LBFGS:    4 17:53:14  -174256.292543        9.694654
LBFGS:    5 17:53:14  -174267.044385       11.488117
LBFGS:    6 17:53:15  -174279.690695        9.074686
LBFGS:    7 17:53:15  -174288.697377        7.960043
LBFGS:    8 17:53:15  -174296.064298        6.816730
LBFGS:    9 17:53:15  -174303.201950        5.410438
LBFGS:   10 17:53:15  -174308.919872        5.215378
LBFGS:   11 17:53:15  -174313.071440        5.681696
LBFGS:   12 17:53:15  -174317.020076        4.872267
LBFGS:   13 17:53:15  -174320.404808        5.007488
LBFGS:   14 17:53:15  -174322.434756        4.515257
LBFGS:   15 17:53:15  -174323.800964        4.141987
LBFGS:   16 17:53:15  -174325.043223        3.994609
LBFGS:   17 17:53:15  -174326.381942        2.482047
LBFGS:   18 17:53:15  -174327.585081        3.450353
LBFGS:   19 17:53:15  -174328.425242        3.819121
LBFGS:   20 17:53:15  -174329.669642        4.342813
LBFGS:   21 17:53:16  -174330.421116        4.444838
LBFGS:   22 17:53:16  -174331.169023        2.602535
LBFGS:   23 17:53:16  -174331.553549        1.851287
LBFGS:   24 17:53:16  -174332.004041        2.246582
LBFGS:   25 17:53:16  -174332.364775        2.449713
LBFGS:   26 17:53:16  -174332.718860        3.423375
LBFGS:   27 17:53:16  -174332.954580        3.521084
LBFGS:   28 17:53:16  -174333.195331        2.733773
LBFGS:   29 17:53:16  -174333.423876        2.596485
LBFGS:   30 17:53:16  -174333.820728        1.873338
LBFGS:   31 17:53:16  -174334.188119        1.875792
LBFGS:   32 17:53:16  -174334.590784        1.474676
LBFGS:   33 17:53:16  -174334.879980        1.288360
LBFGS:   34 17:53:16  -174335.131433        1.115398
LBFGS:   35 17:53:16  -174335.279867        2.001094
LBFGS:   36 17:53:16  -174335.445333        1.302146
LBFGS:   37 17:53:17  -174335.582230        1.242688
LBFGS:   38 17:53:17  -174335.737477        1.241291
LBFGS:   39 17:53:17  -174335.892517        1.100336
LBFGS:   40 17:53:17  -174336.052945        0.928839
LBFGS:   41 17:53:17  -174336.211023        1.678492
LBFGS:   42 17:53:17  -174336.460509        1.255498
LBFGS:   43 17:53:17  -174336.737158        1.180673
LBFGS:   44 17:53:17  -174337.008208        1.954632
LBFGS:   45 17:53:17  -174337.103519        2.496815
LBFGS:   46 17:53:17  -174337.309713        1.329383
LBFGS:   47 17:53:17  -174337.486914        1.265779
LBFGS:   48 17:53:17  -174337.611241        1.287705
LBFGS:   49 17:53:17  -174337.717513        1.219860
LBFGS:   50 17:53:17  -174337.828590        1.030461
LBFGS:   51 17:53:17  -174337.976680        1.357315
LBFGS:   52 17:53:17  -174338.059088        1.254882
LBFGS:   53 17:53:17  -174338.184004        0.886594
LBFGS:   54 17:53:17  -174338.276635        0.849051
LBFGS:   55 17:53:18  -174338.400059        1.132191
LBFGS:   56 17:53:18  -174338.547363        0.997453
LBFGS:   57 17:53:18  -174338.646191        1.952598
LBFGS:   58 17:53:18  -174338.763229        1.145620
LBFGS:   59 17:53:18  -174338.871506        2.318994
LBFGS:   60 17:53:18  -174339.009312        0.926217
LBFGS:   61 17:53:18  -174339.157589        1.190902
LBFGS:   62 17:53:18  -174339.277124        1.380649
LBFGS:   63 17:53:18  -174339.530393        1.057068
LBFGS:   64 17:53:18  -174339.673618        0.802717
LBFGS:   65 17:53:18  -174339.833780        1.183241
LBFGS:   66 17:53:18  -174339.990818        1.189002
LBFGS:   67 17:53:18  -174339.809310        1.720107
LBFGS:   68 17:53:18  -174340.205184        1.178469
LBFGS:   69 17:53:18  -174340.300672        0.930736
LBFGS:   70 17:53:18  -174340.529625        1.146757
LBFGS:   71 17:53:18  -174340.631764        0.962854
LBFGS:   72 17:53:19  -174340.800851        0.582736
LBFGS:   73 17:53:19  -174340.902078        0.483785
LBFGS:   74 17:53:19  -174340.975173        0.524645
LBFGS:   75 17:53:19  -174341.035791        0.501910
LBFGS:   76 17:53:19  -174341.106674        0.821125
LBFGS:   77 17:53:19  -174341.174669        0.712202
LBFGS:   78 17:53:19  -174341.273029        0.728959
LBFGS:   79 17:53:19  -174341.380527        0.609314
LBFGS:   80 17:53:19  -174341.458830        0.670478
LBFGS:   81 17:53:19  -174341.549125        0.526336
LBFGS:   82 17:53:19  -174341.618594        0.512806
LBFGS:   83 17:53:19  -174341.689127        0.643781
LBFGS:   84 17:53:19  -174341.773066        0.572052
LBFGS:   85 17:53:19  -174341.861858        0.560095
LBFGS:   86 17:53:19  -174341.959332        1.437783
LBFGS:   87 17:53:20  -174342.092896        0.843708
LBFGS:   88 17:53:20  -174342.243981        0.564830
LBFGS:   89 17:53:20  -174342.369198        0.849457
LBFGS:   90 17:53:20  -174342.482800        1.181561
LBFGS:   91 17:53:20  -174342.548229        0.823796
LBFGS:   92 17:53:20  -174342.653967        0.670597
LBFGS:   93 17:53:20  -174342.724803        0.502504
LBFGS:   94 17:53:20  -174342.829987        0.555033
LBFGS:   95 17:53:20  -174342.962536        0.707327
LBFGS:   96 17:53:20  -174343.109396        0.865651
LBFGS:   97 17:53:20  -174343.223669        0.865431
LBFGS:   98 17:53:20  -174343.311337        0.689075
LBFGS:   99 17:53:20  -174343.393903        0.776576
LBFGS:  100 17:53:20  -174343.468059        0.582839
LBFGS:  101 17:53:20  -174343.565504        0.568029
LBFGS:  102 17:53:20  -174343.630295        0.549131
LBFGS:  103 17:53:21  -174343.745472        0.632894
LBFGS:  104 17:53:21  -174343.844684        0.876356
LBFGS:  105 17:53:21  -174343.906584        1.532117
LBFGS:  106 17:53:21  -174344.009160        0.656153
LBFGS:  107 17:53:21  -174344.107379        1.020138
LBFGS:  108 17:53:21  -174344.232994        0.606805
LBFGS:  109 17:53:21  -174344.362069        0.762523
LBFGS:  110 17:53:21  -174344.456440        0.948763
LBFGS:  111 17:53:21  -174344.641917        0.766561
LBFGS:  112 17:53:21  -174344.757854        0.692791
LBFGS:  113 17:53:21  -174344.841453        0.611910
LBFGS:  114 17:53:21  -174344.842389        1.007343
LBFGS:  115 17:53:21  -174344.943945        0.910754
LBFGS:  116 17:53:21  -174345.009617        0.529561
LBFGS:  117 17:53:21  -174345.098677        0.436755
LBFGS:  118 17:53:22  -174345.229675        0.734895
LBFGS:  119 17:53:22  -174345.311562        0.732890
LBFGS:  120 17:53:22  -174345.453352        0.614739
LBFGS:  121 17:53:22  -174345.575965        0.491508
LBFGS:  122 17:53:22  -174345.654496        0.647237
LBFGS:  123 17:53:22  -174345.687721        0.653243
LBFGS:  124 17:53:22  -174345.762147        0.383923
LBFGS:  125 17:53:22  -174345.827218        0.399536
LBFGS:  126 17:53:22  -174345.916837        0.497892
LBFGS:  127 17:53:22  -174345.999257        0.398780
LBFGS:  128 17:53:22  -174346.077436        0.433709
LBFGS:  129 17:53:22  -174346.158459        0.442074
LBFGS:  130 17:53:22  -174346.237511        0.598993
LBFGS:  131 17:53:22  -174346.320510        0.605820
LBFGS:  132 17:53:22  -174346.431117        0.675200
LBFGS:  133 17:53:23  -174346.538802        0.559161
LBFGS:  134 17:53:23  -174346.639458        0.661377
LBFGS:  135 17:53:23  -174346.724438        0.667828
LBFGS:  136 17:53:23  -174346.816167        0.500922
LBFGS:  137 17:53:23  -174346.880247        0.376395
LBFGS:  138 17:53:23  -174346.935313        0.473151
LBFGS:  139 17:53:23  -174346.985316        0.429224
LBFGS:  140 17:53:23  -174347.060457        0.458983
LBFGS:  141 17:53:23  -174347.133577        0.495946
LBFGS:  142 17:53:23  -174347.213554        0.645736
LBFGS:  143 17:53:23  -174347.293075        0.691477
LBFGS:  144 17:53:23  -174347.376725        0.565815
LBFGS:  145 17:53:23  -174347.453662        0.528296
LBFGS:  146 17:53:23  -174347.545000        0.554328
LBFGS:  147 17:53:23  -174347.623923        0.563294
LBFGS:  148 17:53:24  -174347.717631        0.457459
LBFGS:  149 17:53:24  -174347.802710        0.583517
LBFGS:  150 17:53:24  -174347.881290        0.557722
LBFGS:  151 17:53:24  -174347.949326        0.707808
LBFGS:  152 17:53:24  -174348.038612        0.564636
LBFGS:  153 17:53:24  -174348.152046        0.606319
LBFGS:  154 17:53:24  -174348.258651        0.589806
LBFGS:  155 17:53:24  -174348.427682        0.639250
LBFGS:  156 17:53:24  -174348.572239        0.629334
LBFGS:  157 17:53:24  -174348.697741        0.512182
LBFGS:  158 17:53:24  -174348.746962        1.267545
LBFGS:  159 17:53:24  -174348.765397        1.461193
LBFGS:  160 17:53:24  -174348.898571        0.330804
LBFGS:  161 17:53:24  -174348.958246        0.308574
LBFGS:  162 17:53:25  -174349.067880        0.345910
LBFGS:  163 17:53:25  -174349.129350        0.377736
LBFGS:  164 17:53:25  -174349.214065        0.392197
LBFGS:  165 17:53:25  -174349.319371        0.499369
LBFGS:  166 17:53:25  -174349.414189        0.708519
LBFGS:  167 17:53:25  -174349.504960        0.644540
LBFGS:  168 17:53:25  -174349.594320        0.528514
LBFGS:  169 17:53:25  -174349.696854        0.419226
LBFGS:  170 17:53:25  -174349.772013        0.420322
LBFGS:  171 17:53:25  -174349.881684        0.534556
LBFGS:  172 17:53:25  -174349.981509        0.394421
LBFGS:  173 17:53:25  -174350.056838        0.479604
LBFGS:  174 17:53:25  -174350.109314        0.626616
LBFGS:  175 17:53:25  -174350.186816        0.433391
LBFGS:  176 17:53:25  -174350.278830        0.434497
LBFGS:  177 17:53:26  -174350.367826        0.395623
LBFGS:  178 17:53:26  -174350.454741        0.434096
LBFGS:  179 17:53:26  -174350.545884        0.538060
LBFGS:  180 17:53:26  -174350.640995        0.518450
LBFGS:  181 17:53:26  -174350.723381        0.397381
LBFGS:  182 17:53:26  -174350.798469        0.352876
LBFGS:  183 17:53:26  -174350.867953        0.542639
LBFGS:  184 17:53:26  -174350.931235        0.474340
LBFGS:  185 17:53:26  -174350.999618        0.397283
LBFGS:  186 17:53:26  -174351.092074        0.358223
LBFGS:  187 17:53:26  -174351.165184        0.497427
LBFGS:  188 17:53:26  -174351.255910        0.474466
LBFGS:  189 17:53:26  -174351.330429        0.353775
LBFGS:  190 17:53:26  -174351.396508        0.384860
LBFGS:  191 17:53:26  -174351.459169        0.374206
LBFGS:  192 17:53:26  -174351.516406        0.468428
LBFGS:  193 17:53:27  -174351.578788        0.342409
LBFGS:  194 17:53:27  -174351.634684        0.308505
LBFGS:  195 17:53:27  -174351.690316        0.371386
LBFGS:  196 17:53:27  -174351.749771        0.381821
LBFGS:  197 17:53:27  -174351.820178        0.452733
LBFGS:  198 17:53:27  -174351.888677        0.414607
LBFGS:  199 17:53:27  -174351.951372        0.392270
LBFGS:  200 17:53:27  -174352.000557        0.481187
       Step     Time          Energy          fmax
LBFGS:    0 17:53:38  -189140.563116      173.486038
LBFGS:    1 17:53:38  -189162.478043       19.648203
LBFGS:    2 17:53:38  -189180.185434       37.231566
LBFGS:    3 17:53:38  -189200.194668       15.800241
LBFGS:    4 17:53:38  -189220.633071        9.073941
LBFGS:    5 17:53:38  -189235.853800        9.325218
LBFGS:    6 17:53:38  -189249.055669       11.935239
LBFGS:    7 17:53:38  -189261.976457        7.614663
LBFGS:    8 17:53:38  -189272.973897        6.865646
LBFGS:    9 17:53:39  -189283.014184        7.235356
LBFGS:   10 17:53:39  -189292.385726        6.608635
LBFGS:   11 17:53:39  -189299.877575        5.932600
LBFGS:   12 17:53:39  -189305.574105        6.625194
LBFGS:   13 17:53:39  -189310.399151        5.242513
LBFGS:   14 17:53:39  -189314.315401        3.451520
LBFGS:   15 17:53:39  -189316.972563        3.711373
LBFGS:   16 17:53:39  -189318.644908        2.671699
LBFGS:   17 17:53:39  -189319.981308        4.188392
LBFGS:   18 17:53:39  -189321.136981        3.170586
LBFGS:   19 17:53:39  -189322.167375        2.565568
LBFGS:   20 17:53:39  -189323.415403        2.431204
LBFGS:   21 17:53:39  -189324.947281        3.439654
LBFGS:   22 17:53:39  -189326.132500        3.606762
LBFGS:   23 17:53:39  -189327.181552        3.847152
LBFGS:   24 17:53:40  -189328.451308        4.599793
LBFGS:   25 17:53:40  -189328.978510        4.596414
LBFGS:   26 17:53:40  -189329.401217        3.209606
LBFGS:   27 17:53:40  -189329.877115        2.535402
LBFGS:   28 17:53:40  -189330.637237        2.084819
LBFGS:   29 17:53:40  -189331.101599        2.288115
LBFGS:   30 17:53:40  -189331.606016        1.684970
LBFGS:   31 17:53:40  -189332.065577        1.637514
LBFGS:   32 17:53:40  -189332.369889        1.958816
LBFGS:   33 17:53:40  -189332.782095        2.005025
LBFGS:   34 17:53:40  -189333.113579        2.595673
LBFGS:   35 17:53:40  -189333.498019        2.050601
LBFGS:   36 17:53:40  -189333.761564        2.536332
LBFGS:   37 17:53:40  -189334.067633        2.625477
LBFGS:   38 17:53:40  -189334.258091        2.306455
LBFGS:   39 17:53:41  -189334.511110        1.129661
LBFGS:   40 17:53:41  -189334.760392        1.075088
LBFGS:   41 17:53:41  -189334.949050        1.219077
LBFGS:   42 17:53:41  -189335.181903        1.683013
LBFGS:   43 17:53:41  -189335.493597        1.420136
LBFGS:   44 17:53:41  -189335.705260        1.390937
LBFGS:   45 17:53:41  -189335.997521        0.979815
LBFGS:   46 17:53:41  -189336.228477        1.117966
LBFGS:   47 17:53:41  -189336.436567        2.132438
LBFGS:   48 17:53:41  -189336.522108        2.514010
LBFGS:   49 17:53:41  -189336.876784        1.193384
LBFGS:   50 17:53:41  -189337.073243        0.819150
LBFGS:   51 17:53:41  -189337.529621        1.304982
LBFGS:   52 17:53:41  -189337.687558        1.296917
LBFGS:   53 17:53:42  -189337.944406        1.217924
LBFGS:   54 17:53:42  -189338.157914        1.164794
LBFGS:   55 17:53:42  -189338.223021        1.379096
LBFGS:   56 17:53:42  -189338.438606        1.369050
LBFGS:   57 17:53:42  -189338.565239        1.361098
LBFGS:   58 17:53:42  -189338.821961        1.215481
LBFGS:   59 17:53:42  -189338.935587        0.961216
LBFGS:   60 17:53:42  -189339.164775        1.130102
LBFGS:   61 17:53:42  -189339.327310        1.137665
LBFGS:   62 17:53:42  -189339.559278        1.172105
LBFGS:   63 17:53:42  -189339.769302        1.402663
LBFGS:   64 17:53:42  -189339.703823        1.606304
LBFGS:   65 17:53:42  -189340.112458        0.873309
LBFGS:   66 17:53:42  -189340.243850        0.594375
LBFGS:   67 17:53:42  -189340.558281        1.131971
LBFGS:   68 17:53:43  -189340.685615        0.827530
LBFGS:   69 17:53:43  -189340.967656        1.025413
LBFGS:   70 17:53:43  -189341.144559        1.020308
LBFGS:   71 17:53:43  -189341.305436        1.018509
LBFGS:   72 17:53:43  -189341.455565        1.203575
LBFGS:   73 17:53:43  -189341.649707        1.029517
LBFGS:   74 17:53:43  -189341.859108        0.970745
LBFGS:   75 17:53:43  -189342.065409        1.176655
LBFGS:   76 17:53:43  -189342.236215        1.524611
LBFGS:   77 17:53:43  -189342.407370        1.578063
LBFGS:   78 17:53:43  -189342.581890        1.360002
LBFGS:   79 17:53:43  -189342.748738        1.017701
LBFGS:   80 17:53:43  -189342.910488        0.778628
LBFGS:   81 17:53:43  -189343.046815        0.819053
LBFGS:   82 17:53:43  -189343.218781        1.119323
LBFGS:   83 17:53:44  -189343.407853        1.191343
LBFGS:   84 17:53:44  -189343.550590        1.088722
LBFGS:   85 17:53:44  -189343.694284        0.804067
LBFGS:   86 17:53:44  -189343.782119        0.950219
LBFGS:   87 17:53:44  -189343.968251        0.934694
LBFGS:   88 17:53:44  -189344.135059        0.679803
LBFGS:   89 17:53:44  -189344.365657        0.847342
LBFGS:   90 17:53:44  -189344.522627        0.990594
LBFGS:   91 17:53:44  -189344.770635        0.955722
LBFGS:   92 17:53:44  -189344.992780        0.883163
LBFGS:   93 17:53:44  -189345.127729        1.052613
LBFGS:   94 17:53:44  -189345.247345        1.329885
LBFGS:   95 17:53:44  -189345.464494        0.820040
LBFGS:   96 17:53:44  -189345.670017        0.883843
LBFGS:   97 17:53:45  -189345.839521        0.861615
LBFGS:   98 17:53:45  -189346.030632        0.947500
LBFGS:   99 17:53:45  -189346.224745        0.595202
LBFGS:  100 17:53:45  -189346.390553        0.569092
LBFGS:  101 17:53:45  -189346.474135        1.098603
LBFGS:  102 17:53:45  -189346.642772        0.815249
LBFGS:  103 17:53:45  -189346.783604        0.567931
LBFGS:  104 17:53:45  -189347.000025        0.496058
LBFGS:  105 17:53:45  -189347.162110        0.670406
LBFGS:  106 17:53:45  -189347.343869        0.782786
LBFGS:  107 17:53:45  -189347.543178        0.712156
LBFGS:  108 17:53:45  -189347.716899        0.735274
LBFGS:  109 17:53:45  -189347.812974        0.717102
LBFGS:  110 17:53:46  -189347.981586        0.532951
LBFGS:  111 17:53:46  -189348.194060        0.470620
LBFGS:  112 17:53:46  -189348.395970        0.656260
LBFGS:  113 17:53:46  -189348.567231        0.599457
LBFGS:  114 17:53:46  -189348.712313        0.436025
LBFGS:  115 17:53:46  -189348.841534        0.507240
LBFGS:  116 17:53:46  -189348.958638        0.620730
LBFGS:  117 17:53:46  -189349.073466        0.502110
LBFGS:  118 17:53:46  -189349.220395        0.538335
LBFGS:  119 17:53:46  -189349.409825        0.577212
LBFGS:  120 17:53:46  -189349.561332        0.544925
LBFGS:  121 17:53:46  -189349.698144        0.567806
LBFGS:  122 17:53:46  -189349.844989        0.469326
LBFGS:  123 17:53:46  -189350.004750        0.487040
LBFGS:  124 17:53:46  -189350.170698        0.530654
LBFGS:  125 17:53:47  -189350.297524        0.569885
LBFGS:  126 17:53:47  -189350.453092        0.585210
LBFGS:  127 17:53:47  -189350.639826        0.514709
LBFGS:  128 17:53:47  -189350.829161        0.659613
LBFGS:  129 17:53:47  -189350.954192        0.626494
LBFGS:  130 17:53:47  -189351.090836        0.633870
LBFGS:  131 17:53:47  -189351.224634        0.487143
LBFGS:  132 17:53:47  -189351.373466        0.566410
LBFGS:  133 17:53:47  -189351.492458        0.581163
LBFGS:  134 17:53:47  -189351.615360        0.472949
LBFGS:  135 17:53:47  -189351.789553        0.641654
LBFGS:  136 17:53:47  -189351.973810        0.760854
LBFGS:  137 17:53:47  -189352.147409        0.933024
LBFGS:  138 17:53:47  -189352.301336        0.775364
LBFGS:  139 17:53:48  -189352.477442        0.631173
LBFGS:  140 17:53:48  -189352.636466        0.721522
LBFGS:  141 17:53:48  -189352.784630        0.676124
LBFGS:  142 17:53:48  -189352.917906        0.706443
LBFGS:  143 17:53:48  -189353.076081        0.813105
LBFGS:  144 17:53:48  -189353.258452        0.949949
LBFGS:  145 17:53:48  -189353.419218        0.841152
LBFGS:  146 17:53:48  -189353.601139        0.701563
LBFGS:  147 17:53:48  -189353.772513        0.672027
LBFGS:  148 17:53:48  -189353.959627        1.009580
LBFGS:  149 17:53:48  -189354.129625        0.940976
LBFGS:  150 17:53:48  -189354.319665        0.533427
LBFGS:  151 17:53:48  -189354.503353        0.561648
LBFGS:  152 17:53:48  -189354.648920        0.772796
LBFGS:  153 17:53:49  -189354.762537        0.833236
LBFGS:  154 17:53:49  -189354.883323        0.573954
LBFGS:  155 17:53:49  -189355.014625        0.487383
LBFGS:  156 17:53:49  -189355.147886        0.940790
LBFGS:  157 17:53:49  -189355.271065        0.921171
LBFGS:  158 17:53:49  -189355.443512        0.671177
LBFGS:  159 17:53:49  -189355.604055        0.535334
LBFGS:  160 17:53:49  -189355.706566        0.759391
LBFGS:  161 17:53:49  -189355.822541        0.636330
LBFGS:  162 17:53:49  -189355.917134        0.637159
LBFGS:  163 17:53:49  -189356.016607        0.646738
LBFGS:  164 17:53:49  -189356.135892        0.658459
LBFGS:  165 17:53:49  -189356.280222        0.458879
LBFGS:  166 17:53:49  -189356.358728        0.501374
LBFGS:  167 17:53:50  -189356.508303        0.526472
LBFGS:  168 17:53:50  -189356.636911        0.713308
LBFGS:  169 17:53:50  -189356.764005        0.646605
LBFGS:  170 17:53:50  -189356.886205        0.445810
LBFGS:  171 17:53:50  -189357.020364        0.533278
LBFGS:  172 17:53:50  -189357.149893        0.748694
LBFGS:  173 17:53:50  -189357.311335        0.627503
LBFGS:  174 17:53:50  -189357.487788        0.431352
LBFGS:  175 17:53:50  -189357.647899        0.546909
LBFGS:  176 17:53:50  -189357.751757        0.567091
LBFGS:  177 17:53:50  -189357.866387        0.767597
LBFGS:  178 17:53:51  -189357.997872        0.509057
LBFGS:  179 17:53:51  -189358.133768        0.352642
LBFGS:  180 17:53:51  -189358.229231        0.542358
LBFGS:  181 17:53:51  -189358.345879        0.649447
LBFGS:  182 17:53:51  -189358.465940        0.446514
LBFGS:  183 17:53:51  -189358.588977        0.383849
LBFGS:  184 17:53:51  -189358.699551        0.502045
LBFGS:  185 17:53:51  -189358.808687        0.597764
LBFGS:  186 17:53:51  -189358.906712        0.457482
LBFGS:  187 17:53:51  -189359.014587        0.475478
LBFGS:  188 17:53:51  -189359.126440        0.492473
LBFGS:  189 17:53:51  -189359.237406        0.579569
LBFGS:  190 17:53:51  -189359.331369        0.435398
LBFGS:  191 17:53:51  -189359.421433        0.377134
LBFGS:  192 17:53:52  -189359.510412        0.486510
LBFGS:  193 17:53:52  -189359.600189        0.575883
LBFGS:  194 17:53:52  -189359.680547        0.497430
LBFGS:  195 17:53:52  -189359.769832        0.579161
LBFGS:  196 17:53:52  -189359.854482        0.386963
LBFGS:  197 17:53:52  -189359.941189        0.515337
LBFGS:  198 17:53:52  -189360.034523        0.479863
LBFGS:  199 17:53:52  -189360.156248        0.441636
LBFGS:  200 17:53:52  -189360.275298        0.469799
       Step     Time          Energy          fmax
LBFGS:    0 17:57:42  -133105.663524        5.650190
LBFGS:    1 17:57:42  -133105.955429        2.733779
LBFGS:    2 17:57:42  -133106.098578        1.533131
LBFGS:    3 17:57:43  -133106.186803        1.381251
LBFGS:    4 17:57:43  -133106.231754        1.014869
LBFGS:    5 17:57:43  -133106.491803        1.649966
LBFGS:    6 17:57:43  -133106.762013        2.757056
LBFGS:    7 17:57:43  -133106.858991        4.439999
LBFGS:    8 17:57:43  -133107.060480        2.615321
LBFGS:    9 17:57:43  -133107.232755        0.856027
LBFGS:   10 17:57:43  -133107.275437        0.864958
LBFGS:   11 17:57:43  -133107.358379        1.707096
LBFGS:   12 17:57:43  -133107.468147        3.242278
LBFGS:   13 17:57:43  -133107.528465        3.590929
LBFGS:   14 17:57:43  -133107.571943        3.385769
LBFGS:   15 17:57:43  -133107.680514        3.112568
LBFGS:   16 17:57:43  -133107.855202        2.794929
LBFGS:   17 17:57:43  -133108.066342        1.950546
LBFGS:   18 17:57:43  -133108.140150        1.100224
LBFGS:   19 17:57:43  -133108.170371        0.960529
LBFGS:   20 17:57:43  -133108.247277        1.077992
LBFGS:   21 17:57:44  -133108.299496        1.468942
LBFGS:   22 17:57:44  -133108.394047        1.802545
LBFGS:   23 17:57:44  -133108.482890        1.314366
LBFGS:   24 17:57:44  -133108.567650        1.293571
LBFGS:   25 17:57:44  -133108.613326        1.084001
LBFGS:   26 17:57:44  -133108.666979        0.702052
LBFGS:   27 17:57:44  -133108.676558        0.816939
LBFGS:   28 17:57:44  -133108.686945        0.577265
LBFGS:   29 17:57:44  -133108.694563        0.374569
LBFGS:   30 17:57:44  -133108.704799        0.217245
LBFGS:   31 17:57:44  -133108.708440        0.229718
LBFGS:   32 17:57:44  -133108.710829        0.226068
LBFGS:   33 17:57:44  -133108.712835        0.224725
LBFGS:   34 17:57:44  -133108.717252        0.221777
LBFGS:   35 17:57:44  -133108.725202        0.272555
LBFGS:   36 17:57:44  -133108.736182        0.305130
LBFGS:   37 17:57:44  -133108.742588        0.199224
LBFGS:   38 17:57:44  -133108.745129        0.183324
LBFGS:   39 17:57:45  -133108.747050        0.177546
LBFGS:   40 17:57:45  -133108.748171        0.134199
LBFGS:   41 17:57:45  -133108.749059        0.105703
LBFGS:   42 17:57:45  -133108.750660        0.143930
LBFGS:   43 17:57:45  -133108.752723        0.178279
LBFGS:   44 17:57:45  -133108.758049        0.356853
LBFGS:   45 17:57:45  -133108.764851        0.302226
LBFGS:   46 17:57:45  -133108.772468        0.408733
LBFGS:   47 17:57:45  -133108.729515        1.750559
LBFGS:   48 17:57:45  -133108.777157        0.178684
LBFGS:   49 17:57:45  -133108.779390        0.083220
LBFGS:   50 17:57:45  -133108.754869        1.395617
LBFGS:   51 17:57:45  -133108.782419        0.049160
LBFGS:   52 17:57:45  -133108.784465        0.072912
LBFGS:   53 17:57:45  -133108.761394        1.445947
LBFGS:   54 17:57:45  -133108.786842        0.087776
LBFGS:   55 17:57:45  -133108.788370        0.137392
LBFGS:   56 17:57:45  -133108.782883        0.862263
LBFGS:   57 17:57:46  -133108.791166        0.228649
LBFGS:   58 17:57:46  -133108.792571        0.226253
LBFGS:   59 17:57:46  -133108.788733        0.938308
LBFGS:   60 17:57:46  -133108.795984        0.218510
LBFGS:   61 17:57:46  -133108.797887        0.246266
LBFGS:   62 17:57:46  -133108.779435        1.239332
LBFGS:   63 17:57:46  -133108.804690        0.228652
LBFGS:   64 17:57:46  -133108.809368        0.183092
LBFGS:   65 17:57:46  -133108.795047        1.314474
LBFGS:   66 17:57:46  -133108.819048        0.130148
LBFGS:   67 17:57:46  -133108.826122        0.163992
LBFGS:   68 17:57:46  -133108.800282        1.528810
LBFGS:   69 17:57:46  -133108.836499        0.166803
LBFGS:   70 17:57:46  -133108.843500        0.204325
LBFGS:   71 17:57:46  -133108.809395        1.570506
LBFGS:   72 17:57:46  -133108.854886        0.230064
LBFGS:   73 17:57:46  -133108.861890        0.255830
LBFGS:   74 17:57:47  -133108.829398        1.508195
LBFGS:   75 17:57:47  -133108.874898        0.240647
LBFGS:   76 17:57:47  -133108.882502        0.266493
LBFGS:   77 17:57:47  -133108.854564        1.525892
LBFGS:   78 17:57:47  -133108.898825        0.286892
LBFGS:   79 17:57:47  -133108.908660        0.297375
LBFGS:   80 17:57:47  -133108.889600        1.755448
LBFGS:   81 17:57:47  -133108.932026        0.253014
LBFGS:   82 17:57:47  -133108.945629        0.377547
LBFGS:   83 17:57:47  -133108.936966        1.676010
LBFGS:   84 17:57:47  -133108.979618        0.572110
LBFGS:   85 17:57:47  -133108.996537        0.509469
LBFGS:   86 17:57:47  -133109.003101        1.767641
LBFGS:   87 17:57:47  -133109.038191        0.258377
LBFGS:   88 17:57:47  -133109.053784        0.434125
LBFGS:   89 17:57:47  -133109.046135        1.565781
LBFGS:   90 17:57:47  -133109.082733        0.415652
LBFGS:   91 17:57:47  -133109.094384        0.411965
LBFGS:   92 17:57:48  -133109.106209        1.369150
LBFGS:   93 17:57:48  -133109.129692        0.255883
LBFGS:   94 17:57:48  -133109.144901        0.281165
LBFGS:   95 17:57:48  -133109.177169        0.775128
LBFGS:   96 17:57:48  -133109.207761        1.116197
LBFGS:   97 17:57:48  -133109.249089        0.524099
LBFGS:   98 17:57:48  -133109.264889        0.771889
LBFGS:   99 17:57:48  -133109.259071        1.349873
LBFGS:  100 17:57:48  -133109.281924        0.275529
LBFGS:  101 17:57:48  -133109.285002        0.340418
LBFGS:  102 17:57:48  -133109.288041        0.157259
LBFGS:  103 17:57:48  -133109.290102        0.078234
LBFGS:  104 17:57:48  -133109.291625        0.144215
LBFGS:  105 17:57:48  -133109.293653        0.136327
LBFGS:  106 17:57:48  -133109.296318        0.139415
LBFGS:  107 17:57:48  -133109.299041        0.145721
LBFGS:  108 17:57:48  -133109.301602        0.194161
LBFGS:  109 17:57:49  -133109.304328        0.222252
LBFGS:  110 17:57:49  -133109.308272        0.261008
LBFGS:  111 17:57:49  -133109.313884        0.285086
LBFGS:  112 17:57:49  -133109.324570        0.278852
LBFGS:  113 17:57:49  -133109.339964        0.403874
LBFGS:  114 17:57:49  -133109.355068        0.399230
LBFGS:  115 17:57:49  -133109.364750        0.781440
LBFGS:  116 17:57:49  -133109.371570        0.499298
LBFGS:  117 17:57:49  -133109.388146        0.271336
LBFGS:  118 17:57:49  -133109.393040        0.350324
LBFGS:  119 17:57:49  -133109.399018        0.405168
LBFGS:  120 17:57:49  -133109.406533        0.326461
LBFGS:  121 17:57:49  -133109.421331        0.438766
LBFGS:  122 17:57:49  -133109.426514        0.732765
LBFGS:  123 17:57:49  -133109.430305        0.500835
LBFGS:  124 17:57:49  -133109.437518        0.196546
LBFGS:  125 17:57:49  -133109.439814        0.126991
LBFGS:  126 17:57:50  -133109.442249        0.162848
LBFGS:  127 17:57:50  -133109.444891        0.166334
LBFGS:  128 17:57:50  -133109.450249        0.186388
LBFGS:  129 17:57:50  -133109.454819        0.191742
LBFGS:  130 17:57:50  -133109.459622        0.164650
LBFGS:  131 17:57:50  -133109.465500        0.184656
LBFGS:  132 17:57:50  -133109.472119        0.244307
LBFGS:  133 17:57:50  -133109.477987        0.292870
LBFGS:  134 17:57:50  -133109.481489        0.240883
LBFGS:  135 17:57:50  -133109.485770        0.217444
LBFGS:  136 17:57:50  -133109.490344        0.182008
LBFGS:  137 17:57:50  -133109.497163        0.164180
LBFGS:  138 17:57:50  -133109.502327        0.213663
LBFGS:  139 17:57:50  -133109.508278        0.272303
LBFGS:  140 17:57:50  -133109.513060        0.202766
LBFGS:  141 17:57:50  -133109.520965        0.229382
LBFGS:  142 17:57:50  -133109.528348        0.228940
LBFGS:  143 17:57:51  -133109.534200        0.357989
LBFGS:  144 17:57:51  -133109.538799        0.230253
LBFGS:  145 17:57:51  -133109.540308        0.209241
LBFGS:  146 17:57:51  -133109.542108        0.232708
LBFGS:  147 17:57:51  -133109.543818        0.128191
LBFGS:  148 17:57:51  -133109.545251        0.076806
LBFGS:  149 17:57:51  -133109.547617        0.157708
LBFGS:  150 17:57:51  -133109.551322        0.241209
LBFGS:  151 17:57:51  -133109.557354        0.320139
LBFGS:  152 17:57:51  -133109.567991        0.502318
LBFGS:  153 17:57:51  -133109.583566        0.641718
LBFGS:  154 17:57:51  -133109.614510        0.638659
LBFGS:  155 17:57:51  -133109.633365        0.715674
LBFGS:  156 17:57:51  -133109.593123        1.346916
LBFGS:  157 17:57:51  -133109.645543        0.516882
LBFGS:  158 17:57:51  -133109.633335        0.812217
LBFGS:  159 17:57:51  -133109.654023        0.280262
LBFGS:  160 17:57:51  -133109.656908        0.427970
LBFGS:  161 17:57:52  -133109.661436        0.210232
LBFGS:  162 17:57:52  -133109.670384        0.248073
LBFGS:  163 17:57:52  -133109.677011        0.285306
LBFGS:  164 17:57:52  -133109.681372        0.231741
LBFGS:  165 17:57:52  -133109.684508        0.222159
LBFGS:  166 17:57:52  -133109.687218        0.242786
LBFGS:  167 17:57:52  -133109.688040        0.385051
LBFGS:  168 17:57:52  -133109.692287        0.151427
LBFGS:  169 17:57:52  -133109.694610        0.127957
LBFGS:  170 17:57:52  -133109.697550        0.213423
LBFGS:  171 17:57:52  -133109.700375        0.224000
LBFGS:  172 17:57:52  -133109.705639        0.307899
LBFGS:  173 17:57:52  -133109.712760        0.291168
LBFGS:  174 17:57:52  -133109.721255        0.294210
LBFGS:  175 17:57:52  -133109.730201        0.288545
LBFGS:  176 17:57:52  -133109.738665        0.273087
LBFGS:  177 17:57:52  -133109.735935        0.483353
LBFGS:  178 17:57:53  -133109.744960        0.284791
LBFGS:  179 17:57:53  -133109.746269        0.240207
LBFGS:  180 17:57:53  -133109.748803        0.099163
LBFGS:  181 17:57:53  -133109.750182        0.102272
LBFGS:  182 17:57:53  -133109.751216        0.108912
LBFGS:  183 17:57:53  -133109.752031        0.082190
LBFGS:  184 17:57:53  -133109.752574        0.100725
LBFGS:  185 17:57:53  -133109.753625        0.109801
LBFGS:  186 17:57:53  -133109.756535        0.120341
LBFGS:  187 17:57:53  -133109.759216        0.192110
LBFGS:  188 17:57:53  -133109.761227        0.110628
LBFGS:  189 17:57:53  -133109.762674        0.087096
LBFGS:  190 17:57:53  -133109.763533        0.228102
LBFGS:  191 17:57:53  -133109.762090        0.294712
LBFGS:  192 17:57:53  -133109.765404        0.140502
LBFGS:  193 17:57:53  -133109.766386        0.116010
LBFGS:  194 17:57:53  -133109.768758        0.119891
LBFGS:  195 17:57:53  -133109.770712        0.294408
LBFGS:  196 17:57:53  -133109.773358        0.221952
LBFGS:  197 17:57:54  -133109.775257        0.121995
LBFGS:  198 17:57:54  -133109.777822        0.130085
LBFGS:  199 17:57:54  -133109.779734        0.199470
LBFGS:  200 17:57:54  -133109.780585        0.086719
       Step     Time          Energy          fmax
LBFGS:    0 17:58:02  -136820.457824      171.336488
LBFGS:    1 17:58:02  -136838.536937       13.543351
LBFGS:    2 17:58:03  -136839.921100       11.511326
LBFGS:    3 17:58:03  -136840.758138        4.331932
LBFGS:    4 17:58:03  -136841.984226        5.525981
LBFGS:    5 17:58:03  -136843.407842        5.965272
LBFGS:    6 17:58:03  -136844.384163        7.570343
LBFGS:    7 17:58:03  -136845.751226        8.316944
LBFGS:    8 17:58:03  -136846.924563        7.791669
LBFGS:    9 17:58:03  -136847.835469        6.274793
LBFGS:   10 17:58:03  -136848.600368        3.129607
LBFGS:   11 17:58:03  -136848.981531        3.966323
LBFGS:   12 17:58:03  -136849.492058        4.539636
LBFGS:   13 17:58:03  -136850.109372        4.253347
LBFGS:   14 17:58:03  -136850.866329        5.037258
LBFGS:   15 17:58:03  -136851.357727        2.256552
LBFGS:   16 17:58:03  -136851.915390        1.972300
LBFGS:   17 17:58:03  -136852.335465        2.119827
LBFGS:   18 17:58:03  -136852.631032        3.055434
LBFGS:   19 17:58:03  -136852.931627        3.684388
LBFGS:   20 17:58:04  -136853.317159        2.613694
LBFGS:   21 17:58:04  -136853.613744        3.043479
LBFGS:   22 17:58:04  -136853.759455        2.103305
LBFGS:   23 17:58:04  -136853.928233        2.490616
LBFGS:   24 17:58:04  -136854.034775        1.685077
LBFGS:   25 17:58:04  -136854.099671        1.651660
LBFGS:   26 17:58:04  -136854.245844        1.871635
LBFGS:   27 17:58:04  -136854.326097        1.943602
LBFGS:   28 17:58:04  -136854.434129        1.776688
LBFGS:   29 17:58:04  -136854.498945        1.725698
LBFGS:   30 17:58:04  -136854.586137        1.224551
LBFGS:   31 17:58:04  -136854.632376        0.966695
LBFGS:   32 17:58:04  -136854.659711        0.578267
LBFGS:   33 17:58:04  -136854.676404        0.334641
LBFGS:   34 17:58:04  -136854.687109        0.482855
LBFGS:   35 17:58:04  -136854.700176        0.449616
LBFGS:   36 17:58:04  -136854.716216        0.486253
LBFGS:   37 17:58:04  -136854.731086        0.335944
LBFGS:   38 17:58:04  -136854.740898        0.415189
LBFGS:   39 17:58:05  -136854.749648        0.570876
LBFGS:   40 17:58:05  -136854.760734        0.721856
LBFGS:   41 17:58:05  -136854.775705        0.758307
LBFGS:   42 17:58:05  -136854.790241        0.783203
LBFGS:   43 17:58:05  -136854.803407        0.611249
LBFGS:   44 17:58:05  -136854.815504        0.615773
LBFGS:   45 17:58:05  -136854.830415        0.534037
LBFGS:   46 17:58:05  -136854.843356        0.516124
LBFGS:   47 17:58:05  -136854.853985        0.326703
LBFGS:   48 17:58:05  -136854.860111        0.327687
LBFGS:   49 17:58:05  -136854.867864        0.313573
LBFGS:   50 17:58:05  -136854.877002        0.284407
LBFGS:   51 17:58:05  -136854.886085        0.266316
LBFGS:   52 17:58:05  -136854.894656        0.386665
LBFGS:   53 17:58:05  -136854.906036        0.426309
LBFGS:   54 17:58:05  -136854.922301        0.398564
LBFGS:   55 17:58:05  -136854.929215        0.529000
LBFGS:   56 17:58:05  -136854.935559        0.232243
LBFGS:   57 17:58:06  -136854.940151        0.157115
LBFGS:   58 17:58:06  -136854.944028        0.236656
LBFGS:   59 17:58:06  -136854.948401        0.248581
LBFGS:   60 17:58:06  -136854.953374        0.217123
LBFGS:   61 17:58:06  -136854.960384        0.274054
LBFGS:   62 17:58:06  -136854.970112        0.287224
LBFGS:   63 17:58:06  -136854.985502        0.288260
LBFGS:   64 17:58:06  -136854.882581        1.733479
LBFGS:   65 17:58:06  -136854.993048        0.240884
LBFGS:   66 17:58:06  -136854.997063        0.190724
LBFGS:   67 17:58:06  -136855.003478        0.201383
LBFGS:   68 17:58:06  -136855.007432        0.246902
LBFGS:   69 17:58:06  -136855.017597        0.276948
LBFGS:   70 17:58:06  -136855.030040        0.283189
LBFGS:   71 17:58:06  -136855.050165        0.295644
LBFGS:   72 17:58:06  -136854.923279        1.707370
LBFGS:   73 17:58:06  -136855.060474        0.269462
LBFGS:   74 17:58:06  -136855.067749        0.238385
LBFGS:   75 17:58:07  -136855.056648        1.041951
LBFGS:   76 17:58:07  -136855.088894        0.194663
LBFGS:   77 17:58:07  -136855.100395        0.129444
LBFGS:   78 17:58:07  -136855.054479        1.217300
LBFGS:   79 17:58:07  -136855.113471        0.135750
LBFGS:   80 17:58:07  -136855.121375        0.154468
LBFGS:   81 17:58:07  -136855.087830        1.191729
LBFGS:   82 17:58:07  -136855.136157        0.157940
LBFGS:   83 17:58:07  -136855.144138        0.171614
LBFGS:   84 17:58:07  -136855.119050        1.158121
LBFGS:   85 17:58:07  -136855.160773        0.210792
LBFGS:   86 17:58:07  -136855.169334        0.231843
LBFGS:   87 17:58:07  -136855.161961        1.143185
LBFGS:   88 17:58:07  -136855.193729        0.261650
LBFGS:   89 17:58:07  -136855.206024        0.269099
LBFGS:   90 17:58:07  -136855.231968        0.877864
LBFGS:   91 17:58:07  -136855.259805        0.316971
LBFGS:   92 17:58:07  -136855.295001        0.303898
LBFGS:   93 17:58:08  -136855.332075        0.912110
LBFGS:   94 17:58:08  -136855.359261        0.429850
LBFGS:   95 17:58:08  -136855.377294        0.542662
LBFGS:   96 17:58:08  -136855.387792        0.562370
LBFGS:   97 17:58:08  -136855.400062        0.571012
LBFGS:   98 17:58:08  -136855.415014        0.607331
LBFGS:   99 17:58:08  -136855.435826        0.500680
LBFGS:  100 17:58:08  -136855.474417        0.379809
LBFGS:  101 17:58:08  -136855.509120        1.057332
LBFGS:  102 17:58:08  -136855.493134        1.341603
LBFGS:  103 17:58:08  -136855.537470        0.372126
LBFGS:  104 17:58:08  -136855.546109        0.422038
LBFGS:  105 17:58:08  -136855.559369        0.646407
LBFGS:  106 17:58:08  -136855.571421        0.459754
LBFGS:  107 17:58:08  -136855.583452        0.426962
LBFGS:  108 17:58:08  -136855.599394        0.336264
LBFGS:  109 17:58:08  -136855.614280        0.636788
LBFGS:  110 17:58:08  -136855.631257        0.875156
LBFGS:  111 17:58:09  -136855.649959        0.379835
LBFGS:  112 17:58:09  -136855.673026        0.394593
LBFGS:  113 17:58:09  -136855.683288        0.329371
LBFGS:  114 17:58:09  -136855.687529        0.305647
LBFGS:  115 17:58:09  -136855.693144        0.260652
LBFGS:  116 17:58:09  -136855.698070        0.225083
LBFGS:  117 17:58:09  -136855.703621        0.201419
LBFGS:  118 17:58:09  -136855.711046        0.254291
LBFGS:  119 17:58:09  -136855.721186        0.318923
LBFGS:  120 17:58:09  -136855.733517        0.329986
LBFGS:  121 17:58:09  -136855.742923        0.384661
LBFGS:  122 17:58:09  -136855.749320        0.286020
LBFGS:  123 17:58:09  -136855.753483        0.269156
LBFGS:  124 17:58:09  -136855.759394        0.314059
LBFGS:  125 17:58:09  -136855.767139        0.209552
LBFGS:  126 17:58:09  -136855.783724        0.267086
LBFGS:  127 17:58:09  -136855.795777        0.291503
LBFGS:  128 17:58:10  -136855.816379        0.348983
LBFGS:  129 17:58:10  -136855.827314        0.259340
LBFGS:  130 17:58:10  -136855.836977        0.435245
LBFGS:  131 17:58:10  -136855.845774        0.396419
LBFGS:  132 17:58:10  -136855.863056        0.338425
LBFGS:  133 17:58:10  -136855.886526        0.627875
LBFGS:  134 17:58:10  -136855.906492        0.290936
LBFGS:  135 17:58:10  -136855.923971        0.302667
LBFGS:  136 17:58:10  -136855.936879        0.356576
LBFGS:  137 17:58:10  -136855.945325        0.359197
LBFGS:  138 17:58:10  -136855.951255        0.212595
LBFGS:  139 17:58:10  -136855.955549        0.228999
LBFGS:  140 17:58:10  -136855.963282        0.283661
LBFGS:  141 17:58:10  -136855.975352        0.291580
LBFGS:  142 17:58:10  -136855.987681        0.204907
LBFGS:  143 17:58:10  -136856.005233        0.290741
LBFGS:  144 17:58:10  -136856.016415        0.245139
LBFGS:  145 17:58:11  -136856.023191        0.351222
LBFGS:  146 17:58:11  -136856.029180        0.180796
LBFGS:  147 17:58:11  -136856.034402        0.185866
LBFGS:  148 17:58:11  -136856.042178        0.253112
LBFGS:  149 17:58:11  -136856.048063        0.227744
LBFGS:  150 17:58:11  -136856.058417        0.228325
LBFGS:  151 17:58:11  -136856.069397        0.252570
LBFGS:  152 17:58:11  -136856.080677        0.296663
LBFGS:  153 17:58:11  -136856.086414        0.484109
LBFGS:  154 17:58:11  -136856.101565        0.383657
LBFGS:  155 17:58:11  -136856.112449        0.410193
LBFGS:  156 17:58:11  -136856.129398        0.303903
LBFGS:  157 17:58:11  -136856.136112        0.240372
LBFGS:  158 17:58:11  -136856.149807        0.260656
LBFGS:  159 17:58:11  -136856.153583        0.371850
LBFGS:  160 17:58:11  -136856.163052        0.272219
LBFGS:  161 17:58:11  -136856.171782        0.170546
LBFGS:  162 17:58:11  -136856.180552        0.190151
LBFGS:  163 17:58:12  -136856.184176        0.415971
LBFGS:  164 17:58:12  -136856.190481        0.296073
LBFGS:  165 17:58:12  -136856.198299        0.204620
LBFGS:  166 17:58:12  -136856.206524        0.185094
LBFGS:  167 17:58:12  -136856.212781        0.162506
LBFGS:  168 17:58:12  -136856.222076        0.204664
LBFGS:  169 17:58:12  -136856.232338        0.235176
LBFGS:  170 17:58:12  -136856.242833        0.214596
LBFGS:  171 17:58:12  -136856.250212        0.400072
LBFGS:  172 17:58:12  -136856.248447        0.487875
LBFGS:  173 17:58:12  -136856.264598        0.433842
LBFGS:  174 17:58:12  -136856.271584        0.282228
LBFGS:  175 17:58:12  -136856.290780        0.316067
LBFGS:  176 17:58:12  -136856.296757        0.572416
LBFGS:  177 17:58:12  -136856.315700        0.309882
LBFGS:  178 17:58:12  -136856.326019        0.233973
LBFGS:  179 17:58:12  -136856.343298        0.340521
LBFGS:  180 17:58:13  -136856.351757        0.194861
LBFGS:  181 17:58:13  -136856.361486        0.230249
LBFGS:  182 17:58:13  -136856.369053        0.141856
LBFGS:  183 17:58:13  -136856.373570        0.198836
LBFGS:  184 17:58:13  -136856.376997        0.146122
LBFGS:  185 17:58:13  -136856.380434        0.133422
LBFGS:  186 17:58:13  -136856.383146        0.173200
LBFGS:  187 17:58:13  -136856.387231        0.260888
LBFGS:  188 17:58:13  -136856.393748        0.177333
LBFGS:  189 17:58:13  -136856.401564        0.156673
LBFGS:  190 17:58:13  -136856.407672        0.224739
LBFGS:  191 17:58:13  -136856.416475        0.258507
LBFGS:  192 17:58:13  -136856.428373        0.288234
LBFGS:  193 17:58:13  -136856.436766        0.317961
LBFGS:  194 17:58:13  -136856.443933        0.220757
LBFGS:  195 17:58:13  -136856.448974        0.150634
LBFGS:  196 17:58:13  -136856.451859        0.361213
LBFGS:  197 17:58:13  -136856.455688        0.160351
LBFGS:  198 17:58:14  -136856.458833        0.174958
LBFGS:  199 17:58:14  -136856.465057        0.124964
LBFGS:  200 17:58:14  -136856.468387        0.133483
       Step     Time          Energy          fmax
LBFGS:    0 17:58:21  -144288.127783      171.377039
LBFGS:    1 17:58:21  -144306.712005       13.585076
LBFGS:    2 17:58:21  -144310.358630       19.635446
LBFGS:    3 17:58:21  -144313.895308       10.011243
LBFGS:    4 17:58:21  -144317.307612       17.004132
LBFGS:    5 17:58:21  -144322.076283        8.086292
LBFGS:    6 17:58:21  -144325.289745        6.240780
LBFGS:    7 17:58:21  -144328.021702        4.387841
LBFGS:    8 17:58:21  -144330.173941        3.234132
LBFGS:    9 17:58:22  -144331.962711        6.013402
LBFGS:   10 17:58:22  -144333.630787        4.373114
LBFGS:   11 17:58:22  -144335.054505        5.615912
LBFGS:   12 17:58:22  -144336.331298        6.207180
LBFGS:   13 17:58:22  -144337.286894        5.659057
LBFGS:   14 17:58:22  -144338.156373        3.787515
LBFGS:   15 17:58:22  -144338.939452        2.929076
LBFGS:   16 17:58:22  -144339.707843        2.721302
LBFGS:   17 17:58:22  -144340.792457        2.817996
LBFGS:   18 17:58:22  -144341.296619        2.143516
LBFGS:   19 17:58:22  -144341.736090        4.216292
LBFGS:   20 17:58:22  -144342.099358        3.785905
LBFGS:   21 17:58:22  -144342.725631        2.574280
LBFGS:   22 17:58:22  -144343.110343        3.290399
LBFGS:   23 17:58:22  -144343.451333        2.524693
LBFGS:   24 17:58:22  -144343.779017        2.845508
LBFGS:   25 17:58:23  -144343.966869        1.896703
LBFGS:   26 17:58:23  -144344.115595        1.846665
LBFGS:   27 17:58:23  -144344.270969        1.359903
LBFGS:   28 17:58:23  -144344.340498        1.091539
LBFGS:   29 17:58:23  -144344.498677        1.760572
LBFGS:   30 17:58:23  -144344.581039        2.293598
LBFGS:   31 17:58:23  -144344.742150        2.396812
LBFGS:   32 17:58:23  -144344.845611        1.274456
LBFGS:   33 17:58:23  -144344.923335        0.964570
LBFGS:   34 17:58:23  -144345.030870        1.102769
LBFGS:   35 17:58:23  -144345.151085        1.187389
LBFGS:   36 17:58:23  -144345.277580        1.603825
LBFGS:   37 17:58:23  -144345.391977        1.181228
LBFGS:   38 17:58:23  -144345.556825        0.917855
LBFGS:   39 17:58:23  -144345.618017        0.804204
LBFGS:   40 17:58:23  -144345.774598        1.097921
LBFGS:   41 17:58:23  -144345.922207        1.591268
LBFGS:   42 17:58:24  -144346.083178        1.594608
LBFGS:   43 17:58:24  -144346.231422        1.234900
LBFGS:   44 17:58:24  -144346.367065        1.282363
LBFGS:   45 17:58:24  -144346.417877        1.433134
LBFGS:   46 17:58:24  -144346.449804        1.062807
LBFGS:   47 17:58:24  -144346.518496        0.532904
LBFGS:   48 17:58:24  -144346.573899        1.185303
LBFGS:   49 17:58:24  -144346.634106        1.063236
LBFGS:   50 17:58:24  -144346.717860        1.363353
LBFGS:   51 17:58:24  -144346.772786        0.698530
LBFGS:   52 17:58:24  -144346.864178        0.869144
LBFGS:   53 17:58:24  -144346.931714        0.935121
LBFGS:   54 17:58:24  -144347.044297        1.184660
LBFGS:   55 17:58:24  -144347.151997        1.260243
LBFGS:   56 17:58:24  -144347.149063        2.111057
LBFGS:   57 17:58:24  -144347.134378        3.930141
LBFGS:   58 17:58:24  -144347.324766        0.668212
LBFGS:   59 17:58:25  -144347.387541        0.787413
LBFGS:   60 17:58:25  -144347.435158        1.657724
LBFGS:   61 17:58:25  -144347.497737        0.933587
LBFGS:   62 17:58:25  -144347.567679        0.705877
LBFGS:   63 17:58:25  -144347.655211        0.926616
LBFGS:   64 17:58:25  -144347.718806        1.357392
LBFGS:   65 17:58:25  -144347.803162        1.813675
LBFGS:   66 17:58:25  -144347.880934        1.409340
LBFGS:   67 17:58:25  -144347.931814        1.120970
LBFGS:   68 17:58:25  -144347.983150        1.115411
LBFGS:   69 17:58:25  -144348.058224        0.585508
LBFGS:   70 17:58:25  -144348.089016        0.593445
LBFGS:   71 17:58:25  -144348.122349        0.519401
LBFGS:   72 17:58:25  -144348.163836        0.555033
LBFGS:   73 17:58:25  -144348.202950        0.627219
LBFGS:   74 17:58:25  -144348.236873        0.502655
LBFGS:   75 17:58:26  -144348.255609        0.357160
LBFGS:   76 17:58:26  -144348.266082        0.533027
LBFGS:   77 17:58:26  -144348.274713        0.294704
LBFGS:   78 17:58:26  -144348.283754        0.243230
LBFGS:   79 17:58:26  -144348.291446        0.204873
LBFGS:   80 17:58:26  -144348.298742        0.231614
LBFGS:   81 17:58:26  -144348.308475        0.208919
LBFGS:   82 17:58:26  -144348.320561        0.311892
LBFGS:   83 17:58:26  -144348.335536        0.382505
LBFGS:   84 17:58:26  -144348.353027        0.368900
LBFGS:   85 17:58:26  -144348.375724        0.326498
LBFGS:   86 17:58:26  -144348.401286        0.428613
LBFGS:   87 17:58:26  -144348.431538        0.471666
LBFGS:   88 17:58:26  -144348.459962        0.486341
LBFGS:   89 17:58:26  -144348.478243        0.402057
LBFGS:   90 17:58:26  -144348.497017        0.519435
LBFGS:   91 17:58:26  -144348.517162        0.295683
LBFGS:   92 17:58:27  -144348.547425        0.293428
LBFGS:   93 17:58:27  -144348.567419        0.404098
LBFGS:   94 17:58:27  -144348.588527        0.354711
LBFGS:   95 17:58:27  -144348.603258        0.399767
LBFGS:   96 17:58:27  -144348.620906        0.441520
LBFGS:   97 17:58:27  -144348.624737        0.631516
LBFGS:   98 17:58:27  -144348.651669        0.365886
LBFGS:   99 17:58:27  -144348.668281        0.238703
LBFGS:  100 17:58:27  -144348.698013        0.362429
LBFGS:  101 17:58:27  -144348.720281        0.547127
LBFGS:  102 17:58:27  -144348.749449        0.637577
LBFGS:  103 17:58:27  -144348.776440        0.426808
LBFGS:  104 17:58:27  -144348.778837        0.844531
LBFGS:  105 17:58:27  -144348.807762        0.337544
LBFGS:  106 17:58:27  -144348.824969        0.285198
LBFGS:  107 17:58:27  -144348.881407        0.482450
LBFGS:  108 17:58:27  -144348.900818        0.376511
LBFGS:  109 17:58:28  -144348.916669        0.260645
LBFGS:  110 17:58:28  -144348.929001        0.304553
LBFGS:  111 17:58:28  -144348.944518        0.546130
LBFGS:  112 17:58:28  -144348.968721        0.523481
LBFGS:  113 17:58:28  -144349.001983        0.276817
LBFGS:  114 17:58:28  -144349.023022        0.252255
LBFGS:  115 17:58:28  -144349.043814        0.381196
LBFGS:  116 17:58:28  -144349.067675        0.473471
LBFGS:  117 17:58:28  -144349.092266        0.464806
LBFGS:  118 17:58:28  -144349.120859        0.327627
LBFGS:  119 17:58:28  -144349.146543        0.353136
LBFGS:  120 17:58:28  -144349.175569        0.351908
LBFGS:  121 17:58:28  -144349.193040        0.471404
LBFGS:  122 17:58:28  -144349.218521        0.313265
LBFGS:  123 17:58:28  -144349.238578        0.254162
LBFGS:  124 17:58:28  -144349.261601        0.338988
LBFGS:  125 17:58:29  -144349.280426        0.310681
LBFGS:  126 17:58:29  -144349.301039        0.250234
LBFGS:  127 17:58:29  -144349.316230        0.316852
LBFGS:  128 17:58:29  -144349.324777        0.415078
LBFGS:  129 17:58:29  -144349.339116        0.244425
LBFGS:  130 17:58:29  -144349.353267        0.190802
LBFGS:  131 17:58:29  -144349.373817        0.309041
LBFGS:  132 17:58:29  -144349.398124        0.363813
LBFGS:  133 17:58:29  -144349.420743        0.333156
LBFGS:  134 17:58:29  -144349.445652        0.275257
LBFGS:  135 17:58:29  -144349.477805        0.323365
LBFGS:  136 17:58:29  -144349.501930        0.348364
LBFGS:  137 17:58:29  -144349.501949        1.165691
LBFGS:  138 17:58:29  -144349.534848        0.429088
LBFGS:  139 17:58:29  -144349.552190        0.244057
LBFGS:  140 17:58:29  -144349.573154        0.280926
LBFGS:  141 17:58:30  -144349.602840        0.663542
LBFGS:  142 17:58:30  -144349.619125        0.330633
LBFGS:  143 17:58:30  -144349.637662        0.234665
LBFGS:  144 17:58:30  -144349.649298        0.242877
LBFGS:  145 17:58:30  -144349.659683        0.203171
LBFGS:  146 17:58:30  -144349.672731        0.258356
LBFGS:  147 17:58:30  -144349.684602        0.296790
LBFGS:  148 17:58:30  -144349.695512        0.249861
LBFGS:  149 17:58:30  -144349.703324        0.232575
LBFGS:  150 17:58:30  -144349.711574        0.294185
LBFGS:  151 17:58:30  -144349.719684        0.226810
LBFGS:  152 17:58:30  -144349.733153        0.167580
LBFGS:  153 17:58:30  -144349.740846        0.228366
LBFGS:  154 17:58:30  -144349.755400        0.253186
LBFGS:  155 17:58:30  -144349.766926        0.313969
LBFGS:  156 17:58:30  -144349.779825        0.216384
LBFGS:  157 17:58:30  -144349.792808        0.228905
LBFGS:  158 17:58:31  -144349.805446        0.165935
LBFGS:  159 17:58:31  -144349.816134        0.201184
LBFGS:  160 17:58:31  -144349.826204        0.182428
LBFGS:  161 17:58:31  -144349.835331        0.290178
LBFGS:  162 17:58:31  -144349.846946        0.184312
LBFGS:  163 17:58:31  -144349.855892        0.178161
LBFGS:  164 17:58:31  -144349.863983        0.161168
LBFGS:  165 17:58:31  -144349.870995        0.151814
LBFGS:  166 17:58:31  -144349.882228        0.161432
LBFGS:  167 17:58:31  -144349.892119        0.201047
LBFGS:  168 17:58:31  -144349.904058        0.194464
LBFGS:  169 17:58:31  -144349.918020        0.238498
LBFGS:  170 17:58:31  -144349.933233        0.326366
LBFGS:  171 17:58:31  -144349.949440        0.382358
LBFGS:  172 17:58:31  -144349.968893        0.252341
LBFGS:  173 17:58:31  -144349.989271        0.245220
LBFGS:  174 17:58:31  -144349.999368        0.234003
LBFGS:  175 17:58:32  -144350.011476        0.213068
LBFGS:  176 17:58:32  -144350.021672        0.377004
LBFGS:  177 17:58:32  -144350.027937        0.348016
LBFGS:  178 17:58:32  -144350.035387        0.151654
LBFGS:  179 17:58:32  -144350.042263        0.209393
LBFGS:  180 17:58:32  -144350.051587        0.205585
LBFGS:  181 17:58:32  -144350.063811        0.280855
LBFGS:  182 17:58:32  -144350.074536        0.228626
LBFGS:  183 17:58:32  -144350.084139        0.213509
LBFGS:  184 17:58:32  -144350.095004        0.302604
LBFGS:  185 17:58:32  -144350.108035        0.273983
LBFGS:  186 17:58:32  -144350.122987        0.310960
LBFGS:  187 17:58:32  -144350.132997        0.180472
LBFGS:  188 17:58:32  -144350.140378        0.261165
LBFGS:  189 17:58:32  -144350.148506        0.283455
LBFGS:  190 17:58:32  -144350.156863        0.216920
LBFGS:  191 17:58:33  -144350.164689        0.194070
LBFGS:  192 17:58:33  -144350.172340        0.151523
LBFGS:  193 17:58:33  -144350.181726        0.200701
LBFGS:  194 17:58:33  -144350.190216        0.170298
LBFGS:  195 17:58:33  -144350.196826        0.154171
LBFGS:  196 17:58:33  -144350.203458        0.125709
LBFGS:  197 17:58:33  -144350.210296        0.161156
LBFGS:  198 17:58:33  -144350.218462        0.217191
LBFGS:  199 17:58:33  -144350.226590        0.187318
LBFGS:  200 17:58:33  -144350.234439        0.186609
       Step     Time          Energy          fmax
LBFGS:    0 17:58:42  -159247.120843      172.348060
LBFGS:    1 17:58:42  -159267.362729       19.691804
LBFGS:    2 17:58:42  -159273.500100       37.617256
LBFGS:    3 17:58:42  -159283.208069       19.202183
LBFGS:    4 17:58:42  -159293.364419        9.190955
LBFGS:    5 17:58:42  -159301.001409       12.406782
LBFGS:    6 17:58:42  -159309.000206        7.948312
LBFGS:    7 17:58:42  -159313.658247        6.644063
LBFGS:    8 17:58:42  -159318.886456        4.697775
LBFGS:    9 17:58:42  -159322.495248        5.323753
LBFGS:   10 17:58:42  -159324.552423        4.161495
LBFGS:   11 17:58:42  -159327.235873        5.029755
LBFGS:   12 17:58:42  -159329.579656        5.468623
LBFGS:   13 17:58:42  -159331.288283        5.926614
LBFGS:   14 17:58:43  -159332.486456        4.669387
LBFGS:   15 17:58:43  -159333.760742        3.850502
LBFGS:   16 17:58:43  -159334.959904        3.048243
LBFGS:   17 17:58:43  -159336.003363        3.013140
LBFGS:   18 17:58:43  -159336.479227        2.935827
LBFGS:   19 17:58:43  -159337.137794        2.794636
LBFGS:   20 17:58:43  -159337.656732        3.023321
LBFGS:   21 17:58:43  -159337.878849        4.761736
LBFGS:   22 17:58:43  -159338.368663        2.227558
LBFGS:   23 17:58:43  -159338.721769        1.210183
LBFGS:   24 17:58:43  -159338.896501        2.536680
LBFGS:   25 17:58:43  -159339.102481        3.105668
LBFGS:   26 17:58:43  -159339.409114        2.755583
LBFGS:   27 17:58:43  -159339.588459        1.526156
LBFGS:   28 17:58:43  -159339.813517        1.424713
LBFGS:   29 17:58:43  -159339.986596        1.380962
LBFGS:   30 17:58:44  -159340.270387        1.347482
LBFGS:   31 17:58:44  -159340.545774        2.053713
LBFGS:   32 17:58:44  -159340.823272        1.589674
LBFGS:   33 17:58:44  -159341.067474        1.435786
LBFGS:   34 17:58:44  -159341.139038        1.498484
LBFGS:   35 17:58:44  -159341.266928        1.574914
LBFGS:   36 17:58:44  -159341.386358        1.690808
LBFGS:   37 17:58:44  -159341.509407        1.671220
LBFGS:   38 17:58:44  -159341.613377        1.374636
LBFGS:   39 17:58:44  -159341.755621        1.123385
LBFGS:   40 17:58:44  -159341.899100        0.899756
LBFGS:   41 17:58:44  -159342.030883        1.134690
LBFGS:   42 17:58:44  -159342.163496        1.440829
LBFGS:   43 17:58:44  -159342.279291        1.736736
LBFGS:   44 17:58:44  -159342.459581        1.272129
LBFGS:   45 17:58:44  -159342.578318        0.826593
LBFGS:   46 17:58:45  -159342.659847        1.198466
LBFGS:   47 17:58:45  -159342.731438        1.201392
LBFGS:   48 17:58:45  -159342.792680        1.021136
LBFGS:   49 17:58:45  -159342.895411        0.590373
LBFGS:   50 17:58:45  -159342.970228        0.778179
LBFGS:   51 17:58:45  -159343.049876        0.736190
LBFGS:   52 17:58:45  -159343.123318        0.807376
LBFGS:   53 17:58:45  -159343.211605        0.817448
LBFGS:   54 17:58:45  -159343.285729        0.898779
LBFGS:   55 17:58:45  -159343.387108        0.931234
LBFGS:   56 17:58:45  -159343.481421        0.950671
LBFGS:   57 17:58:45  -159343.641235        1.057804
LBFGS:   58 17:58:45  -159343.766279        1.088878
LBFGS:   59 17:58:45  -159343.900665        1.390910
LBFGS:   60 17:58:45  -159343.725380        2.894259
LBFGS:   61 17:58:45  -159344.137484        1.658520
LBFGS:   62 17:58:46  -159344.240926        1.428029
LBFGS:   63 17:58:46  -159344.393555        1.267138
LBFGS:   64 17:58:46  -159344.471287        1.083083
LBFGS:   65 17:58:46  -159344.537916        0.662639
LBFGS:   66 17:58:46  -159344.604091        0.639416
LBFGS:   67 17:58:46  -159344.669787        0.699409
LBFGS:   68 17:58:46  -159344.742281        0.782116
LBFGS:   69 17:58:46  -159344.817328        0.728453
LBFGS:   70 17:58:46  -159344.911371        1.032711
LBFGS:   71 17:58:46  -159345.004732        1.410871
LBFGS:   72 17:58:46  -159345.090100        1.912530
LBFGS:   73 17:58:46  -159345.125144        1.819238
LBFGS:   74 17:58:46  -159345.182470        1.951189
LBFGS:   75 17:58:46  -159345.244701        1.396423
LBFGS:   76 17:58:46  -159345.315256        0.750990
LBFGS:   77 17:58:46  -159345.370571        0.596293
LBFGS:   78 17:58:47  -159345.414716        0.397287
LBFGS:   79 17:58:47  -159345.458929        0.477987
LBFGS:   80 17:58:47  -159345.489841        0.503241
LBFGS:   81 17:58:47  -159345.524757        0.512473
LBFGS:   82 17:58:47  -159345.569313        0.536182
LBFGS:   83 17:58:47  -159345.617068        0.502982
LBFGS:   84 17:58:47  -159345.652621        0.695980
LBFGS:   85 17:58:47  -159345.690734        0.816844
LBFGS:   86 17:58:47  -159345.732965        0.859497
LBFGS:   87 17:58:47  -159345.793747        0.840186
LBFGS:   88 17:58:47  -159345.836982        0.714823
LBFGS:   89 17:58:47  -159345.907009        0.748246
LBFGS:   90 17:58:47  -159345.981940        0.737803
LBFGS:   91 17:58:47  -159345.957144        1.661389
LBFGS:   92 17:58:47  -159346.104504        0.556464
LBFGS:   93 17:58:47  -159346.141178        0.384507
LBFGS:   94 17:58:48  -159346.178137        0.513883
LBFGS:   95 17:58:48  -159346.192724        0.300240
LBFGS:   96 17:58:48  -159346.217744        0.411292
LBFGS:   97 17:58:48  -159346.247620        0.418894
LBFGS:   98 17:58:48  -159346.277982        0.456799
LBFGS:   99 17:58:48  -159346.305424        0.546540
LBFGS:  100 17:58:48  -159346.341208        0.661771
LBFGS:  101 17:58:48  -159346.385811        0.749366
LBFGS:  102 17:58:48  -159346.427379        0.608968
LBFGS:  103 17:58:48  -159346.460456        0.771308
LBFGS:  104 17:58:48  -159346.525221        0.349486
LBFGS:  105 17:58:48  -159346.577656        0.373833
LBFGS:  106 17:58:48  -159346.636663        0.490559
LBFGS:  107 17:58:48  -159346.676484        0.453365
LBFGS:  108 17:58:48  -159346.721638        0.403856
LBFGS:  109 17:58:49  -159346.750369        0.338827
LBFGS:  110 17:58:49  -159346.773538        0.491795
LBFGS:  111 17:58:49  -159346.800245        0.497337
LBFGS:  112 17:58:49  -159346.843088        0.439094
LBFGS:  113 17:58:49  -159346.880868        0.349215
LBFGS:  114 17:58:49  -159346.907410        0.382226
LBFGS:  115 17:58:49  -159346.939020        0.483775
LBFGS:  116 17:58:49  -159346.976922        0.424436
LBFGS:  117 17:58:49  -159347.012940        0.430721
LBFGS:  118 17:58:49  -159347.048732        0.337558
LBFGS:  119 17:58:49  -159347.082508        0.429308
LBFGS:  120 17:58:49  -159347.128722        0.415546
LBFGS:  121 17:58:49  -159347.166425        0.523641
LBFGS:  122 17:58:49  -159347.201695        0.449292
LBFGS:  123 17:58:49  -159347.228481        0.408115
LBFGS:  124 17:58:49  -159347.252675        0.663486
LBFGS:  125 17:58:50  -159347.286493        0.415046
LBFGS:  126 17:58:50  -159347.329720        0.434302
LBFGS:  127 17:58:50  -159347.385602        0.459189
LBFGS:  128 17:58:50  -159347.429162        0.473867
LBFGS:  129 17:58:50  -159347.485202        0.489528
LBFGS:  130 17:58:50  -159347.522107        0.584763
LBFGS:  131 17:58:50  -159347.573312        0.339356
LBFGS:  132 17:58:50  -159347.615075        0.436957
LBFGS:  133 17:58:50  -159347.660338        0.575390
LBFGS:  134 17:58:50  -159347.705376        0.430309
LBFGS:  135 17:58:50  -159347.742311        0.422799
LBFGS:  136 17:58:50  -159347.770056        0.390755
LBFGS:  137 17:58:50  -159347.784774        0.739163
LBFGS:  138 17:58:50  -159347.817309        0.324287
LBFGS:  139 17:58:50  -159347.842722        0.335220
LBFGS:  140 17:58:51  -159347.877042        0.581888
LBFGS:  141 17:58:51  -159347.907433        0.555897
LBFGS:  142 17:58:51  -159347.965875        0.508660
LBFGS:  143 17:58:51  -159348.019350        0.553846
LBFGS:  144 17:58:51  -159348.040874        0.895865
LBFGS:  145 17:58:51  -159348.107735        0.611174
LBFGS:  146 17:58:51  -159348.154061        0.389091
LBFGS:  147 17:58:51  -159348.230086        0.662338
LBFGS:  148 17:58:51  -159348.272394        0.723388
LBFGS:  149 17:58:51  -159348.363028        0.585737
LBFGS:  150 17:58:51  -159348.450262        0.418894
LBFGS:  151 17:58:51  -159348.488876        0.403201
LBFGS:  152 17:58:51  -159348.530646        0.560912
LBFGS:  153 17:58:51  -159348.591569        0.474726
LBFGS:  154 17:58:51  -159348.623316        0.319170
LBFGS:  155 17:58:51  -159348.651277        0.284878
LBFGS:  156 17:58:52  -159348.679741        0.277414
LBFGS:  157 17:58:52  -159348.709997        0.395212
LBFGS:  158 17:58:52  -159348.745297        0.377228
LBFGS:  159 17:58:52  -159348.791426        0.541127
LBFGS:  160 17:58:52  -159348.851916        0.433614
LBFGS:  161 17:58:52  -159348.922023        0.431004
LBFGS:  162 17:58:52  -159348.970000        0.357207
LBFGS:  163 17:58:52  -159349.000821        0.314499
LBFGS:  164 17:58:52  -159349.031127        0.310860
LBFGS:  165 17:58:52  -159349.064728        0.258828
LBFGS:  166 17:58:52  -159349.091904        0.278063
LBFGS:  167 17:58:52  -159349.107322        0.333606
LBFGS:  168 17:58:52  -159349.126707        0.270352
LBFGS:  169 17:58:52  -159349.157015        0.244859
LBFGS:  170 17:58:52  -159349.183239        0.291419
LBFGS:  171 17:58:53  -159349.210713        0.291572
LBFGS:  172 17:58:53  -159349.241475        0.349852
LBFGS:  173 17:58:53  -159349.275387        0.394525
LBFGS:  174 17:58:53  -159349.310965        0.555001
LBFGS:  175 17:58:53  -159349.331087        0.781985
LBFGS:  176 17:58:53  -159349.377441        0.383393
LBFGS:  177 17:58:53  -159349.416499        0.299136
LBFGS:  178 17:58:53  -159349.460426        0.299241
LBFGS:  179 17:58:53  -159349.497259        0.300024
LBFGS:  180 17:58:53  -159349.521681        0.527134
LBFGS:  181 17:58:53  -159349.540344        0.582541
LBFGS:  182 17:58:53  -159349.562839        0.385820
LBFGS:  183 17:58:53  -159349.586921        0.352757
LBFGS:  184 17:58:53  -159349.616397        0.497442
LBFGS:  185 17:58:53  -159349.654163        0.513310
LBFGS:  186 17:58:53  -159349.699349        0.532381
LBFGS:  187 17:58:54  -159349.747317        0.384963
LBFGS:  188 17:58:54  -159349.781914        0.456306
LBFGS:  189 17:58:54  -159349.783281        0.818055
LBFGS:  190 17:58:54  -159349.823779        0.368753
LBFGS:  191 17:58:54  -159349.842891        0.225721
LBFGS:  192 17:58:54  -159349.875600        0.282708
LBFGS:  193 17:58:54  -159349.909602        0.290684
LBFGS:  194 17:58:54  -159349.940799        0.282780
LBFGS:  195 17:58:54  -159349.974012        0.295063
LBFGS:  196 17:58:54  -159350.005536        0.345100
LBFGS:  197 17:58:54  -159350.032610        0.370126
LBFGS:  198 17:58:54  -159350.062559        0.343384
LBFGS:  199 17:58:54  -159350.096153        0.250045
LBFGS:  200 17:58:54  -159350.128311        0.294337
       Step     Time          Energy          fmax
LBFGS:    0 17:59:04  -174191.326377      172.644086
LBFGS:    1 17:59:04  -174212.532666       19.734792
LBFGS:    2 17:59:04  -174224.618504       37.363079
LBFGS:    3 17:59:04  -174240.621094       18.388665
LBFGS:    4 17:59:04  -174256.292543        9.694654
LBFGS:    5 17:59:04  -174267.044385       11.488117
LBFGS:    6 17:59:05  -174279.690695        9.074686
LBFGS:    7 17:59:05  -174288.697377        7.960043
LBFGS:    8 17:59:05  -174296.064298        6.816730
LBFGS:    9 17:59:05  -174303.201950        5.410438
LBFGS:   10 17:59:05  -174308.919872        5.215378
LBFGS:   11 17:59:05  -174313.071440        5.681696
LBFGS:   12 17:59:05  -174317.020076        4.872267
LBFGS:   13 17:59:05  -174320.404808        5.007488
LBFGS:   14 17:59:05  -174322.434756        4.515257
LBFGS:   15 17:59:05  -174323.800964        4.141987
LBFGS:   16 17:59:05  -174325.043223        3.994609
LBFGS:   17 17:59:05  -174326.381942        2.482047
LBFGS:   18 17:59:05  -174327.585081        3.450353
LBFGS:   19 17:59:05  -174328.425242        3.819121
LBFGS:   20 17:59:05  -174329.669642        4.342813
LBFGS:   21 17:59:05  -174330.421116        4.444838
LBFGS:   22 17:59:05  -174331.169023        2.602535
LBFGS:   23 17:59:06  -174331.553549        1.851287
LBFGS:   24 17:59:06  -174332.004041        2.246582
LBFGS:   25 17:59:06  -174332.364775        2.449713
LBFGS:   26 17:59:06  -174332.718860        3.423375
LBFGS:   27 17:59:06  -174332.954580        3.521084
LBFGS:   28 17:59:06  -174333.195331        2.733773
LBFGS:   29 17:59:06  -174333.423876        2.596485
LBFGS:   30 17:59:06  -174333.820728        1.873338
LBFGS:   31 17:59:06  -174334.188119        1.875792
LBFGS:   32 17:59:06  -174334.590784        1.474676
LBFGS:   33 17:59:06  -174334.879980        1.288360
LBFGS:   34 17:59:06  -174335.131433        1.115398
LBFGS:   35 17:59:06  -174335.279867        2.001094
LBFGS:   36 17:59:06  -174335.445333        1.302146
LBFGS:   37 17:59:06  -174335.582230        1.242688
LBFGS:   38 17:59:06  -174335.737477        1.241291
LBFGS:   39 17:59:06  -174335.892517        1.100336
LBFGS:   40 17:59:06  -174336.052945        0.928839
LBFGS:   41 17:59:07  -174336.211023        1.678492
LBFGS:   42 17:59:07  -174336.460509        1.255498
LBFGS:   43 17:59:07  -174336.737158        1.180673
LBFGS:   44 17:59:07  -174337.008208        1.954632
LBFGS:   45 17:59:07  -174337.103519        2.496815
LBFGS:   46 17:59:07  -174337.309713        1.329383
LBFGS:   47 17:59:07  -174337.486914        1.265779
LBFGS:   48 17:59:07  -174337.611241        1.287705
LBFGS:   49 17:59:07  -174337.717513        1.219860
LBFGS:   50 17:59:07  -174337.828590        1.030461
LBFGS:   51 17:59:07  -174337.976680        1.357315
LBFGS:   52 17:59:07  -174338.059088        1.254882
LBFGS:   53 17:59:07  -174338.184004        0.886594
LBFGS:   54 17:59:07  -174338.276635        0.849051
LBFGS:   55 17:59:07  -174338.400059        1.132191
LBFGS:   56 17:59:07  -174338.547363        0.997453
LBFGS:   57 17:59:07  -174338.646191        1.952598
LBFGS:   58 17:59:08  -174338.763229        1.145620
LBFGS:   59 17:59:08  -174338.871506        2.318994
LBFGS:   60 17:59:08  -174339.009312        0.926217
LBFGS:   61 17:59:08  -174339.157589        1.190902
LBFGS:   62 17:59:08  -174339.277124        1.380649
LBFGS:   63 17:59:08  -174339.530393        1.057068
LBFGS:   64 17:59:08  -174339.673618        0.802717
LBFGS:   65 17:59:08  -174339.833780        1.183241
LBFGS:   66 17:59:08  -174339.990818        1.189002
LBFGS:   67 17:59:08  -174339.809310        1.720107
LBFGS:   68 17:59:08  -174340.205184        1.178469
LBFGS:   69 17:59:08  -174340.300672        0.930736
LBFGS:   70 17:59:08  -174340.529625        1.146757
LBFGS:   71 17:59:08  -174340.631764        0.962854
LBFGS:   72 17:59:08  -174340.800851        0.582736
LBFGS:   73 17:59:08  -174340.902078        0.483785
LBFGS:   74 17:59:08  -174340.975173        0.524645
LBFGS:   75 17:59:08  -174341.035791        0.501910
LBFGS:   76 17:59:09  -174341.106674        0.821125
LBFGS:   77 17:59:09  -174341.174669        0.712202
LBFGS:   78 17:59:09  -174341.273029        0.728959
LBFGS:   79 17:59:09  -174341.380527        0.609314
LBFGS:   80 17:59:09  -174341.458830        0.670478
LBFGS:   81 17:59:09  -174341.549125        0.526336
LBFGS:   82 17:59:09  -174341.618594        0.512806
LBFGS:   83 17:59:09  -174341.689127        0.643781
LBFGS:   84 17:59:09  -174341.773066        0.572052
LBFGS:   85 17:59:09  -174341.861858        0.560095
LBFGS:   86 17:59:09  -174341.959332        1.437783
LBFGS:   87 17:59:09  -174342.092896        0.843708
LBFGS:   88 17:59:09  -174342.243981        0.564830
LBFGS:   89 17:59:09  -174342.369198        0.849457
LBFGS:   90 17:59:09  -174342.482800        1.181561
LBFGS:   91 17:59:09  -174342.548229        0.823796
LBFGS:   92 17:59:09  -174342.653966        0.670598
LBFGS:   93 17:59:10  -174342.724803        0.502504
LBFGS:   94 17:59:10  -174342.829987        0.555031
LBFGS:   95 17:59:10  -174342.962536        0.707326
LBFGS:   96 17:59:10  -174343.109396        0.865650
LBFGS:   97 17:59:10  -174343.223669        0.865431
LBFGS:   98 17:59:10  -174343.311336        0.689076
LBFGS:   99 17:59:10  -174343.393904        0.776573
LBFGS:  100 17:59:10  -174343.468059        0.582840
LBFGS:  101 17:59:10  -174343.565504        0.568031
LBFGS:  102 17:59:10  -174343.630295        0.549132
LBFGS:  103 17:59:10  -174343.745473        0.632892
LBFGS:  104 17:59:10  -174343.844688        0.876211
LBFGS:  105 17:59:10  -174343.906600        1.532079
LBFGS:  106 17:59:10  -174344.009164        0.656170
LBFGS:  107 17:59:10  -174344.107384        1.020028
LBFGS:  108 17:59:10  -174344.233006        0.606775
LBFGS:  109 17:59:11  -174344.362074        0.762485
LBFGS:  110 17:59:11  -174344.456452        0.948755
LBFGS:  111 17:59:11  -174344.641916        0.766419
LBFGS:  112 17:59:11  -174344.757850        0.692718
LBFGS:  113 17:59:11  -174344.841365        0.612193
LBFGS:  114 17:59:11  -174344.840596        1.015634
LBFGS:  115 17:59:11  -174344.944255        0.899113
LBFGS:  116 17:59:11  -174345.009109        0.526784
LBFGS:  117 17:59:11  -174345.098587        0.439658
LBFGS:  118 17:59:11  -174345.230134        0.734374
LBFGS:  119 17:59:11  -174345.311634        0.725094
LBFGS:  120 17:59:11  -174345.454103        0.607707
LBFGS:  121 17:59:11  -174345.576412        0.488683
LBFGS:  122 17:59:11  -174345.654125        0.659263
LBFGS:  123 17:59:11  -174345.687660        0.646482
LBFGS:  124 17:59:11  -174345.762491        0.376780
LBFGS:  125 17:59:11  -174345.828167        0.393506
LBFGS:  126 17:59:12  -174345.917210        0.506807
LBFGS:  127 17:59:12  -174345.999372        0.401108
LBFGS:  128 17:59:12  -174346.078379        0.431798
LBFGS:  129 17:59:12  -174346.158378        0.438704
LBFGS:  130 17:59:12  -174346.237887        0.593778
LBFGS:  131 17:59:12  -174346.320656        0.598638
LBFGS:  132 17:59:12  -174346.431214        0.679990
LBFGS:  133 17:59:12  -174346.539567        0.563176
LBFGS:  134 17:59:12  -174346.640713        0.665488
LBFGS:  135 17:59:12  -174346.726063        0.680708
LBFGS:  136 17:59:12  -174346.816574        0.517247
LBFGS:  137 17:59:12  -174346.879611        0.384927
LBFGS:  138 17:59:12  -174346.936859        0.477446
LBFGS:  139 17:59:12  -174346.985054        0.422208
LBFGS:  140 17:59:12  -174347.062717        0.475969
LBFGS:  141 17:59:12  -174347.135098        0.505351
LBFGS:  142 17:59:13  -174347.214684        0.654918
LBFGS:  143 17:59:13  -174347.293408        0.699387
LBFGS:  144 17:59:13  -174347.378439        0.566807
LBFGS:  145 17:59:13  -174347.455933        0.527172
LBFGS:  146 17:59:13  -174347.546835        0.569745
LBFGS:  147 17:59:13  -174347.625559        0.570666
LBFGS:  148 17:59:13  -174347.719303        0.461396
LBFGS:  149 17:59:13  -174347.803450        0.597548
LBFGS:  150 17:59:13  -174347.882272        0.571217
LBFGS:  151 17:59:13  -174347.951171        0.671376
LBFGS:  152 17:59:13  -174348.041264        0.590795
LBFGS:  153 17:59:13  -174348.152378        0.550254
LBFGS:  154 17:59:13  -174348.262508        0.542826
LBFGS:  155 17:59:13  -174348.433675        0.645749
LBFGS:  156 17:59:13  -174348.573787        0.620216
LBFGS:  157 17:59:13  -174348.700140        0.576385
LBFGS:  158 17:59:13  -174348.715376        1.760159
LBFGS:  159 17:59:14  -174348.790824        0.865521
LBFGS:  160 17:59:14  -174348.891041        0.375651
LBFGS:  161 17:59:14  -174348.956073        0.285281
LBFGS:  162 17:59:14  -174349.051983        0.955732
LBFGS:  163 17:59:14  -174349.114485        0.409124
LBFGS:  164 17:59:14  -174349.201291        0.372364
LBFGS:  165 17:59:14  -174349.307045        0.493610
LBFGS:  166 17:59:14  -174349.414755        0.433671
LBFGS:  167 17:59:14  -174349.514774        0.462960
LBFGS:  168 17:59:14  -174349.607038        0.547245
LBFGS:  169 17:59:14  -174349.675371        0.733098
LBFGS:  170 17:59:14  -174349.758280        0.459085
LBFGS:  171 17:59:14  -174349.845648        0.454178
LBFGS:  172 17:59:14  -174349.959736        0.371326
LBFGS:  173 17:59:14  -174350.036482        0.357366
LBFGS:  174 17:59:14  -174350.123818        0.334556
LBFGS:  175 17:59:14  -174350.198440        0.481151
LBFGS:  176 17:59:14  -174350.268277        0.360682
LBFGS:  177 17:59:15  -174350.358397        0.375776
LBFGS:  178 17:59:15  -174350.455800        0.389286
LBFGS:  179 17:59:15  -174350.545983        0.507573
LBFGS:  180 17:59:15  -174350.641442        0.471150
LBFGS:  181 17:59:15  -174350.723251        0.373628
LBFGS:  182 17:59:15  -174350.797790        0.388186
LBFGS:  183 17:59:15  -174350.870934        0.480606
LBFGS:  184 17:59:15  -174350.933136        0.546597
LBFGS:  185 17:59:15  -174350.997726        0.503386
LBFGS:  186 17:59:15  -174351.069664        0.376443
LBFGS:  187 17:59:15  -174351.166877        0.435698
LBFGS:  188 17:59:15  -174351.239334        0.429286
LBFGS:  189 17:59:15  -174351.331957        0.342606
LBFGS:  190 17:59:15  -174351.395001        0.410595
LBFGS:  191 17:59:15  -174351.452737        0.377314
LBFGS:  192 17:59:15  -174351.510228        0.385377
LBFGS:  193 17:59:15  -174351.577946        0.354834
LBFGS:  194 17:59:15  -174351.637709        0.345273
LBFGS:  195 17:59:16  -174351.687033        0.293977
LBFGS:  196 17:59:16  -174351.746800        0.330787
LBFGS:  197 17:59:16  -174351.820251        0.451318
LBFGS:  198 17:59:16  -174351.886702        0.494183
LBFGS:  199 17:59:16  -174351.949782        0.341108
LBFGS:  200 17:59:16  -174351.999725        0.500690
       Step     Time          Energy          fmax
LBFGS:    0 17:59:27  -189140.563116      173.486038
LBFGS:    1 17:59:27  -189162.478043       19.648203
LBFGS:    2 17:59:27  -189180.185434       37.231566
LBFGS:    3 17:59:27  -189200.194668       15.800241
LBFGS:    4 17:59:27  -189220.633071        9.073941
LBFGS:    5 17:59:27  -189235.853800        9.325218
LBFGS:    6 17:59:27  -189249.055669       11.935239
LBFGS:    7 17:59:27  -189261.976457        7.614663
LBFGS:    8 17:59:27  -189272.973897        6.865646
LBFGS:    9 17:59:27  -189283.014184        7.235356
LBFGS:   10 17:59:27  -189292.385726        6.608635
LBFGS:   11 17:59:27  -189299.877575        5.932600
LBFGS:   12 17:59:27  -189305.574105        6.625194
LBFGS:   13 17:59:27  -189310.399151        5.242513
LBFGS:   14 17:59:27  -189314.315401        3.451520
LBFGS:   15 17:59:28  -189316.972563        3.711373
LBFGS:   16 17:59:28  -189318.644908        2.671699
LBFGS:   17 17:59:28  -189319.981308        4.188392
LBFGS:   18 17:59:28  -189321.136981        3.170586
LBFGS:   19 17:59:28  -189322.167375        2.565568
LBFGS:   20 17:59:28  -189323.415403        2.431204
LBFGS:   21 17:59:28  -189324.947281        3.439654
LBFGS:   22 17:59:28  -189326.132500        3.606762
LBFGS:   23 17:59:28  -189327.181552        3.847152
LBFGS:   24 17:59:28  -189328.451308        4.599793
LBFGS:   25 17:59:28  -189328.978510        4.596414
LBFGS:   26 17:59:28  -189329.401217        3.209606
LBFGS:   27 17:59:28  -189329.877115        2.535402
LBFGS:   28 17:59:28  -189330.637237        2.084819
LBFGS:   29 17:59:28  -189331.101599        2.288115
LBFGS:   30 17:59:28  -189331.606016        1.684970
LBFGS:   31 17:59:28  -189332.065577        1.637514
LBFGS:   32 17:59:28  -189332.369889        1.958816
LBFGS:   33 17:59:28  -189332.782095        2.005025
LBFGS:   34 17:59:29  -189333.113579        2.595673
LBFGS:   35 17:59:29  -189333.498019        2.050601
LBFGS:   36 17:59:29  -189333.761564        2.536332
LBFGS:   37 17:59:29  -189334.067633        2.625477
LBFGS:   38 17:59:29  -189334.258091        2.306455
LBFGS:   39 17:59:29  -189334.511110        1.129661
LBFGS:   40 17:59:29  -189334.760392        1.075088
LBFGS:   41 17:59:29  -189334.949050        1.219077
LBFGS:   42 17:59:29  -189335.181903        1.683013
LBFGS:   43 17:59:29  -189335.493597        1.420136
LBFGS:   44 17:59:29  -189335.705260        1.390937
LBFGS:   45 17:59:29  -189335.997521        0.979815
LBFGS:   46 17:59:29  -189336.228477        1.117966
LBFGS:   47 17:59:29  -189336.436567        2.132438
LBFGS:   48 17:59:29  -189336.522108        2.514010
LBFGS:   49 17:59:29  -189336.876784        1.193384
LBFGS:   50 17:59:29  -189337.073243        0.819150
LBFGS:   51 17:59:29  -189337.529621        1.304982
LBFGS:   52 17:59:30  -189337.687558        1.296917
LBFGS:   53 17:59:30  -189337.944406        1.217924
LBFGS:   54 17:59:30  -189338.157914        1.164794
LBFGS:   55 17:59:30  -189338.223021        1.379096
LBFGS:   56 17:59:30  -189338.438606        1.369050
LBFGS:   57 17:59:30  -189338.565239        1.361098
LBFGS:   58 17:59:30  -189338.821961        1.215481
LBFGS:   59 17:59:30  -189338.935587        0.961216
LBFGS:   60 17:59:30  -189339.164775        1.130102
LBFGS:   61 17:59:30  -189339.327310        1.137665
LBFGS:   62 17:59:30  -189339.559278        1.172105
LBFGS:   63 17:59:30  -189339.769302        1.402663
LBFGS:   64 17:59:30  -189339.703823        1.606304
LBFGS:   65 17:59:30  -189340.112458        0.873309
LBFGS:   66 17:59:30  -189340.243850        0.594375
LBFGS:   67 17:59:30  -189340.558281        1.131971
LBFGS:   68 17:59:30  -189340.685615        0.827530
LBFGS:   69 17:59:30  -189340.967656        1.025413
LBFGS:   70 17:59:31  -189341.144559        1.020308
LBFGS:   71 17:59:31  -189341.305436        1.018509
LBFGS:   72 17:59:31  -189341.455565        1.203575
LBFGS:   73 17:59:31  -189341.649707        1.029517
LBFGS:   74 17:59:31  -189341.859108        0.970745
LBFGS:   75 17:59:31  -189342.065409        1.176655
LBFGS:   76 17:59:31  -189342.236215        1.524611
LBFGS:   77 17:59:31  -189342.407370        1.578063
LBFGS:   78 17:59:31  -189342.581890        1.360002
LBFGS:   79 17:59:31  -189342.748738        1.017701
LBFGS:   80 17:59:31  -189342.910488        0.778628
LBFGS:   81 17:59:31  -189343.046815        0.819053
LBFGS:   82 17:59:31  -189343.218781        1.119323
LBFGS:   83 17:59:31  -189343.407853        1.191343
LBFGS:   84 17:59:31  -189343.550590        1.088722
LBFGS:   85 17:59:31  -189343.694284        0.804067
LBFGS:   86 17:59:31  -189343.782119        0.950219
LBFGS:   87 17:59:31  -189343.968251        0.934694
LBFGS:   88 17:59:32  -189344.135059        0.679803
LBFGS:   89 17:59:32  -189344.365657        0.847342
LBFGS:   90 17:59:32  -189344.522627        0.990594
LBFGS:   91 17:59:32  -189344.770635        0.955722
LBFGS:   92 17:59:32  -189344.992780        0.883163
LBFGS:   93 17:59:32  -189345.127729        1.052613
LBFGS:   94 17:59:32  -189345.247345        1.329885
LBFGS:   95 17:59:32  -189345.464494        0.820040
LBFGS:   96 17:59:32  -189345.670017        0.883843
LBFGS:   97 17:59:32  -189345.839521        0.861615
LBFGS:   98 17:59:32  -189346.030632        0.947500
LBFGS:   99 17:59:32  -189346.224745        0.595202
LBFGS:  100 17:59:32  -189346.390553        0.569092
LBFGS:  101 17:59:32  -189346.474135        1.098603
LBFGS:  102 17:59:32  -189346.642772        0.815249
LBFGS:  103 17:59:32  -189346.783604        0.567931
LBFGS:  104 17:59:32  -189347.000025        0.496058
LBFGS:  105 17:59:32  -189347.162110        0.670406
LBFGS:  106 17:59:33  -189347.343869        0.782786
LBFGS:  107 17:59:33  -189347.543178        0.712156
LBFGS:  108 17:59:33  -189347.716899        0.735275
LBFGS:  109 17:59:33  -189347.812974        0.717102
LBFGS:  110 17:59:33  -189347.981585        0.532951
LBFGS:  111 17:59:33  -189348.194060        0.470620
LBFGS:  112 17:59:33  -189348.395970        0.656260
LBFGS:  113 17:59:33  -189348.567230        0.599457
LBFGS:  114 17:59:33  -189348.712313        0.436025
LBFGS:  115 17:59:33  -189348.841534        0.507240
LBFGS:  116 17:59:33  -189348.958638        0.620730
LBFGS:  117 17:59:33  -189349.073466        0.502110
LBFGS:  118 17:59:33  -189349.220395        0.538335
LBFGS:  119 17:59:33  -189349.409825        0.577212
LBFGS:  120 17:59:33  -189349.561332        0.544925
LBFGS:  121 17:59:33  -189349.698144        0.567806
LBFGS:  122 17:59:33  -189349.844989        0.469326
LBFGS:  123 17:59:33  -189350.004750        0.487040
LBFGS:  124 17:59:34  -189350.170698        0.530655
LBFGS:  125 17:59:34  -189350.297524        0.569884
LBFGS:  126 17:59:34  -189350.453092        0.585209
LBFGS:  127 17:59:34  -189350.639826        0.514709
LBFGS:  128 17:59:34  -189350.829161        0.659612
LBFGS:  129 17:59:34  -189350.954191        0.626495
LBFGS:  130 17:59:34  -189351.090835        0.633862
LBFGS:  131 17:59:34  -189351.224634        0.487139
LBFGS:  132 17:59:34  -189351.373468        0.566416
LBFGS:  133 17:59:34  -189351.492457        0.581167
LBFGS:  134 17:59:34  -189351.615361        0.472953
LBFGS:  135 17:59:34  -189351.789553        0.641655
LBFGS:  136 17:59:34  -189351.973810        0.760858
LBFGS:  137 17:59:34  -189352.147408        0.933025
LBFGS:  138 17:59:34  -189352.301336        0.775367
LBFGS:  139 17:59:34  -189352.477443        0.631170
LBFGS:  140 17:59:34  -189352.636468        0.721524
LBFGS:  141 17:59:34  -189352.784630        0.676129
LBFGS:  142 17:59:35  -189352.917907        0.706451
LBFGS:  143 17:59:35  -189353.076081        0.813106
LBFGS:  144 17:59:35  -189353.258451        0.949955
LBFGS:  145 17:59:35  -189353.419218        0.841163
LBFGS:  146 17:59:35  -189353.601140        0.701559
LBFGS:  147 17:59:35  -189353.772515        0.672028
LBFGS:  148 17:59:35  -189353.959626        1.009581
LBFGS:  149 17:59:35  -189354.129626        0.940979
LBFGS:  150 17:59:35  -189354.319667        0.533426
LBFGS:  151 17:59:35  -189354.503354        0.561644
LBFGS:  152 17:59:35  -189354.648921        0.772802
LBFGS:  153 17:59:35  -189354.762531        0.833255
LBFGS:  154 17:59:35  -189354.883323        0.573973
LBFGS:  155 17:59:35  -189355.014631        0.487242
LBFGS:  156 17:59:35  -189355.147912        0.940721
LBFGS:  157 17:59:35  -189355.271074        0.921286
LBFGS:  158 17:59:35  -189355.443490        0.671371
LBFGS:  159 17:59:35  -189355.604072        0.535320
LBFGS:  160 17:59:36  -189355.706570        0.759391
LBFGS:  161 17:59:36  -189355.822547        0.636346
LBFGS:  162 17:59:36  -189355.917153        0.637168
LBFGS:  163 17:59:36  -189356.016610        0.646774
LBFGS:  164 17:59:36  -189356.135879        0.658428
LBFGS:  165 17:59:36  -189356.280238        0.458992
LBFGS:  166 17:59:36  -189356.358734        0.501397
LBFGS:  167 17:59:36  -189356.508339        0.526346
LBFGS:  168 17:59:36  -189356.636942        0.713266
LBFGS:  169 17:59:36  -189356.764025        0.646479
LBFGS:  170 17:59:36  -189356.886223        0.445813
LBFGS:  171 17:59:36  -189357.020390        0.533272
LBFGS:  172 17:59:36  -189357.149918        0.748730
LBFGS:  173 17:59:36  -189357.311362        0.627445
LBFGS:  174 17:59:36  -189357.487819        0.431251
LBFGS:  175 17:59:36  -189357.647899        0.546999
LBFGS:  176 17:59:36  -189357.751521        0.567310
LBFGS:  177 17:59:36  -189357.866692        0.766495
LBFGS:  178 17:59:37  -189357.997879        0.508430
LBFGS:  179 17:59:37  -189358.134050        0.353415
LBFGS:  180 17:59:37  -189358.229375        0.542911
LBFGS:  181 17:59:37  -189358.346098        0.649262
LBFGS:  182 17:59:37  -189358.466173        0.446329
LBFGS:  183 17:59:37  -189358.589194        0.383635
LBFGS:  184 17:59:37  -189358.699760        0.502859
LBFGS:  185 17:59:37  -189358.808932        0.597361
LBFGS:  186 17:59:37  -189358.906944        0.457772
LBFGS:  187 17:59:37  -189359.014802        0.475396
LBFGS:  188 17:59:37  -189359.126706        0.493318
LBFGS:  189 17:59:37  -189359.237627        0.579443
LBFGS:  190 17:59:37  -189359.331549        0.434986
LBFGS:  191 17:59:37  -189359.421581        0.377581
LBFGS:  192 17:59:37  -189359.510558        0.487058
LBFGS:  193 17:59:37  -189359.600293        0.576365
LBFGS:  194 17:59:37  -189359.680526        0.497475
LBFGS:  195 17:59:38  -189359.770125        0.573488
LBFGS:  196 17:59:38  -189359.854807        0.388159
LBFGS:  197 17:59:38  -189359.941363        0.517102
LBFGS:  198 17:59:38  -189360.035010        0.480127
LBFGS:  199 17:59:38  -189360.156641        0.441864
LBFGS:  200 17:59:38  -189360.275594        0.470389
       Step     Time          Energy          fmax
LBFGS:    0 18:00:36  -133105.663524        5.650190
LBFGS:    1 18:00:36  -133105.955429        2.733779
LBFGS:    2 18:00:36  -133106.098578        1.533131
LBFGS:    3 18:00:36  -133106.186803        1.381251
LBFGS:    4 18:00:36  -133106.231754        1.014869
LBFGS:    5 18:00:36  -133106.491803        1.649966
LBFGS:    6 18:00:36  -133106.762013        2.757056
LBFGS:    7 18:00:36  -133106.858991        4.439999
LBFGS:    8 18:00:36  -133107.060480        2.615321
LBFGS:    9 18:00:36  -133107.232755        0.856027
LBFGS:   10 18:00:36  -133107.275437        0.864958
LBFGS:   11 18:00:36  -133107.358379        1.707096
LBFGS:   12 18:00:36  -133107.468147        3.242278
LBFGS:   13 18:00:36  -133107.528465        3.590929
LBFGS:   14 18:00:36  -133107.571943        3.385769
LBFGS:   15 18:00:36  -133107.680514        3.112568
LBFGS:   16 18:00:36  -133107.855202        2.794929
LBFGS:   17 18:00:36  -133108.066342        1.950546
LBFGS:   18 18:00:37  -133108.140150        1.100224
LBFGS:   19 18:00:37  -133108.170371        0.960529
LBFGS:   20 18:00:37  -133108.247277        1.077992
LBFGS:   21 18:00:37  -133108.299496        1.468942
LBFGS:   22 18:00:37  -133108.394047        1.802545
LBFGS:   23 18:00:37  -133108.482890        1.314366
LBFGS:   24 18:00:37  -133108.567650        1.293571
LBFGS:   25 18:00:37  -133108.613326        1.084001
LBFGS:   26 18:00:37  -133108.666979        0.702052
LBFGS:   27 18:00:37  -133108.676558        0.816939
LBFGS:   28 18:00:37  -133108.686945        0.577265
LBFGS:   29 18:00:37  -133108.694563        0.374569
LBFGS:   30 18:00:37  -133108.704799        0.217245
LBFGS:   31 18:00:37  -133108.708440        0.229718
LBFGS:   32 18:00:37  -133108.710829        0.226068
LBFGS:   33 18:00:37  -133108.712835        0.224725
LBFGS:   34 18:00:37  -133108.717252        0.221777
LBFGS:   35 18:00:37  -133108.725202        0.272555
LBFGS:   36 18:00:37  -133108.736182        0.305130
LBFGS:   37 18:00:37  -133108.742588        0.199224
LBFGS:   38 18:00:37  -133108.745129        0.183324
LBFGS:   39 18:00:37  -133108.747050        0.177546
LBFGS:   40 18:00:37  -133108.748171        0.134199
LBFGS:   41 18:00:37  -133108.749059        0.105703
LBFGS:   42 18:00:37  -133108.750660        0.143930
LBFGS:   43 18:00:37  -133108.752723        0.178279
LBFGS:   44 18:00:37  -133108.758049        0.356853
LBFGS:   45 18:00:38  -133108.764851        0.302226
LBFGS:   46 18:00:38  -133108.772468        0.408733
LBFGS:   47 18:00:38  -133108.729515        1.750559
LBFGS:   48 18:00:38  -133108.777157        0.178684
LBFGS:   49 18:00:38  -133108.779390        0.083220
LBFGS:   50 18:00:38  -133108.754869        1.395617
LBFGS:   51 18:00:38  -133108.782419        0.049160
LBFGS:   52 18:00:38  -133108.784465        0.072912
LBFGS:   53 18:00:38  -133108.761394        1.445947
LBFGS:   54 18:00:38  -133108.786842        0.087776
LBFGS:   55 18:00:38  -133108.788370        0.137392
LBFGS:   56 18:00:38  -133108.782883        0.862263
LBFGS:   57 18:00:38  -133108.791166        0.228649
LBFGS:   58 18:00:38  -133108.792571        0.226253
LBFGS:   59 18:00:38  -133108.788733        0.938308
LBFGS:   60 18:00:38  -133108.795984        0.218510
LBFGS:   61 18:00:38  -133108.797887        0.246266
LBFGS:   62 18:00:38  -133108.779435        1.239332
LBFGS:   63 18:00:38  -133108.804690        0.228652
LBFGS:   64 18:00:38  -133108.809368        0.183092
LBFGS:   65 18:00:38  -133108.795047        1.314474
LBFGS:   66 18:00:38  -133108.819048        0.130148
LBFGS:   67 18:00:38  -133108.826122        0.163992
LBFGS:   68 18:00:38  -133108.800282        1.528810
LBFGS:   69 18:00:38  -133108.836499        0.166803
LBFGS:   70 18:00:38  -133108.843500        0.204325
LBFGS:   71 18:00:38  -133108.809395        1.570506
LBFGS:   72 18:00:39  -133108.854886        0.230064
LBFGS:   73 18:00:39  -133108.861890        0.255830
LBFGS:   74 18:00:39  -133108.829398        1.508195
LBFGS:   75 18:00:39  -133108.874898        0.240647
LBFGS:   76 18:00:39  -133108.882502        0.266493
LBFGS:   77 18:00:39  -133108.854564        1.525892
LBFGS:   78 18:00:39  -133108.898825        0.286892
LBFGS:   79 18:00:39  -133108.908660        0.297375
LBFGS:   80 18:00:39  -133108.889600        1.755448
LBFGS:   81 18:00:39  -133108.932026        0.253014
LBFGS:   82 18:00:39  -133108.945629        0.377547
LBFGS:   83 18:00:39  -133108.936966        1.676010
LBFGS:   84 18:00:39  -133108.979618        0.572110
LBFGS:   85 18:00:39  -133108.996537        0.509469
LBFGS:   86 18:00:39  -133109.003101        1.767641
LBFGS:   87 18:00:39  -133109.038191        0.258377
LBFGS:   88 18:00:39  -133109.053784        0.434125
LBFGS:   89 18:00:39  -133109.046135        1.565781
LBFGS:   90 18:00:39  -133109.082733        0.415652
LBFGS:   91 18:00:39  -133109.094384        0.411965
LBFGS:   92 18:00:39  -133109.106209        1.369150
LBFGS:   93 18:00:39  -133109.129692        0.255883
LBFGS:   94 18:00:39  -133109.144901        0.281165
LBFGS:   95 18:00:39  -133109.177169        0.775128
LBFGS:   96 18:00:39  -133109.207761        1.116197
LBFGS:   97 18:00:39  -133109.249089        0.524099
LBFGS:   98 18:00:40  -133109.264889        0.771889
LBFGS:   99 18:00:40  -133109.259071        1.349873
LBFGS:  100 18:00:40  -133109.281924        0.275529
LBFGS:  101 18:00:40  -133109.285002        0.340418
LBFGS:  102 18:00:40  -133109.288041        0.157259
LBFGS:  103 18:00:40  -133109.290102        0.078234
LBFGS:  104 18:00:40  -133109.291625        0.144215
LBFGS:  105 18:00:40  -133109.293653        0.136327
LBFGS:  106 18:00:40  -133109.296318        0.139415
LBFGS:  107 18:00:40  -133109.299041        0.145721
LBFGS:  108 18:00:40  -133109.301602        0.194161
LBFGS:  109 18:00:40  -133109.304328        0.222252
LBFGS:  110 18:00:40  -133109.308272        0.261008
LBFGS:  111 18:00:40  -133109.313884        0.285086
LBFGS:  112 18:00:40  -133109.324570        0.278852
LBFGS:  113 18:00:40  -133109.339964        0.403874
LBFGS:  114 18:00:40  -133109.355068        0.399230
LBFGS:  115 18:00:40  -133109.364750        0.781440
LBFGS:  116 18:00:40  -133109.371570        0.499298
LBFGS:  117 18:00:40  -133109.388146        0.271336
LBFGS:  118 18:00:40  -133109.393040        0.350324
LBFGS:  119 18:00:40  -133109.399018        0.405168
LBFGS:  120 18:00:40  -133109.406533        0.326461
LBFGS:  121 18:00:40  -133109.421331        0.438766
LBFGS:  122 18:00:40  -133109.426514        0.732765
LBFGS:  123 18:00:40  -133109.430305        0.500836
LBFGS:  124 18:00:40  -133109.437518        0.196546
LBFGS:  125 18:00:41  -133109.439814        0.126991
LBFGS:  126 18:00:41  -133109.442249        0.162848
LBFGS:  127 18:00:41  -133109.444891        0.166334
LBFGS:  128 18:00:41  -133109.450249        0.186388
LBFGS:  129 18:00:41  -133109.454819        0.191742
LBFGS:  130 18:00:41  -133109.459622        0.164650
LBFGS:  131 18:00:41  -133109.465500        0.184656
LBFGS:  132 18:00:41  -133109.472119        0.244307
LBFGS:  133 18:00:41  -133109.477987        0.292869
LBFGS:  134 18:00:41  -133109.481489        0.240883
LBFGS:  135 18:00:41  -133109.485770        0.217444
LBFGS:  136 18:00:41  -133109.490344        0.182008
LBFGS:  137 18:00:41  -133109.497163        0.164179
LBFGS:  138 18:00:41  -133109.502327        0.213664
LBFGS:  139 18:00:41  -133109.508278        0.272302
LBFGS:  140 18:00:41  -133109.513060        0.202767
LBFGS:  141 18:00:41  -133109.520965        0.229380
LBFGS:  142 18:00:41  -133109.528348        0.228942
LBFGS:  143 18:00:41  -133109.534200        0.357990
LBFGS:  144 18:00:41  -133109.538799        0.230256
LBFGS:  145 18:00:41  -133109.540309        0.209196
LBFGS:  146 18:00:41  -133109.542107        0.232779
LBFGS:  147 18:00:41  -133109.543818        0.128178
LBFGS:  148 18:00:41  -133109.545251        0.076800
LBFGS:  149 18:00:41  -133109.547616        0.157678
LBFGS:  150 18:00:41  -133109.551322        0.241214
LBFGS:  151 18:00:42  -133109.557352        0.320120
LBFGS:  152 18:00:42  -133109.567989        0.502301
LBFGS:  153 18:00:42  -133109.583562        0.641713
LBFGS:  154 18:00:42  -133109.614508        0.638622
LBFGS:  155 18:00:42  -133109.633401        0.712747
LBFGS:  156 18:00:42  -133109.593561        1.342252
LBFGS:  157 18:00:42  -133109.645522        0.517990
LBFGS:  158 18:00:42  -133109.633205        0.814804
LBFGS:  159 18:00:42  -133109.654008        0.279714
LBFGS:  160 18:00:42  -133109.656877        0.430331
LBFGS:  161 18:00:42  -133109.661410        0.209365
LBFGS:  162 18:00:42  -133109.670181        0.247570
LBFGS:  163 18:00:42  -133109.676916        0.287701
LBFGS:  164 18:00:42  -133109.681329        0.234463
LBFGS:  165 18:00:42  -133109.684434        0.223104
LBFGS:  166 18:00:42  -133109.687104        0.245814
LBFGS:  167 18:00:42  -133109.688240        0.380055
LBFGS:  168 18:00:42  -133109.692233        0.145692
LBFGS:  169 18:00:42  -133109.694649        0.129214
LBFGS:  170 18:00:42  -133109.697405        0.222170
LBFGS:  171 18:00:42  -133109.700173        0.224495
LBFGS:  172 18:00:42  -133109.705040        0.322218
LBFGS:  173 18:00:42  -133109.712371        0.249325
LBFGS:  174 18:00:42  -133109.720879        0.198293
LBFGS:  175 18:00:42  -133109.730364        0.287815
LBFGS:  176 18:00:42  -133109.735593        0.398071
LBFGS:  177 18:00:42  -133109.741487        0.375536
LBFGS:  178 18:00:43  -133109.745628        0.252513
LBFGS:  179 18:00:43  -133109.748147        0.158149
LBFGS:  180 18:00:43  -133109.749715        0.109172
LBFGS:  181 18:00:43  -133109.751102        0.124397
LBFGS:  182 18:00:43  -133109.751742        0.094182
LBFGS:  183 18:00:43  -133109.752416        0.094609
LBFGS:  184 18:00:43  -133109.753235        0.074701
LBFGS:  185 18:00:43  -133109.755378        0.107908
LBFGS:  186 18:00:43  -133109.758276        0.188774
LBFGS:  187 18:00:43  -133109.760728        0.146488
LBFGS:  188 18:00:43  -133109.762089        0.099538
LBFGS:  189 18:00:43  -133109.761732        0.303867
LBFGS:  190 18:00:43  -133109.763675        0.131692
LBFGS:  191 18:00:43  -133109.764439        0.104419
LBFGS:  192 18:00:43  -133109.765692        0.087118
LBFGS:  193 18:00:43  -133109.768435        0.150277
LBFGS:  194 18:00:43  -133109.770466        0.212374
LBFGS:  195 18:00:43  -133109.773079        0.184873
LBFGS:  196 18:00:43  -133109.776556        0.192396
LBFGS:  197 18:00:43  -133109.777956        0.252398
LBFGS:  198 18:00:43  -133109.779908        0.110584
LBFGS:  199 18:00:43  -133109.780681        0.100423
LBFGS:  200 18:00:43  -133109.781343        0.102295
       Step     Time          Energy          fmax
LBFGS:    0 18:00:50  -136820.457824      171.336488
LBFGS:    1 18:00:50  -136838.536937       13.543351
LBFGS:    2 18:00:50  -136839.921100       11.511326
LBFGS:    3 18:00:50  -136840.758138        4.331932
LBFGS:    4 18:00:50  -136841.984226        5.525981
LBFGS:    5 18:00:50  -136843.407842        5.965272
LBFGS:    6 18:00:50  -136844.384163        7.570343
LBFGS:    7 18:00:50  -136845.751226        8.316944
LBFGS:    8 18:00:50  -136846.924563        7.791669
LBFGS:    9 18:00:50  -136847.835469        6.274793
LBFGS:   10 18:00:50  -136848.600368        3.129607
LBFGS:   11 18:00:50  -136848.981531        3.966323
LBFGS:   12 18:00:50  -136849.492058        4.539636
LBFGS:   13 18:00:50  -136850.109372        4.253347
LBFGS:   14 18:00:50  -136850.866329        5.037258
LBFGS:   15 18:00:50  -136851.357727        2.256552
LBFGS:   16 18:00:50  -136851.915390        1.972300
LBFGS:   17 18:00:50  -136852.335465        2.119827
LBFGS:   18 18:00:51  -136852.631032        3.055434
LBFGS:   19 18:00:51  -136852.931627        3.684388
LBFGS:   20 18:00:51  -136853.317159        2.613694
LBFGS:   21 18:00:51  -136853.613744        3.043479
LBFGS:   22 18:00:51  -136853.759455        2.103305
LBFGS:   23 18:00:51  -136853.928233        2.490616
LBFGS:   24 18:00:51  -136854.034775        1.685077
LBFGS:   25 18:00:51  -136854.099671        1.651660
LBFGS:   26 18:00:51  -136854.245844        1.871635
LBFGS:   27 18:00:51  -136854.326097        1.943602
LBFGS:   28 18:00:51  -136854.434129        1.776688
LBFGS:   29 18:00:51  -136854.498945        1.725698
LBFGS:   30 18:00:51  -136854.586137        1.224551
LBFGS:   31 18:00:51  -136854.632376        0.966695
LBFGS:   32 18:00:51  -136854.659711        0.578267
LBFGS:   33 18:00:51  -136854.676404        0.334641
LBFGS:   34 18:00:51  -136854.687109        0.482855
LBFGS:   35 18:00:51  -136854.700176        0.449616
LBFGS:   36 18:00:51  -136854.716216        0.486253
LBFGS:   37 18:00:51  -136854.731086        0.335944
LBFGS:   38 18:00:51  -136854.740898        0.415189
LBFGS:   39 18:00:51  -136854.749648        0.570876
LBFGS:   40 18:00:51  -136854.760734        0.721856
LBFGS:   41 18:00:51  -136854.775705        0.758307
LBFGS:   42 18:00:51  -136854.790241        0.783203
LBFGS:   43 18:00:51  -136854.803407        0.611249
LBFGS:   44 18:00:51  -136854.815504        0.615773
LBFGS:   45 18:00:52  -136854.830415        0.534037
LBFGS:   46 18:00:52  -136854.843356        0.516124
LBFGS:   47 18:00:52  -136854.853985        0.326703
LBFGS:   48 18:00:52  -136854.860111        0.327687
LBFGS:   49 18:00:52  -136854.867864        0.313573
LBFGS:   50 18:00:52  -136854.877002        0.284407
LBFGS:   51 18:00:52  -136854.886085        0.266316
LBFGS:   52 18:00:52  -136854.894656        0.386665
LBFGS:   53 18:00:52  -136854.906036        0.426309
LBFGS:   54 18:00:52  -136854.922301        0.398564
LBFGS:   55 18:00:52  -136854.929215        0.529000
LBFGS:   56 18:00:52  -136854.935559        0.232243
LBFGS:   57 18:00:52  -136854.940151        0.157115
LBFGS:   58 18:00:52  -136854.944028        0.236656
LBFGS:   59 18:00:52  -136854.948401        0.248581
LBFGS:   60 18:00:52  -136854.953374        0.217123
LBFGS:   61 18:00:52  -136854.960384        0.274054
LBFGS:   62 18:00:52  -136854.970112        0.287224
LBFGS:   63 18:00:52  -136854.985502        0.288260
LBFGS:   64 18:00:52  -136854.882581        1.733479
LBFGS:   65 18:00:52  -136854.993048        0.240884
LBFGS:   66 18:00:52  -136854.997063        0.190724
LBFGS:   67 18:00:52  -136855.003478        0.201383
LBFGS:   68 18:00:52  -136855.007432        0.246902
LBFGS:   69 18:00:52  -136855.017597        0.276948
LBFGS:   70 18:00:52  -136855.030040        0.283189
LBFGS:   71 18:00:52  -136855.050165        0.295644
LBFGS:   72 18:00:53  -136854.923279        1.707370
LBFGS:   73 18:00:53  -136855.060474        0.269462
LBFGS:   74 18:00:53  -136855.067749        0.238385
LBFGS:   75 18:00:53  -136855.056648        1.041951
LBFGS:   76 18:00:53  -136855.088894        0.194663
LBFGS:   77 18:00:53  -136855.100395        0.129444
LBFGS:   78 18:00:53  -136855.054479        1.217300
LBFGS:   79 18:00:53  -136855.113471        0.135750
LBFGS:   80 18:00:53  -136855.121375        0.154468
LBFGS:   81 18:00:53  -136855.087830        1.191729
LBFGS:   82 18:00:53  -136855.136157        0.157940
LBFGS:   83 18:00:53  -136855.144138        0.171614
LBFGS:   84 18:00:53  -136855.119050        1.158121
LBFGS:   85 18:00:53  -136855.160773        0.210792
LBFGS:   86 18:00:53  -136855.169334        0.231843
LBFGS:   87 18:00:53  -136855.161961        1.143185
LBFGS:   88 18:00:53  -136855.193729        0.261650
LBFGS:   89 18:00:53  -136855.206024        0.269099
LBFGS:   90 18:00:53  -136855.231968        0.877864
LBFGS:   91 18:00:53  -136855.259805        0.316971
LBFGS:   92 18:00:53  -136855.295001        0.303898
LBFGS:   93 18:00:53  -136855.332075        0.912110
LBFGS:   94 18:00:53  -136855.359261        0.429850
LBFGS:   95 18:00:53  -136855.377294        0.542662
LBFGS:   96 18:00:53  -136855.387792        0.562370
LBFGS:   97 18:00:53  -136855.400062        0.571012
LBFGS:   98 18:00:54  -136855.415014        0.607331
LBFGS:   99 18:00:54  -136855.435826        0.500680
LBFGS:  100 18:00:54  -136855.474417        0.379809
LBFGS:  101 18:00:54  -136855.509120        1.057332
LBFGS:  102 18:00:54  -136855.493134        1.341603
LBFGS:  103 18:00:54  -136855.537470        0.372126
LBFGS:  104 18:00:54  -136855.546109        0.422038
LBFGS:  105 18:00:54  -136855.559369        0.646407
LBFGS:  106 18:00:54  -136855.571421        0.459754
LBFGS:  107 18:00:54  -136855.583452        0.426962
LBFGS:  108 18:00:54  -136855.599394        0.336265
LBFGS:  109 18:00:54  -136855.614280        0.636788
LBFGS:  110 18:00:54  -136855.631257        0.875156
LBFGS:  111 18:00:54  -136855.649959        0.379835
LBFGS:  112 18:00:54  -136855.673026        0.394593
LBFGS:  113 18:00:54  -136855.683288        0.329372
LBFGS:  114 18:00:54  -136855.687529        0.305647
LBFGS:  115 18:00:54  -136855.693144        0.260651
LBFGS:  116 18:00:54  -136855.698070        0.225083
LBFGS:  117 18:00:54  -136855.703621        0.201419
LBFGS:  118 18:00:54  -136855.711046        0.254291
LBFGS:  119 18:00:54  -136855.721186        0.318923
LBFGS:  120 18:00:54  -136855.733517        0.329986
LBFGS:  121 18:00:54  -136855.742923        0.384661
LBFGS:  122 18:00:54  -136855.749320        0.286020
LBFGS:  123 18:00:54  -136855.753483        0.269149
LBFGS:  124 18:00:55  -136855.759394        0.314073
LBFGS:  125 18:00:55  -136855.767139        0.209547
LBFGS:  126 18:00:55  -136855.783723        0.267079
LBFGS:  127 18:00:55  -136855.795778        0.291508
LBFGS:  128 18:00:55  -136855.816379        0.348987
LBFGS:  129 18:00:55  -136855.827313        0.259347
LBFGS:  130 18:00:55  -136855.836977        0.435251
LBFGS:  131 18:00:55  -136855.845774        0.396414
LBFGS:  132 18:00:55  -136855.863055        0.338424
LBFGS:  133 18:00:55  -136855.886526        0.627917
LBFGS:  134 18:00:55  -136855.906491        0.290935
LBFGS:  135 18:00:55  -136855.923970        0.302604
LBFGS:  136 18:00:55  -136855.936879        0.356565
LBFGS:  137 18:00:55  -136855.945325        0.359197
LBFGS:  138 18:00:55  -136855.951255        0.212645
LBFGS:  139 18:00:55  -136855.955549        0.229006
LBFGS:  140 18:00:55  -136855.963281        0.283641
LBFGS:  141 18:00:55  -136855.975352        0.291571
LBFGS:  142 18:00:55  -136855.987681        0.204907
LBFGS:  143 18:00:55  -136856.005233        0.290772
LBFGS:  144 18:00:55  -136856.016415        0.245146
LBFGS:  145 18:00:55  -136856.023191        0.351221
LBFGS:  146 18:00:55  -136856.029179        0.180819
LBFGS:  147 18:00:55  -136856.034402        0.185845
LBFGS:  148 18:00:55  -136856.042179        0.253156
LBFGS:  149 18:00:55  -136856.048062        0.227801
LBFGS:  150 18:00:55  -136856.058417        0.228313
LBFGS:  151 18:00:56  -136856.069398        0.252568
LBFGS:  152 18:00:56  -136856.080675        0.297101
LBFGS:  153 18:00:56  -136856.086400        0.484447
LBFGS:  154 18:00:56  -136856.101562        0.382435
LBFGS:  155 18:00:56  -136856.112449        0.410351
LBFGS:  156 18:00:56  -136856.129389        0.304137
LBFGS:  157 18:00:56  -136856.136112        0.240666
LBFGS:  158 18:00:56  -136856.149804        0.258754
LBFGS:  159 18:00:56  -136856.153671        0.369349
LBFGS:  160 18:00:56  -136856.163091        0.272779
LBFGS:  161 18:00:56  -136856.171858        0.170165
LBFGS:  162 18:00:56  -136856.180673        0.193862
LBFGS:  163 18:00:56  -136856.184433        0.400184
LBFGS:  164 18:00:56  -136856.190555        0.282994
LBFGS:  165 18:00:56  -136856.198464        0.231652
LBFGS:  166 18:00:56  -136856.206486        0.189052
LBFGS:  167 18:00:56  -136856.212924        0.158986
LBFGS:  168 18:00:56  -136856.221904        0.204722
LBFGS:  169 18:00:56  -136856.232460        0.238594
LBFGS:  170 18:00:56  -136856.242100        0.199654
LBFGS:  171 18:00:56  -136856.247734        0.549186
LBFGS:  172 18:00:56  -136856.257328        0.267938
LBFGS:  173 18:00:56  -136856.266003        0.271279
LBFGS:  174 18:00:56  -136856.278296        0.295146
LBFGS:  175 18:00:56  -136856.292644        0.409654
LBFGS:  176 18:00:56  -136856.309110        0.324413
LBFGS:  177 18:00:57  -136856.327978        0.323190
LBFGS:  178 18:00:57  -136856.333142        0.490666
LBFGS:  179 18:00:57  -136856.347883        0.263365
LBFGS:  180 18:00:57  -136856.354591        0.129369
LBFGS:  181 18:00:57  -136856.362154        0.212736
LBFGS:  182 18:00:57  -136856.368151        0.230765
LBFGS:  183 18:00:57  -136856.372986        0.177725
LBFGS:  184 18:00:57  -136856.376011        0.192235
LBFGS:  185 18:00:57  -136856.379422        0.169050
LBFGS:  186 18:00:57  -136856.382923        0.142165
LBFGS:  187 18:00:57  -136856.388803        0.196754
LBFGS:  188 18:00:57  -136856.395423        0.164495
LBFGS:  189 18:00:57  -136856.401630        0.246245
LBFGS:  190 18:00:57  -136856.407547        0.284627
LBFGS:  191 18:00:57  -136856.415034        0.217155
LBFGS:  192 18:00:57  -136856.423869        0.281425
LBFGS:  193 18:00:57  -136856.433274        0.499782
LBFGS:  194 18:00:57  -136856.440555        0.226677
LBFGS:  195 18:00:57  -136856.446571        0.196442
LBFGS:  196 18:00:57  -136856.450559        0.172120
LBFGS:  197 18:00:57  -136856.455807        0.166909
LBFGS:  198 18:00:57  -136856.460134        0.202632
LBFGS:  199 18:00:57  -136856.462458        0.246326
LBFGS:  200 18:00:57  -136856.467111        0.130928
       Step     Time          Energy          fmax
LBFGS:    0 18:01:04  -144288.127783      171.377039
LBFGS:    1 18:01:05  -144306.712005       13.585076
LBFGS:    2 18:01:05  -144310.358630       19.635446
LBFGS:    3 18:01:05  -144313.895308       10.011243
LBFGS:    4 18:01:05  -144317.307612       17.004132
LBFGS:    5 18:01:05  -144322.076283        8.086292
LBFGS:    6 18:01:05  -144325.289745        6.240780
LBFGS:    7 18:01:05  -144328.021702        4.387841
LBFGS:    8 18:01:05  -144330.173941        3.234132
LBFGS:    9 18:01:05  -144331.962711        6.013402
LBFGS:   10 18:01:05  -144333.630787        4.373114
LBFGS:   11 18:01:05  -144335.054505        5.615912
LBFGS:   12 18:01:05  -144336.331298        6.207180
LBFGS:   13 18:01:05  -144337.286894        5.659057
LBFGS:   14 18:01:05  -144338.156373        3.787515
LBFGS:   15 18:01:05  -144338.939452        2.929076
LBFGS:   16 18:01:05  -144339.707843        2.721302
LBFGS:   17 18:01:05  -144340.792457        2.817996
LBFGS:   18 18:01:05  -144341.296619        2.143516
LBFGS:   19 18:01:05  -144341.736090        4.216292
LBFGS:   20 18:01:05  -144342.099358        3.785905
LBFGS:   21 18:01:05  -144342.725631        2.574280
LBFGS:   22 18:01:05  -144343.110343        3.290399
LBFGS:   23 18:01:05  -144343.451333        2.524693
LBFGS:   24 18:01:06  -144343.779017        2.845508
LBFGS:   25 18:01:06  -144343.966869        1.896703
LBFGS:   26 18:01:06  -144344.115595        1.846665
LBFGS:   27 18:01:06  -144344.270969        1.359903
LBFGS:   28 18:01:06  -144344.340498        1.091539
LBFGS:   29 18:01:06  -144344.498677        1.760572
LBFGS:   30 18:01:06  -144344.581039        2.293598
LBFGS:   31 18:01:06  -144344.742150        2.396812
LBFGS:   32 18:01:06  -144344.845611        1.274456
LBFGS:   33 18:01:06  -144344.923335        0.964570
LBFGS:   34 18:01:06  -144345.030870        1.102769
LBFGS:   35 18:01:06  -144345.151085        1.187389
LBFGS:   36 18:01:06  -144345.277580        1.603825
LBFGS:   37 18:01:06  -144345.391977        1.181228
LBFGS:   38 18:01:06  -144345.556825        0.917855
LBFGS:   39 18:01:06  -144345.618017        0.804204
LBFGS:   40 18:01:06  -144345.774598        1.097921
LBFGS:   41 18:01:06  -144345.922207        1.591268
LBFGS:   42 18:01:06  -144346.083178        1.594608
LBFGS:   43 18:01:06  -144346.231422        1.234900
LBFGS:   44 18:01:06  -144346.367065        1.282363
LBFGS:   45 18:01:06  -144346.417877        1.433134
LBFGS:   46 18:01:06  -144346.449804        1.062807
LBFGS:   47 18:01:07  -144346.518496        0.532904
LBFGS:   48 18:01:07  -144346.573899        1.185303
LBFGS:   49 18:01:07  -144346.634106        1.063236
LBFGS:   50 18:01:07  -144346.717860        1.363353
LBFGS:   51 18:01:07  -144346.772786        0.698530
LBFGS:   52 18:01:07  -144346.864178        0.869144
LBFGS:   53 18:01:07  -144346.931714        0.935121
LBFGS:   54 18:01:07  -144347.044297        1.184660
LBFGS:   55 18:01:07  -144347.151997        1.260243
LBFGS:   56 18:01:07  -144347.149063        2.111057
LBFGS:   57 18:01:07  -144347.134378        3.930141
LBFGS:   58 18:01:07  -144347.324766        0.668212
LBFGS:   59 18:01:07  -144347.387541        0.787413
LBFGS:   60 18:01:07  -144347.435158        1.657724
LBFGS:   61 18:01:07  -144347.497737        0.933587
LBFGS:   62 18:01:07  -144347.567679        0.705877
LBFGS:   63 18:01:07  -144347.655211        0.926616
LBFGS:   64 18:01:07  -144347.718806        1.357392
LBFGS:   65 18:01:07  -144347.803162        1.813675
LBFGS:   66 18:01:07  -144347.880934        1.409340
LBFGS:   67 18:01:07  -144347.931814        1.120970
LBFGS:   68 18:01:07  -144347.983150        1.115411
LBFGS:   69 18:01:07  -144348.058224        0.585508
LBFGS:   70 18:01:07  -144348.089016        0.593445
LBFGS:   71 18:01:08  -144348.122349        0.519401
LBFGS:   72 18:01:08  -144348.163836        0.555033
LBFGS:   73 18:01:08  -144348.202950        0.627219
LBFGS:   74 18:01:08  -144348.236873        0.502655
LBFGS:   75 18:01:08  -144348.255609        0.357160
LBFGS:   76 18:01:08  -144348.266082        0.533027
LBFGS:   77 18:01:08  -144348.274713        0.294704
LBFGS:   78 18:01:08  -144348.283754        0.243230
LBFGS:   79 18:01:08  -144348.291446        0.204873
LBFGS:   80 18:01:08  -144348.298742        0.231614
LBFGS:   81 18:01:08  -144348.308475        0.208919
LBFGS:   82 18:01:08  -144348.320561        0.311892
LBFGS:   83 18:01:08  -144348.335536        0.382505
LBFGS:   84 18:01:08  -144348.353027        0.368900
LBFGS:   85 18:01:08  -144348.375724        0.326498
LBFGS:   86 18:01:08  -144348.401286        0.428613
LBFGS:   87 18:01:08  -144348.431538        0.471666
LBFGS:   88 18:01:08  -144348.459962        0.486341
LBFGS:   89 18:01:08  -144348.478243        0.402057
LBFGS:   90 18:01:08  -144348.497017        0.519435
LBFGS:   91 18:01:08  -144348.517162        0.295683
LBFGS:   92 18:01:08  -144348.547425        0.293429
LBFGS:   93 18:01:08  -144348.567419        0.404098
LBFGS:   94 18:01:08  -144348.588527        0.354711
LBFGS:   95 18:01:09  -144348.603258        0.399767
LBFGS:   96 18:01:09  -144348.620906        0.441520
LBFGS:   97 18:01:09  -144348.624737        0.631517
LBFGS:   98 18:01:09  -144348.651669        0.365886
LBFGS:   99 18:01:09  -144348.668281        0.238703
LBFGS:  100 18:01:09  -144348.698013        0.362429
LBFGS:  101 18:01:09  -144348.720281        0.547126
LBFGS:  102 18:01:09  -144348.749449        0.637577
LBFGS:  103 18:01:09  -144348.776440        0.426808
LBFGS:  104 18:01:09  -144348.778837        0.844532
LBFGS:  105 18:01:09  -144348.807762        0.337542
LBFGS:  106 18:01:09  -144348.824969        0.285198
LBFGS:  107 18:01:09  -144348.881407        0.482450
LBFGS:  108 18:01:09  -144348.900818        0.376511
LBFGS:  109 18:01:09  -144348.916669        0.260645
LBFGS:  110 18:01:09  -144348.929001        0.304553
LBFGS:  111 18:01:09  -144348.944518        0.546131
LBFGS:  112 18:01:09  -144348.968721        0.523482
LBFGS:  113 18:01:09  -144349.001983        0.276817
LBFGS:  114 18:01:09  -144349.023022        0.252255
LBFGS:  115 18:01:09  -144349.043814        0.381196
LBFGS:  116 18:01:09  -144349.067675        0.473471
LBFGS:  117 18:01:09  -144349.092266        0.464806
LBFGS:  118 18:01:09  -144349.120859        0.327627
LBFGS:  119 18:01:10  -144349.146543        0.353136
LBFGS:  120 18:01:10  -144349.175569        0.351908
LBFGS:  121 18:01:10  -144349.193040        0.471406
LBFGS:  122 18:01:10  -144349.218521        0.313268
LBFGS:  123 18:01:10  -144349.238578        0.254162
LBFGS:  124 18:01:10  -144349.261601        0.338988
LBFGS:  125 18:01:10  -144349.280426        0.310682
LBFGS:  126 18:01:10  -144349.301039        0.250236
LBFGS:  127 18:01:10  -144349.316230        0.316855
LBFGS:  128 18:01:10  -144349.324777        0.415065
LBFGS:  129 18:01:10  -144349.339116        0.244424
LBFGS:  130 18:01:10  -144349.353267        0.190802
LBFGS:  131 18:01:10  -144349.373817        0.309038
LBFGS:  132 18:01:10  -144349.398125        0.363814
LBFGS:  133 18:01:10  -144349.420743        0.333156
LBFGS:  134 18:01:10  -144349.445652        0.275258
LBFGS:  135 18:01:10  -144349.477805        0.323365
LBFGS:  136 18:01:10  -144349.501936        0.348323
LBFGS:  137 18:01:10  -144349.501998        1.164808
LBFGS:  138 18:01:10  -144349.534836        0.429712
LBFGS:  139 18:01:10  -144349.552200        0.244152
LBFGS:  140 18:01:10  -144349.573141        0.280726
LBFGS:  141 18:01:11  -144349.602830        0.664586
LBFGS:  142 18:01:11  -144349.619120        0.331005
LBFGS:  143 18:01:11  -144349.637648        0.234590
LBFGS:  144 18:01:11  -144349.649291        0.242819
LBFGS:  145 18:01:11  -144349.659675        0.203147
LBFGS:  146 18:01:11  -144349.672722        0.258137
LBFGS:  147 18:01:11  -144349.684596        0.296771
LBFGS:  148 18:01:11  -144349.695503        0.250196
LBFGS:  149 18:01:11  -144349.703304        0.232996
LBFGS:  150 18:01:11  -144349.711581        0.293603
LBFGS:  151 18:01:11  -144349.719683        0.226613
LBFGS:  152 18:01:11  -144349.733175        0.167948
LBFGS:  153 18:01:11  -144349.740857        0.228507
LBFGS:  154 18:01:11  -144349.755447        0.253586
LBFGS:  155 18:01:11  -144349.766963        0.313771
LBFGS:  156 18:01:11  -144349.779864        0.216737
LBFGS:  157 18:01:11  -144349.792851        0.228801
LBFGS:  158 18:01:11  -144349.805481        0.166020
LBFGS:  159 18:01:11  -144349.816170        0.200693
LBFGS:  160 18:01:11  -144349.826263        0.182151
LBFGS:  161 18:01:11  -144349.835382        0.292865
LBFGS:  162 18:01:11  -144349.846981        0.184238
LBFGS:  163 18:01:11  -144349.855878        0.178659
LBFGS:  164 18:01:11  -144349.864030        0.161320
LBFGS:  165 18:01:12  -144349.870994        0.151777
LBFGS:  166 18:01:12  -144349.882282        0.161894
LBFGS:  167 18:01:12  -144349.892180        0.201921
LBFGS:  168 18:01:12  -144349.904101        0.194604
LBFGS:  169 18:01:12  -144349.918110        0.237877
LBFGS:  170 18:01:12  -144349.933516        0.317513
LBFGS:  171 18:01:12  -144349.949334        0.381974
LBFGS:  172 18:01:12  -144349.968885        0.253376
LBFGS:  173 18:01:12  -144349.988789        0.235171
LBFGS:  174 18:01:12  -144349.999252        0.236860
LBFGS:  175 18:01:12  -144350.010793        0.212056
LBFGS:  176 18:01:12  -144350.020700        0.434936
LBFGS:  177 18:01:12  -144350.028933        0.218067
LBFGS:  178 18:01:12  -144350.035475        0.147675
LBFGS:  179 18:01:12  -144350.043802        0.192990
LBFGS:  180 18:01:12  -144350.052253        0.232867
LBFGS:  181 18:01:12  -144350.064744        0.280746
LBFGS:  182 18:01:12  -144350.075601        0.204582
LBFGS:  183 18:01:12  -144350.084522        0.214698
LBFGS:  184 18:01:12  -144350.096469        0.305738
LBFGS:  185 18:01:12  -144350.110014        0.288692
LBFGS:  186 18:01:12  -144350.124264        0.294674
LBFGS:  187 18:01:12  -144350.133636        0.191267
LBFGS:  188 18:01:13  -144350.141495        0.276378
LBFGS:  189 18:01:13  -144350.149558        0.249372
LBFGS:  190 18:01:13  -144350.158214        0.204937
LBFGS:  191 18:01:13  -144350.166046        0.157449
LBFGS:  192 18:01:13  -144350.173249        0.256023
LBFGS:  193 18:01:13  -144350.181497        0.163653
LBFGS:  194 18:01:13  -144350.191269        0.139096
LBFGS:  195 18:01:13  -144350.197239        0.122964
LBFGS:  196 18:01:13  -144350.203763        0.137588
LBFGS:  197 18:01:13  -144350.210658        0.158861
LBFGS:  198 18:01:13  -144350.218879        0.192085
LBFGS:  199 18:01:13  -144350.227639        0.203392
LBFGS:  200 18:01:13  -144350.234986        0.144178
       Step     Time          Energy          fmax
LBFGS:    0 18:01:21  -159247.120843      172.348060
LBFGS:    1 18:01:21  -159267.362729       19.691804
LBFGS:    2 18:01:21  -159273.500100       37.617256
LBFGS:    3 18:01:22  -159283.208069       19.202183
LBFGS:    4 18:01:22  -159293.364419        9.190955
LBFGS:    5 18:01:22  -159301.001409       12.406782
LBFGS:    6 18:01:22  -159309.000206        7.948312
LBFGS:    7 18:01:22  -159313.658247        6.644063
LBFGS:    8 18:01:22  -159318.886456        4.697775
LBFGS:    9 18:01:22  -159322.495248        5.323753
LBFGS:   10 18:01:22  -159324.552423        4.161495
LBFGS:   11 18:01:22  -159327.235873        5.029755
LBFGS:   12 18:01:22  -159329.579656        5.468623
LBFGS:   13 18:01:22  -159331.288283        5.926614
LBFGS:   14 18:01:22  -159332.486456        4.669387
LBFGS:   15 18:01:22  -159333.760742        3.850502
LBFGS:   16 18:01:22  -159334.959904        3.048243
LBFGS:   17 18:01:22  -159336.003363        3.013140
LBFGS:   18 18:01:22  -159336.479227        2.935827
LBFGS:   19 18:01:22  -159337.137794        2.794636
LBFGS:   20 18:01:22  -159337.656732        3.023321
LBFGS:   21 18:01:22  -159337.878849        4.761736
LBFGS:   22 18:01:22  -159338.368663        2.227558
LBFGS:   23 18:01:22  -159338.721769        1.210183
LBFGS:   24 18:01:22  -159338.896501        2.536680
LBFGS:   25 18:01:22  -159339.102481        3.105668
LBFGS:   26 18:01:23  -159339.409114        2.755583
LBFGS:   27 18:01:23  -159339.588459        1.526156
LBFGS:   28 18:01:23  -159339.813517        1.424713
LBFGS:   29 18:01:23  -159339.986596        1.380962
LBFGS:   30 18:01:23  -159340.270387        1.347482
LBFGS:   31 18:01:23  -159340.545774        2.053713
LBFGS:   32 18:01:23  -159340.823272        1.589674
LBFGS:   33 18:01:23  -159341.067474        1.435786
LBFGS:   34 18:01:23  -159341.139038        1.498484
LBFGS:   35 18:01:23  -159341.266928        1.574914
LBFGS:   36 18:01:23  -159341.386358        1.690808
LBFGS:   37 18:01:23  -159341.509407        1.671220
LBFGS:   38 18:01:23  -159341.613377        1.374636
LBFGS:   39 18:01:23  -159341.755621        1.123385
LBFGS:   40 18:01:23  -159341.899100        0.899756
LBFGS:   41 18:01:23  -159342.030883        1.134690
LBFGS:   42 18:01:23  -159342.163496        1.440829
LBFGS:   43 18:01:23  -159342.279291        1.736736
LBFGS:   44 18:01:23  -159342.459581        1.272129
LBFGS:   45 18:01:23  -159342.578318        0.826593
LBFGS:   46 18:01:23  -159342.659847        1.198466
LBFGS:   47 18:01:23  -159342.731438        1.201392
LBFGS:   48 18:01:23  -159342.792680        1.021136
LBFGS:   49 18:01:24  -159342.895411        0.590373
LBFGS:   50 18:01:24  -159342.970228        0.778179
LBFGS:   51 18:01:24  -159343.049876        0.736190
LBFGS:   52 18:01:24  -159343.123318        0.807376
LBFGS:   53 18:01:24  -159343.211605        0.817448
LBFGS:   54 18:01:24  -159343.285729        0.898779
LBFGS:   55 18:01:24  -159343.387108        0.931234
LBFGS:   56 18:01:24  -159343.481421        0.950671
LBFGS:   57 18:01:24  -159343.641235        1.057804
LBFGS:   58 18:01:24  -159343.766279        1.088878
LBFGS:   59 18:01:24  -159343.900665        1.390910
LBFGS:   60 18:01:24  -159343.725380        2.894259
LBFGS:   61 18:01:24  -159344.137484        1.658520
LBFGS:   62 18:01:24  -159344.240926        1.428029
LBFGS:   63 18:01:24  -159344.393555        1.267138
LBFGS:   64 18:01:24  -159344.471287        1.083083
LBFGS:   65 18:01:24  -159344.537916        0.662639
LBFGS:   66 18:01:24  -159344.604091        0.639416
LBFGS:   67 18:01:24  -159344.669787        0.699409
LBFGS:   68 18:01:24  -159344.742281        0.782116
LBFGS:   69 18:01:24  -159344.817328        0.728453
LBFGS:   70 18:01:24  -159344.911371        1.032711
LBFGS:   71 18:01:25  -159345.004732        1.410871
LBFGS:   72 18:01:25  -159345.090100        1.912530
LBFGS:   73 18:01:25  -159345.125144        1.819238
LBFGS:   74 18:01:25  -159345.182470        1.951189
LBFGS:   75 18:01:25  -159345.244701        1.396423
LBFGS:   76 18:01:25  -159345.315256        0.750989
LBFGS:   77 18:01:25  -159345.370571        0.596293
LBFGS:   78 18:01:25  -159345.414716        0.397287
LBFGS:   79 18:01:25  -159345.458929        0.477987
LBFGS:   80 18:01:25  -159345.489841        0.503241
LBFGS:   81 18:01:25  -159345.524757        0.512473
LBFGS:   82 18:01:25  -159345.569313        0.536182
LBFGS:   83 18:01:25  -159345.617068        0.502982
LBFGS:   84 18:01:25  -159345.652621        0.695980
LBFGS:   85 18:01:25  -159345.690734        0.816844
LBFGS:   86 18:01:25  -159345.732965        0.859497
LBFGS:   87 18:01:25  -159345.793747        0.840186
LBFGS:   88 18:01:25  -159345.836982        0.714823
LBFGS:   89 18:01:25  -159345.907009        0.748246
LBFGS:   90 18:01:25  -159345.981940        0.737803
LBFGS:   91 18:01:25  -159345.957145        1.661389
LBFGS:   92 18:01:25  -159346.104504        0.556464
LBFGS:   93 18:01:25  -159346.141178        0.384507
LBFGS:   94 18:01:26  -159346.178137        0.513883
LBFGS:   95 18:01:26  -159346.192724        0.300240
LBFGS:   96 18:01:26  -159346.217744        0.411292
LBFGS:   97 18:01:26  -159346.247620        0.418894
LBFGS:   98 18:01:26  -159346.277982        0.456799
LBFGS:   99 18:01:26  -159346.305424        0.546540
LBFGS:  100 18:01:26  -159346.341208        0.661771
LBFGS:  101 18:01:26  -159346.385811        0.749366
LBFGS:  102 18:01:26  -159346.427379        0.608968
LBFGS:  103 18:01:26  -159346.460456        0.771309
LBFGS:  104 18:01:26  -159346.525221        0.349486
LBFGS:  105 18:01:26  -159346.577656        0.373833
LBFGS:  106 18:01:26  -159346.636663        0.490559
LBFGS:  107 18:01:26  -159346.676484        0.453364
LBFGS:  108 18:01:26  -159346.721638        0.403856
LBFGS:  109 18:01:26  -159346.750369        0.338827
LBFGS:  110 18:01:26  -159346.773538        0.491795
LBFGS:  111 18:01:26  -159346.800245        0.497338
LBFGS:  112 18:01:26  -159346.843088        0.439096
LBFGS:  113 18:01:26  -159346.880868        0.349215
LBFGS:  114 18:01:26  -159346.907410        0.382226
LBFGS:  115 18:01:26  -159346.939020        0.483776
LBFGS:  116 18:01:27  -159346.976922        0.424435
LBFGS:  117 18:01:27  -159347.012941        0.430714
LBFGS:  118 18:01:27  -159347.048732        0.337560
LBFGS:  119 18:01:27  -159347.082508        0.429310
LBFGS:  120 18:01:27  -159347.128722        0.415545
LBFGS:  121 18:01:27  -159347.166426        0.523644
LBFGS:  122 18:01:27  -159347.201696        0.449285
LBFGS:  123 18:01:27  -159347.228482        0.408126
LBFGS:  124 18:01:27  -159347.252675        0.663485
LBFGS:  125 18:01:27  -159347.286493        0.415046
LBFGS:  126 18:01:27  -159347.329719        0.434297
LBFGS:  127 18:01:27  -159347.385603        0.459185
LBFGS:  128 18:01:27  -159347.429162        0.473866
LBFGS:  129 18:01:27  -159347.485202        0.489560
LBFGS:  130 18:01:27  -159347.522111        0.584735
LBFGS:  131 18:01:27  -159347.573314        0.339344
LBFGS:  132 18:01:27  -159347.615079        0.437000
LBFGS:  133 18:01:27  -159347.660339        0.575428
LBFGS:  134 18:01:27  -159347.705378        0.430316
LBFGS:  135 18:01:27  -159347.742311        0.422798
LBFGS:  136 18:01:27  -159347.770051        0.390666
LBFGS:  137 18:01:27  -159347.784782        0.739166
LBFGS:  138 18:01:27  -159347.817308        0.324119
LBFGS:  139 18:01:28  -159347.842733        0.335407
LBFGS:  140 18:01:28  -159347.877033        0.581904
LBFGS:  141 18:01:28  -159347.907439        0.555919
LBFGS:  142 18:01:28  -159347.965852        0.508694
LBFGS:  143 18:01:28  -159348.019349        0.553665
LBFGS:  144 18:01:28  -159348.041006        0.893925
LBFGS:  145 18:01:28  -159348.107691        0.612916
LBFGS:  146 18:01:28  -159348.154086        0.388508
LBFGS:  147 18:01:28  -159348.230002        0.663619
LBFGS:  148 18:01:28  -159348.272332        0.724581
LBFGS:  149 18:01:28  -159348.363000        0.589265
LBFGS:  150 18:01:28  -159348.450317        0.419229
LBFGS:  151 18:01:28  -159348.489553        0.401129
LBFGS:  152 18:01:28  -159348.531320        0.557691
LBFGS:  153 18:01:28  -159348.590279        0.477836
LBFGS:  154 18:01:28  -159348.623044        0.321225
LBFGS:  155 18:01:28  -159348.650766        0.274459
LBFGS:  156 18:01:28  -159348.678502        0.277640
LBFGS:  157 18:01:28  -159348.709655        0.392636
LBFGS:  158 18:01:28  -159348.745099        0.371558
LBFGS:  159 18:01:28  -159348.791092        0.564813
LBFGS:  160 18:01:28  -159348.850161        0.449860
LBFGS:  161 18:01:29  -159348.919862        0.427114
LBFGS:  162 18:01:29  -159348.969677        0.361855
LBFGS:  163 18:01:29  -159348.999992        0.309909
LBFGS:  164 18:01:29  -159349.030086        0.312405
LBFGS:  165 18:01:29  -159349.064550        0.260630
LBFGS:  166 18:01:29  -159349.091407        0.276719
LBFGS:  167 18:01:29  -159349.107242        0.332571
LBFGS:  168 18:01:29  -159349.126559        0.272937
LBFGS:  169 18:01:29  -159349.155677        0.240134
LBFGS:  170 18:01:29  -159349.183374        0.296381
LBFGS:  171 18:01:29  -159349.209835        0.279600
LBFGS:  172 18:01:29  -159349.241047        0.348722
LBFGS:  173 18:01:29  -159349.274803        0.385002
LBFGS:  174 18:01:29  -159349.309956        0.557508
LBFGS:  175 18:01:29  -159349.329349        0.803086
LBFGS:  176 18:01:29  -159349.376061        0.389750
LBFGS:  177 18:01:29  -159349.414126        0.283666
LBFGS:  178 18:01:29  -159349.457972        0.306263
LBFGS:  179 18:01:29  -159349.492943        0.300187
LBFGS:  180 18:01:29  -159349.517670        0.533093
LBFGS:  181 18:01:29  -159349.544654        0.382367
LBFGS:  182 18:01:29  -159349.562912        0.373430
LBFGS:  183 18:01:29  -159349.593501        0.345491
LBFGS:  184 18:01:30  -159349.623003        0.380260
LBFGS:  185 18:01:30  -159349.660853        0.529127
LBFGS:  186 18:01:30  -159349.707161        0.526930
LBFGS:  187 18:01:30  -159349.751739        0.410180
LBFGS:  188 18:01:30  -159349.783684        0.588035
LBFGS:  189 18:01:30  -159349.792724        0.734018
LBFGS:  190 18:01:30  -159349.827691        0.323113
LBFGS:  191 18:01:30  -159349.847996        0.211098
LBFGS:  192 18:01:30  -159349.885026        0.369849
LBFGS:  193 18:01:30  -159349.915371        0.306666
LBFGS:  194 18:01:30  -159349.950646        0.283070
LBFGS:  195 18:01:30  -159349.979627        0.414246
LBFGS:  196 18:01:30  -159350.010248        0.337529
LBFGS:  197 18:01:30  -159350.037660        0.392222
LBFGS:  198 18:01:30  -159350.070166        0.330308
LBFGS:  199 18:01:30  -159350.104150        0.240157
LBFGS:  200 18:01:30  -159350.133246        0.296347
       Step     Time          Energy          fmax
LBFGS:    0 18:01:40  -174191.326377      172.644086
LBFGS:    1 18:01:40  -174212.532666       19.734792
LBFGS:    2 18:01:40  -174224.618504       37.363079
LBFGS:    3 18:01:40  -174240.621094       18.388665
LBFGS:    4 18:01:40  -174256.292543        9.694654
LBFGS:    5 18:01:40  -174267.044385       11.488117
LBFGS:    6 18:01:40  -174279.690695        9.074686
LBFGS:    7 18:01:40  -174288.697377        7.960043
LBFGS:    8 18:01:40  -174296.064298        6.816730
LBFGS:    9 18:01:40  -174303.201950        5.410438
LBFGS:   10 18:01:40  -174308.919872        5.215378
LBFGS:   11 18:01:40  -174313.071440        5.681696
LBFGS:   12 18:01:40  -174317.020076        4.872267
LBFGS:   13 18:01:41  -174320.404808        5.007488
LBFGS:   14 18:01:41  -174322.434756        4.515257
LBFGS:   15 18:01:41  -174323.800964        4.141987
LBFGS:   16 18:01:41  -174325.043223        3.994609
LBFGS:   17 18:01:41  -174326.381942        2.482047
LBFGS:   18 18:01:41  -174327.585081        3.450353
LBFGS:   19 18:01:41  -174328.425242        3.819121
LBFGS:   20 18:01:41  -174329.669642        4.342813
LBFGS:   21 18:01:41  -174330.421116        4.444838
LBFGS:   22 18:01:41  -174331.169023        2.602535
LBFGS:   23 18:01:41  -174331.553549        1.851287
LBFGS:   24 18:01:41  -174332.004041        2.246582
LBFGS:   25 18:01:41  -174332.364775        2.449713
LBFGS:   26 18:01:41  -174332.718860        3.423375
LBFGS:   27 18:01:41  -174332.954580        3.521084
LBFGS:   28 18:01:41  -174333.195331        2.733773
LBFGS:   29 18:01:41  -174333.423876        2.596485
LBFGS:   30 18:01:41  -174333.820728        1.873338
LBFGS:   31 18:01:41  -174334.188119        1.875792
LBFGS:   32 18:01:41  -174334.590784        1.474676
LBFGS:   33 18:01:41  -174334.879980        1.288360
LBFGS:   34 18:01:42  -174335.131433        1.115398
LBFGS:   35 18:01:42  -174335.279867        2.001094
LBFGS:   36 18:01:42  -174335.445333        1.302146
LBFGS:   37 18:01:42  -174335.582230        1.242688
LBFGS:   38 18:01:42  -174335.737477        1.241291
LBFGS:   39 18:01:42  -174335.892517        1.100336
LBFGS:   40 18:01:42  -174336.052945        0.928839
LBFGS:   41 18:01:42  -174336.211023        1.678492
LBFGS:   42 18:01:42  -174336.460509        1.255498
LBFGS:   43 18:01:42  -174336.737158        1.180673
LBFGS:   44 18:01:42  -174337.008208        1.954632
LBFGS:   45 18:01:42  -174337.103519        2.496815
LBFGS:   46 18:01:42  -174337.309713        1.329383
LBFGS:   47 18:01:42  -174337.486914        1.265779
LBFGS:   48 18:01:42  -174337.611241        1.287705
LBFGS:   49 18:01:42  -174337.717513        1.219860
LBFGS:   50 18:01:42  -174337.828590        1.030461
LBFGS:   51 18:01:42  -174337.976680        1.357315
LBFGS:   52 18:01:42  -174338.059088        1.254882
LBFGS:   53 18:01:42  -174338.184004        0.886594
LBFGS:   54 18:01:43  -174338.276635        0.849051
LBFGS:   55 18:01:43  -174338.400059        1.132191
LBFGS:   56 18:01:43  -174338.547363        0.997453
LBFGS:   57 18:01:43  -174338.646191        1.952598
LBFGS:   58 18:01:43  -174338.763229        1.145620
LBFGS:   59 18:01:43  -174338.871506        2.318994
LBFGS:   60 18:01:43  -174339.009312        0.926217
LBFGS:   61 18:01:43  -174339.157589        1.190902
LBFGS:   62 18:01:43  -174339.277124        1.380649
LBFGS:   63 18:01:43  -174339.530393        1.057068
LBFGS:   64 18:01:43  -174339.673618        0.802717
LBFGS:   65 18:01:43  -174339.833780        1.183241
LBFGS:   66 18:01:43  -174339.990818        1.189002
LBFGS:   67 18:01:43  -174339.809310        1.720107
LBFGS:   68 18:01:43  -174340.205184        1.178469
LBFGS:   69 18:01:43  -174340.300672        0.930736
LBFGS:   70 18:01:43  -174340.529625        1.146757
LBFGS:   71 18:01:43  -174340.631764        0.962854
LBFGS:   72 18:01:43  -174340.800851        0.582736
LBFGS:   73 18:01:43  -174340.902078        0.483785
LBFGS:   74 18:01:43  -174340.975173        0.524645
LBFGS:   75 18:01:44  -174341.035791        0.501910
LBFGS:   76 18:01:44  -174341.106674        0.821125
LBFGS:   77 18:01:44  -174341.174669        0.712202
LBFGS:   78 18:01:44  -174341.273029        0.728959
LBFGS:   79 18:01:44  -174341.380527        0.609314
LBFGS:   80 18:01:44  -174341.458830        0.670478
LBFGS:   81 18:01:44  -174341.549125        0.526336
LBFGS:   82 18:01:44  -174341.618594        0.512806
LBFGS:   83 18:01:44  -174341.689127        0.643781
LBFGS:   84 18:01:44  -174341.773066        0.572052
LBFGS:   85 18:01:44  -174341.861858        0.560095
LBFGS:   86 18:01:44  -174341.959332        1.437783
LBFGS:   87 18:01:44  -174342.092896        0.843708
LBFGS:   88 18:01:44  -174342.243981        0.564830
LBFGS:   89 18:01:44  -174342.369198        0.849457
LBFGS:   90 18:01:44  -174342.482800        1.181561
LBFGS:   91 18:01:44  -174342.548229        0.823796
LBFGS:   92 18:01:44  -174342.653966        0.670598
LBFGS:   93 18:01:44  -174342.724803        0.502504
LBFGS:   94 18:01:44  -174342.829987        0.555031
LBFGS:   95 18:01:45  -174342.962536        0.707326
LBFGS:   96 18:01:45  -174343.109396        0.865650
LBFGS:   97 18:01:45  -174343.223669        0.865431
LBFGS:   98 18:01:45  -174343.311337        0.689076
LBFGS:   99 18:01:45  -174343.393904        0.776574
LBFGS:  100 18:01:45  -174343.468059        0.582840
LBFGS:  101 18:01:45  -174343.565504        0.568031
LBFGS:  102 18:01:45  -174343.630295        0.549132
LBFGS:  103 18:01:45  -174343.745473        0.632892
LBFGS:  104 18:01:45  -174343.844688        0.876230
LBFGS:  105 18:01:45  -174343.906598        1.532084
LBFGS:  106 18:01:45  -174344.009163        0.656168
LBFGS:  107 18:01:45  -174344.107384        1.020043
LBFGS:  108 18:01:45  -174344.233005        0.606779
LBFGS:  109 18:01:45  -174344.362073        0.762490
LBFGS:  110 18:01:45  -174344.456451        0.948757
LBFGS:  111 18:01:45  -174344.641916        0.766438
LBFGS:  112 18:01:45  -174344.757851        0.692728
LBFGS:  113 18:01:45  -174344.841377        0.612155
LBFGS:  114 18:01:45  -174344.840836        1.014537
LBFGS:  115 18:01:46  -174344.944216        0.900659
LBFGS:  116 18:01:46  -174345.009177        0.527168
LBFGS:  117 18:01:46  -174345.098598        0.439281
LBFGS:  118 18:01:46  -174345.230075        0.734499
LBFGS:  119 18:01:46  -174345.311625        0.726131
LBFGS:  120 18:01:46  -174345.454004        0.608629
LBFGS:  121 18:01:46  -174345.576357        0.489040
LBFGS:  122 18:01:46  -174345.654172        0.657805
LBFGS:  123 18:01:46  -174345.687654        0.647438
LBFGS:  124 18:01:46  -174345.762449        0.377613
LBFGS:  125 18:01:46  -174345.828040        0.394257
LBFGS:  126 18:01:46  -174345.917164        0.505731
LBFGS:  127 18:01:46  -174345.999354        0.400813
LBFGS:  128 18:01:46  -174346.078259        0.432139
LBFGS:  129 18:01:46  -174346.158381        0.439077
LBFGS:  130 18:01:46  -174346.237839        0.594388
LBFGS:  131 18:01:46  -174346.320629        0.599563
LBFGS:  132 18:01:46  -174346.431194        0.679373
LBFGS:  133 18:01:46  -174346.539474        0.562648
LBFGS:  134 18:01:46  -174346.640565        0.664920
LBFGS:  135 18:01:47  -174346.725846        0.679697
LBFGS:  136 18:01:47  -174346.816531        0.515267
LBFGS:  137 18:01:47  -174346.879678        0.383879
LBFGS:  138 18:01:47  -174346.936691        0.477029
LBFGS:  139 18:01:47  -174346.985070        0.423038
LBFGS:  140 18:01:47  -174347.062415        0.474042
LBFGS:  141 18:01:47  -174347.134894        0.504247
LBFGS:  142 18:01:47  -174347.214537        0.653781
LBFGS:  143 18:01:47  -174347.293361        0.698541
LBFGS:  144 18:01:47  -174347.378241        0.566590
LBFGS:  145 18:01:47  -174347.455662        0.527249
LBFGS:  146 18:01:47  -174347.546625        0.568075
LBFGS:  147 18:01:47  -174347.625372        0.569918
LBFGS:  148 18:01:47  -174347.719126        0.460891
LBFGS:  149 18:01:47  -174347.803338        0.596011
LBFGS:  150 18:01:47  -174347.882166        0.569549
LBFGS:  151 18:01:47  -174347.951035        0.674039
LBFGS:  152 18:01:47  -174348.041003        0.590887
LBFGS:  153 18:01:47  -174348.152242        0.552531
LBFGS:  154 18:01:47  -174348.262042        0.544244
LBFGS:  155 18:01:48  -174348.433343        0.646245
LBFGS:  156 18:01:48  -174348.573718        0.622051
LBFGS:  157 18:01:48  -174348.703545        0.520495
LBFGS:  158 18:01:48  -174348.785175        0.446257
LBFGS:  159 18:01:48  -174348.793361        1.775576
LBFGS:  160 18:01:48  -174348.915394        0.633285
LBFGS:  161 18:01:48  -174348.985699        0.448080
LBFGS:  162 18:01:48  -174349.057373        0.267241
LBFGS:  163 18:01:48  -174349.145540        0.462505
LBFGS:  164 18:01:48  -174349.220291        0.432298
LBFGS:  165 18:01:48  -174349.332511        0.489649
LBFGS:  166 18:01:48  -174349.436473        0.475669
LBFGS:  167 18:01:48  -174349.507099        0.835993
LBFGS:  168 18:01:48  -174349.607218        0.558687
LBFGS:  169 18:01:48  -174349.687267        0.463676
LBFGS:  170 18:01:48  -174349.791813        0.374447
LBFGS:  171 18:01:48  -174349.877065        0.498652
LBFGS:  172 18:01:48  -174349.977395        0.439960
LBFGS:  173 18:01:48  -174350.058292        0.350052
LBFGS:  174 18:01:48  -174350.132574        0.396281
LBFGS:  175 18:01:49  -174350.207403        0.483183
LBFGS:  176 18:01:49  -174350.289415        0.440274
LBFGS:  177 18:01:49  -174350.378731        0.394976
LBFGS:  178 18:01:49  -174350.472541        0.508391
LBFGS:  179 18:01:49  -174350.565600        0.568424
LBFGS:  180 18:01:49  -174350.652245        0.512876
LBFGS:  181 18:01:49  -174350.739759        0.419785
LBFGS:  182 18:01:49  -174350.810553        0.502334
LBFGS:  183 18:01:49  -174350.877523        0.502576
LBFGS:  184 18:01:49  -174350.936305        0.516090
LBFGS:  185 18:01:49  -174351.012538        0.440869
LBFGS:  186 18:01:49  -174351.084681        0.432129
LBFGS:  187 18:01:49  -174351.177791        0.503513
LBFGS:  188 18:01:49  -174351.254976        0.647307
LBFGS:  189 18:01:49  -174351.340254        0.390083
LBFGS:  190 18:01:49  -174351.404504        0.418069
LBFGS:  191 18:01:49  -174351.461569        0.393966
LBFGS:  192 18:01:49  -174351.518602        0.489899
LBFGS:  193 18:01:49  -174351.583924        0.332178
LBFGS:  194 18:01:49  -174351.644475        0.364746
LBFGS:  195 18:01:50  -174351.698438        0.337259
LBFGS:  196 18:01:50  -174351.760535        0.416459
LBFGS:  197 18:01:50  -174351.831973        0.397645
LBFGS:  198 18:01:50  -174351.896678        0.458772
LBFGS:  199 18:01:50  -174351.951808        0.549748
LBFGS:  200 18:01:50  -174352.005540        0.344142
       Step     Time          Energy          fmax
LBFGS:    0 18:02:01  -189140.563116      173.486038
LBFGS:    1 18:02:01  -189162.478043       19.648203
LBFGS:    2 18:02:01  -189180.185434       37.231566
LBFGS:    3 18:02:01  -189200.194668       15.800241
LBFGS:    4 18:02:01  -189220.633071        9.073941
LBFGS:    5 18:02:01  -189235.853800        9.325218
LBFGS:    6 18:02:01  -189249.055669       11.935239
LBFGS:    7 18:02:01  -189261.976457        7.614663
LBFGS:    8 18:02:01  -189272.973897        6.865646
LBFGS:    9 18:02:01  -189283.014184        7.235356
LBFGS:   10 18:02:01  -189292.385726        6.608635
LBFGS:   11 18:02:01  -189299.877575        5.932600
LBFGS:   12 18:02:01  -189305.574105        6.625194
LBFGS:   13 18:02:01  -189310.399151        5.242513
LBFGS:   14 18:02:01  -189314.315401        3.451520
LBFGS:   15 18:02:01  -189316.972563        3.711373
LBFGS:   16 18:02:02  -189318.644908        2.671699
LBFGS:   17 18:02:02  -189319.981308        4.188392
LBFGS:   18 18:02:02  -189321.136981        3.170586
LBFGS:   19 18:02:02  -189322.167375        2.565568
LBFGS:   20 18:02:02  -189323.415403        2.431204
LBFGS:   21 18:02:02  -189324.947281        3.439654
LBFGS:   22 18:02:02  -189326.132500        3.606762
LBFGS:   23 18:02:02  -189327.181552        3.847152
LBFGS:   24 18:02:02  -189328.451308        4.599793
LBFGS:   25 18:02:02  -189328.978510        4.596414
LBFGS:   26 18:02:02  -189329.401217        3.209606
LBFGS:   27 18:02:02  -189329.877115        2.535402
LBFGS:   28 18:02:02  -189330.637237        2.084819
LBFGS:   29 18:02:02  -189331.101599        2.288115
LBFGS:   30 18:02:02  -189331.606016        1.684970
LBFGS:   31 18:02:02  -189332.065577        1.637514
LBFGS:   32 18:02:02  -189332.369889        1.958816
LBFGS:   33 18:02:02  -189332.782095        2.005025
LBFGS:   34 18:02:02  -189333.113579        2.595673
LBFGS:   35 18:02:03  -189333.498019        2.050601
LBFGS:   36 18:02:03  -189333.761564        2.536332
LBFGS:   37 18:02:03  -189334.067633        2.625477
LBFGS:   38 18:02:03  -189334.258091        2.306455
LBFGS:   39 18:02:03  -189334.511110        1.129661
LBFGS:   40 18:02:03  -189334.760392        1.075088
LBFGS:   41 18:02:03  -189334.949050        1.219077
LBFGS:   42 18:02:03  -189335.181903        1.683013
LBFGS:   43 18:02:03  -189335.493597        1.420136
LBFGS:   44 18:02:03  -189335.705260        1.390937
LBFGS:   45 18:02:03  -189335.997521        0.979815
LBFGS:   46 18:02:03  -189336.228477        1.117966
LBFGS:   47 18:02:03  -189336.436567        2.132438
LBFGS:   48 18:02:03  -189336.522108        2.514010
LBFGS:   49 18:02:03  -189336.876784        1.193384
LBFGS:   50 18:02:03  -189337.073243        0.819150
LBFGS:   51 18:02:03  -189337.529621        1.304982
LBFGS:   52 18:02:04  -189337.687558        1.296917
LBFGS:   53 18:02:04  -189337.944406        1.217924
LBFGS:   54 18:02:04  -189338.157914        1.164794
LBFGS:   55 18:02:04  -189338.223021        1.379096
LBFGS:   56 18:02:04  -189338.438606        1.369050
LBFGS:   57 18:02:04  -189338.565239        1.361098
LBFGS:   58 18:02:04  -189338.821961        1.215481
LBFGS:   59 18:02:04  -189338.935587        0.961216
LBFGS:   60 18:02:04  -189339.164775        1.130102
LBFGS:   61 18:02:04  -189339.327310        1.137665
LBFGS:   62 18:02:04  -189339.559278        1.172105
LBFGS:   63 18:02:04  -189339.769302        1.402663
LBFGS:   64 18:02:04  -189339.703823        1.606304
LBFGS:   65 18:02:04  -189340.112458        0.873309
LBFGS:   66 18:02:05  -189340.243850        0.594375
LBFGS:   67 18:02:05  -189340.558281        1.131971
LBFGS:   68 18:02:05  -189340.685615        0.827530
LBFGS:   69 18:02:05  -189340.967656        1.025413
LBFGS:   70 18:02:05  -189341.144559        1.020308
LBFGS:   71 18:02:05  -189341.305436        1.018509
LBFGS:   72 18:02:05  -189341.455565        1.203575
LBFGS:   73 18:02:05  -189341.649707        1.029517
LBFGS:   74 18:02:05  -189341.859108        0.970745
LBFGS:   75 18:02:05  -189342.065409        1.176655
LBFGS:   76 18:02:05  -189342.236215        1.524611
LBFGS:   77 18:02:05  -189342.407370        1.578063
LBFGS:   78 18:02:05  -189342.581890        1.360002
LBFGS:   79 18:02:05  -189342.748738        1.017701
LBFGS:   80 18:02:05  -189342.910488        0.778628
LBFGS:   81 18:02:06  -189343.046815        0.819053
LBFGS:   82 18:02:06  -189343.218781        1.119323
LBFGS:   83 18:02:06  -189343.407853        1.191343
LBFGS:   84 18:02:06  -189343.550590        1.088722
LBFGS:   85 18:02:06  -189343.694284        0.804067
LBFGS:   86 18:02:06  -189343.782119        0.950219
LBFGS:   87 18:02:06  -189343.968251        0.934694
LBFGS:   88 18:02:06  -189344.135059        0.679803
LBFGS:   89 18:02:06  -189344.365657        0.847342
LBFGS:   90 18:02:06  -189344.522627        0.990594
LBFGS:   91 18:02:06  -189344.770635        0.955722
LBFGS:   92 18:02:06  -189344.992780        0.883163
LBFGS:   93 18:02:06  -189345.127729        1.052613
LBFGS:   94 18:02:06  -189345.247345        1.329885
LBFGS:   95 18:02:06  -189345.464494        0.820040
LBFGS:   96 18:02:07  -189345.670017        0.883843
LBFGS:   97 18:02:07  -189345.839521        0.861615
LBFGS:   98 18:02:07  -189346.030632        0.947500
LBFGS:   99 18:02:07  -189346.224745        0.595202
LBFGS:  100 18:02:07  -189346.390553        0.569092
LBFGS:  101 18:02:07  -189346.474135        1.098603
LBFGS:  102 18:02:07  -189346.642772        0.815249
LBFGS:  103 18:02:07  -189346.783604        0.567931
LBFGS:  104 18:02:07  -189347.000025        0.496058
LBFGS:  105 18:02:07  -189347.162110        0.670406
LBFGS:  106 18:02:07  -189347.343869        0.782786
LBFGS:  107 18:02:07  -189347.543178        0.712156
LBFGS:  108 18:02:07  -189347.716899        0.735275
LBFGS:  109 18:02:07  -189347.812974        0.717102
LBFGS:  110 18:02:08  -189347.981586        0.532951
LBFGS:  111 18:02:08  -189348.194060        0.470620
LBFGS:  112 18:02:08  -189348.395970        0.656260
LBFGS:  113 18:02:08  -189348.567231        0.599457
LBFGS:  114 18:02:08  -189348.712313        0.436025
LBFGS:  115 18:02:08  -189348.841534        0.507240
LBFGS:  116 18:02:08  -189348.958638        0.620730
LBFGS:  117 18:02:08  -189349.073466        0.502110
LBFGS:  118 18:02:08  -189349.220395        0.538335
LBFGS:  119 18:02:08  -189349.409825        0.577212
LBFGS:  120 18:02:08  -189349.561332        0.544925
LBFGS:  121 18:02:08  -189349.698144        0.567806
LBFGS:  122 18:02:08  -189349.844989        0.469326
LBFGS:  123 18:02:08  -189350.004750        0.487040
LBFGS:  124 18:02:09  -189350.170698        0.530654
LBFGS:  125 18:02:09  -189350.297524        0.569885
LBFGS:  126 18:02:09  -189350.453092        0.585210
LBFGS:  127 18:02:09  -189350.639826        0.514709
LBFGS:  128 18:02:09  -189350.829161        0.659612
LBFGS:  129 18:02:09  -189350.954192        0.626494
LBFGS:  130 18:02:09  -189351.090836        0.633867
LBFGS:  131 18:02:09  -189351.224634        0.487142
LBFGS:  132 18:02:09  -189351.373467        0.566412
LBFGS:  133 18:02:09  -189351.492457        0.581164
LBFGS:  134 18:02:09  -189351.615361        0.472951
LBFGS:  135 18:02:09  -189351.789553        0.641654
LBFGS:  136 18:02:09  -189351.973810        0.760855
LBFGS:  137 18:02:09  -189352.147409        0.933024
LBFGS:  138 18:02:09  -189352.301336        0.775365
LBFGS:  139 18:02:10  -189352.477442        0.631172
LBFGS:  140 18:02:10  -189352.636467        0.721523
LBFGS:  141 18:02:10  -189352.784630        0.676125
LBFGS:  142 18:02:10  -189352.917907        0.706445
LBFGS:  143 18:02:10  -189353.076081        0.813105
LBFGS:  144 18:02:10  -189353.258452        0.949951
LBFGS:  145 18:02:10  -189353.419218        0.841156
LBFGS:  146 18:02:10  -189353.601139        0.701562
LBFGS:  147 18:02:10  -189353.772514        0.672027
LBFGS:  148 18:02:10  -189353.959627        1.009580
LBFGS:  149 18:02:10  -189354.129625        0.940977
LBFGS:  150 18:02:10  -189354.319666        0.533426
LBFGS:  151 18:02:10  -189354.503353        0.561646
LBFGS:  152 18:02:10  -189354.648920        0.772798
LBFGS:  153 18:02:11  -189354.762535        0.833242
LBFGS:  154 18:02:11  -189354.883323        0.573960
LBFGS:  155 18:02:11  -189355.014627        0.487336
LBFGS:  156 18:02:11  -189355.147894        0.940767
LBFGS:  157 18:02:11  -189355.271068        0.921209
LBFGS:  158 18:02:11  -189355.443505        0.671240
LBFGS:  159 18:02:11  -189355.604061        0.535329
LBFGS:  160 18:02:11  -189355.706568        0.759391
LBFGS:  161 18:02:11  -189355.822543        0.636335
LBFGS:  162 18:02:11  -189355.917140        0.637162
LBFGS:  163 18:02:11  -189356.016608        0.646750
LBFGS:  164 18:02:11  -189356.135888        0.658449
LBFGS:  165 18:02:11  -189356.280227        0.458916
LBFGS:  166 18:02:11  -189356.358730        0.501381
LBFGS:  167 18:02:12  -189356.508315        0.526431
LBFGS:  168 18:02:12  -189356.636921        0.713294
LBFGS:  169 18:02:12  -189356.764012        0.646564
LBFGS:  170 18:02:12  -189356.886211        0.445811
LBFGS:  171 18:02:12  -189357.020373        0.533276
LBFGS:  172 18:02:12  -189357.149901        0.748706
LBFGS:  173 18:02:12  -189357.311344        0.627484
LBFGS:  174 18:02:12  -189357.487798        0.431319
LBFGS:  175 18:02:12  -189357.647899        0.546938
LBFGS:  176 18:02:12  -189357.751679        0.567163
LBFGS:  177 18:02:12  -189357.866488        0.767235
LBFGS:  178 18:02:12  -189357.997874        0.508851
LBFGS:  179 18:02:12  -189358.133861        0.352897
LBFGS:  180 18:02:12  -189358.229278        0.542541
LBFGS:  181 18:02:13  -189358.345951        0.649387
LBFGS:  182 18:02:13  -189358.466017        0.446452
LBFGS:  183 18:02:13  -189358.589049        0.383779
LBFGS:  184 18:02:13  -189358.699620        0.502313
LBFGS:  185 18:02:13  -189358.808768        0.597632
LBFGS:  186 18:02:13  -189358.906789        0.457578
LBFGS:  187 18:02:13  -189359.014658        0.475450
LBFGS:  188 18:02:13  -189359.126528        0.492754
LBFGS:  189 18:02:13  -189359.237479        0.579529
LBFGS:  190 18:02:13  -189359.331428        0.435262
LBFGS:  191 18:02:13  -189359.421481        0.377281
LBFGS:  192 18:02:13  -189359.510461        0.486691
LBFGS:  193 18:02:13  -189359.600223        0.576043
LBFGS:  194 18:02:13  -189359.680539        0.497448
LBFGS:  195 18:02:14  -189359.769929        0.577278
LBFGS:  196 18:02:14  -189359.854589        0.387351
LBFGS:  197 18:02:14  -189359.941248        0.515931
LBFGS:  198 18:02:14  -189360.034683        0.479958
LBFGS:  199 18:02:14  -189360.156379        0.441715
LBFGS:  200 18:02:14  -189360.275396        0.469995
       Step     Time          Energy          fmax
LBFGS:    0 18:02:26  -204083.625213      176.600766
LBFGS:    1 18:02:26  -204106.811813       19.800691
LBFGS:    2 18:02:26  -204134.513046       37.159459
LBFGS:    3 18:02:26  -204160.622147       15.639918
LBFGS:    4 18:02:26  -204186.443159        8.842216
LBFGS:    5 18:02:26  -204206.235824        7.579395
LBFGS:    6 18:02:26  -204223.741433       12.797031
LBFGS:    7 18:02:27  -204239.893042        6.986923
LBFGS:    8 18:02:27  -204254.023923        7.140905
LBFGS:    9 18:02:27  -204266.964679        7.489213
LBFGS:   10 18:02:27  -204277.917263        6.715596
LBFGS:   11 18:02:27  -204286.797875        5.965882
LBFGS:   12 18:02:27  -204293.727810        6.131929
LBFGS:   13 18:02:27  -204299.354568        4.658143
LBFGS:   14 18:02:27  -204303.608156        3.339097
LBFGS:   15 18:02:27  -204306.432771        3.305140
LBFGS:   16 18:02:27  -204309.104997        4.399826
LBFGS:   17 18:02:27  -204311.358652        3.482173
LBFGS:   18 18:02:27  -204312.859917        3.589927
LBFGS:   19 18:02:27  -204314.159366        3.682695
LBFGS:   20 18:02:27  -204315.670412        3.407918
LBFGS:   21 18:02:28  -204317.873263        3.679886
LBFGS:   22 18:02:28  -204319.160792        4.021050
LBFGS:   23 18:02:28  -204320.177555        4.663651
LBFGS:   24 18:02:28  -204321.046426        3.380416
LBFGS:   25 18:02:28  -204321.797902        2.422003
LBFGS:   26 18:02:28  -204322.469953        2.250584
LBFGS:   27 18:02:28  -204323.363948        1.741979
LBFGS:   28 18:02:28  -204324.378515        1.576084
LBFGS:   29 18:02:28  -204325.025774        1.568215
LBFGS:   30 18:02:28  -204325.536731        2.162075
LBFGS:   31 18:02:28  -204326.019518        2.348726
LBFGS:   32 18:02:28  -204326.437893        2.944052
LBFGS:   33 18:02:28  -204326.869422        2.489055
LBFGS:   34 18:02:28  -204327.429769        2.195658
LBFGS:   35 18:02:29  -204328.081713        1.645310
LBFGS:   36 18:02:29  -204328.736234        1.615862
LBFGS:   37 18:02:29  -204329.281835        1.446249
LBFGS:   38 18:02:29  -204329.642749        1.327132
LBFGS:   39 18:02:29  -204329.696319        3.565084
LBFGS:   40 18:02:29  -204330.195605        2.008723
LBFGS:   41 18:02:29  -204330.611705        1.276926
LBFGS:   42 18:02:29  -204331.207824        1.332594
LBFGS:   43 18:02:29  -204331.668525        2.162682
LBFGS:   44 18:02:29  -204332.059255        1.646329
LBFGS:   45 18:02:29  -204332.539719        1.129301
LBFGS:   46 18:02:29  -204332.865081        1.497337
LBFGS:   47 18:02:29  -204333.205511        2.055392
LBFGS:   48 18:02:29  -204333.673917        1.532428
LBFGS:   49 18:02:30  -204334.040444        1.722740
LBFGS:   50 18:02:30  -204334.293897        1.461205
LBFGS:   51 18:02:30  -204334.654804        1.309487
LBFGS:   52 18:02:30  -204334.958697        1.166698
LBFGS:   53 18:02:30  -204335.265794        1.034558
LBFGS:   54 18:02:30  -204335.474452        1.103139
LBFGS:   55 18:02:30  -204335.618368        2.095004
LBFGS:   56 18:02:30  -204336.015634        0.994150
LBFGS:   57 18:02:30  -204336.245449        0.775015
LBFGS:   58 18:02:30  -204336.512686        0.915609
LBFGS:   59 18:02:30  -204336.727974        1.143392
LBFGS:   60 18:02:30  -204336.986959        0.827935
LBFGS:   61 18:02:30  -204337.252895        0.858971
LBFGS:   62 18:02:30  -204337.600084        1.088567
LBFGS:   63 18:02:30  -204337.222128        2.347963
LBFGS:   64 18:02:31  -204338.210344        1.078455
LBFGS:   65 18:02:31  -204338.453250        1.015232
LBFGS:   66 18:02:31  -204338.886712        0.638250
LBFGS:   67 18:02:31  -204339.083394        0.813055
LBFGS:   68 18:02:31  -204339.374945        1.286589
LBFGS:   69 18:02:31  -204339.606380        1.115270
LBFGS:   70 18:02:31  -204339.870441        0.707341
LBFGS:   71 18:02:31  -204340.105825        0.803714
LBFGS:   72 18:02:31  -204340.322591        0.858730
LBFGS:   73 18:02:31  -204340.637943        0.710038
LBFGS:   74 18:02:31  -204340.845029        1.453185
LBFGS:   75 18:02:31  -204341.021075        1.569847
LBFGS:   76 18:02:31  -204341.330863        1.073801
LBFGS:   77 18:02:31  -204341.646573        1.397659
LBFGS:   78 18:02:32  -204341.983244        0.844200
LBFGS:   79 18:02:32  -204342.210365        1.038303
LBFGS:   80 18:02:32  -204342.459770        0.756000
LBFGS:   81 18:02:32  -204342.716101        0.917556
LBFGS:   82 18:02:32  -204342.902635        0.973910
LBFGS:   83 18:02:32  -204343.127818        0.939823
LBFGS:   84 18:02:32  -204343.397544        0.795004
LBFGS:   85 18:02:32  -204343.624635        0.885492
LBFGS:   86 18:02:32  -204343.893884        0.797022
LBFGS:   87 18:02:32  -204344.132323        0.946898
LBFGS:   88 18:02:32  -204344.327753        0.840596
LBFGS:   89 18:02:32  -204344.562665        1.265342
LBFGS:   90 18:02:32  -204344.759335        0.687639
LBFGS:   91 18:02:32  -204344.964362        0.752953
LBFGS:   92 18:02:33  -204345.142467        0.795503
LBFGS:   93 18:02:33  -204345.394295        0.961794
LBFGS:   94 18:02:33  -204345.598701        0.937962
LBFGS:   95 18:02:33  -204345.785104        0.659065
LBFGS:   96 18:02:33  -204345.968466        0.831849
LBFGS:   97 18:02:33  -204346.175344        0.964273
LBFGS:   98 18:02:33  -204346.434883        1.086757
LBFGS:   99 18:02:33  -204346.682656        0.711624
LBFGS:  100 18:02:33  -204346.956077        0.980778
LBFGS:  101 18:02:33  -204347.217989        0.980592
LBFGS:  102 18:02:33  -204347.438760        0.987940
LBFGS:  103 18:02:33  -204347.585569        1.247779
LBFGS:  104 18:02:33  -204347.809410        0.843884
LBFGS:  105 18:02:34  -204348.004231        0.627643
LBFGS:  106 18:02:34  -204348.210982        0.929672
LBFGS:  107 18:02:34  -204348.399071        0.782127
LBFGS:  108 18:02:34  -204348.665075        0.871140
LBFGS:  109 18:02:34  -204348.899095        0.654769
LBFGS:  110 18:02:34  -204349.101386        0.749308
LBFGS:  111 18:02:34  -204349.295934        0.716353
LBFGS:  112 18:02:34  -204349.521381        0.868242
LBFGS:  113 18:02:34  -204349.726466        0.730527
LBFGS:  114 18:02:34  -204349.930254        0.786573
LBFGS:  115 18:02:34  -204350.104558        0.919420
LBFGS:  116 18:02:34  -204350.159363        1.188001
LBFGS:  117 18:02:34  -204350.450641        0.574703
LBFGS:  118 18:02:34  -204350.610958        0.398597
LBFGS:  119 18:02:35  -204350.833266        0.642496
LBFGS:  120 18:02:35  -204351.027670        0.763515
LBFGS:  121 18:02:35  -204351.259282        0.709482
LBFGS:  122 18:02:35  -204351.493857        0.597977
LBFGS:  123 18:02:35  -204351.702008        0.854988
LBFGS:  124 18:02:35  -204351.899621        0.767276
LBFGS:  125 18:02:35  -204352.114964        0.602031
LBFGS:  126 18:02:35  -204352.322325        0.664978
LBFGS:  127 18:02:35  -204352.541833        0.774281
LBFGS:  128 18:02:35  -204352.846890        1.165284
LBFGS:  129 18:02:35  -204353.107460        0.991798
LBFGS:  130 18:02:35  -204353.352976        0.682815
LBFGS:  131 18:02:35  -204353.517040        0.729886
LBFGS:  132 18:02:35  -204353.708633        0.797490
LBFGS:  133 18:02:36  -204353.935242        0.753084
LBFGS:  134 18:02:36  -204354.141744        0.624671
LBFGS:  135 18:02:36  -204354.402602        0.830711
LBFGS:  136 18:02:36  -204354.676096        0.682748
LBFGS:  137 18:02:36  -204354.881264        0.875569
LBFGS:  138 18:02:36  -204355.032134        0.833999
LBFGS:  139 18:02:36  -204355.212444        0.625273
LBFGS:  140 18:02:36  -204355.382835        0.755184
LBFGS:  141 18:02:36  -204355.570098        0.674537
LBFGS:  142 18:02:36  -204355.805802        0.776778
LBFGS:  143 18:02:36  -204356.014625        0.827349
LBFGS:  144 18:02:36  -204356.253317        0.694677
LBFGS:  145 18:02:36  -204356.462889        0.703744
LBFGS:  146 18:02:37  -204356.656618        0.652334
LBFGS:  147 18:02:37  -204356.825724        0.835191
LBFGS:  148 18:02:37  -204356.998857        0.676540
LBFGS:  149 18:02:37  -204357.198229        0.647208
LBFGS:  150 18:02:37  -204357.372654        0.603455
LBFGS:  151 18:02:37  -204357.551118        0.941227
LBFGS:  152 18:02:37  -204357.723402        0.819565
LBFGS:  153 18:02:37  -204357.890290        0.801035
LBFGS:  154 18:02:37  -204358.108950        1.354414
LBFGS:  155 18:02:37  -204358.301536        0.757945
LBFGS:  156 18:02:37  -204358.499551        0.660976
LBFGS:  157 18:02:37  -204358.695181        0.632181
LBFGS:  158 18:02:37  -204358.886783        0.794369
LBFGS:  159 18:02:37  -204359.053941        0.623444
LBFGS:  160 18:02:38  -204359.236996        0.568132
LBFGS:  161 18:02:38  -204359.392273        0.713065
LBFGS:  162 18:02:38  -204359.545271        0.708043
LBFGS:  163 18:02:38  -204359.701594        0.886217
LBFGS:  164 18:02:38  -204359.854849        0.465498
LBFGS:  165 18:02:38  -204359.987921        0.463154
LBFGS:  166 18:02:38  -204360.103024        0.644812
LBFGS:  167 18:02:38  -204360.239665        0.631073
LBFGS:  168 18:02:38  -204360.371921        0.459795
LBFGS:  169 18:02:38  -204360.490842        0.416753
LBFGS:  170 18:02:38  -204360.622779        0.552329
LBFGS:  171 18:02:38  -204360.766751        0.555082
LBFGS:  172 18:02:38  -204360.895295        0.614712
LBFGS:  173 18:02:38  -204361.031759        0.565700
LBFGS:  174 18:02:39  -204361.203724        0.559116
LBFGS:  175 18:02:39  -204361.385239        0.609936
LBFGS:  176 18:02:39  -204361.588181        0.738499
LBFGS:  177 18:02:39  -204361.779531        0.538304
LBFGS:  178 18:02:39  -204361.949907        0.597145
LBFGS:  179 18:02:39  -204362.104462        0.558795
LBFGS:  180 18:02:39  -204362.259303        0.643833
LBFGS:  181 18:02:39  -204362.395322        0.535839
LBFGS:  182 18:02:39  -204362.521874        0.594965
LBFGS:  183 18:02:39  -204362.651358        0.500026
LBFGS:  184 18:02:39  -204362.781166        0.553054
LBFGS:  185 18:02:39  -204362.940343        0.624937
LBFGS:  186 18:02:39  -204363.040874        0.539862
LBFGS:  187 18:02:40  -204363.188674        0.465864
LBFGS:  188 18:02:40  -204363.315518        0.502328
LBFGS:  189 18:02:40  -204363.440876        0.669280
LBFGS:  190 18:02:40  -204363.566208        0.498403
LBFGS:  191 18:02:40  -204363.666580        0.392341
LBFGS:  192 18:02:40  -204363.760222        0.426964
LBFGS:  193 18:02:40  -204363.851065        0.454976
LBFGS:  194 18:02:40  -204363.950239        0.483425
LBFGS:  195 18:02:40  -204364.049337        0.432842
LBFGS:  196 18:02:40  -204364.154851        0.518841
LBFGS:  197 18:02:40  -204364.251413        0.412190
LBFGS:  198 18:02:40  -204364.339643        0.474310
LBFGS:  199 18:02:40  -204364.430763        0.389944
LBFGS:  200 18:02:40  -204364.518408        0.493429
       Step     Time          Energy          fmax
LBFGS:    0 18:02:54  -219008.281962      267.735532
LBFGS:    1 18:02:54  -219050.125658       38.274505
LBFGS:    2 18:02:54  -219075.575882       97.519165
LBFGS:    3 18:02:54  -219108.907368       20.965837
LBFGS:    4 18:02:54  -219141.720279        8.884687
LBFGS:    5 18:02:55  -219168.609563        6.991192
LBFGS:    6 18:02:55  -219190.364996       14.265257
LBFGS:    7 18:02:55  -219210.062461        7.848809
LBFGS:    8 18:02:55  -219227.721079        6.876102
LBFGS:    9 18:02:55  -219242.803908        5.658842
LBFGS:   10 18:02:55  -219257.924549        5.300416
LBFGS:   11 18:02:55  -219270.072121        6.363928
LBFGS:   12 18:02:55  -219279.857290        6.436191
LBFGS:   13 18:02:55  -219287.443242        6.386250
LBFGS:   14 18:02:55  -219293.072991        4.703975
LBFGS:   15 18:02:55  -219297.588019        3.334474
LBFGS:   16 18:02:55  -219301.294607        2.882731
LBFGS:   17 18:02:55  -219304.332484        3.138676
LBFGS:   18 18:02:55  -219307.294537        3.377751
LBFGS:   19 18:02:56  -219309.041211        3.005787
LBFGS:   20 18:02:56  -219311.048186        5.029993
LBFGS:   21 18:02:56  -219313.327164        3.772273
LBFGS:   22 18:02:56  -219315.381767        2.130387
LBFGS:   23 18:02:56  -219316.640707        1.977042
LBFGS:   24 18:02:56  -219318.185051        2.449692
LBFGS:   25 18:02:56  -219319.289923        2.660378
LBFGS:   26 18:02:56  -219320.735459        2.573431
LBFGS:   27 18:02:56  -219321.975355        2.054025
LBFGS:   28 18:02:56  -219323.518940        2.106889
LBFGS:   29 18:02:56  -219324.761057        3.340400
LBFGS:   30 18:02:56  -219326.112183        3.111733
LBFGS:   31 18:02:56  -219326.724502        2.816799
LBFGS:   32 18:02:56  -219327.375172        3.209273
LBFGS:   33 18:02:57  -219328.392388        1.565463
LBFGS:   34 18:02:57  -219329.045926        1.353680
LBFGS:   35 18:02:57  -219329.836743        1.918446
LBFGS:   36 18:02:57  -219330.512465        2.659659
LBFGS:   37 18:02:57  -219331.410255        3.921051
LBFGS:   38 18:02:57  -219332.045305        1.779708
LBFGS:   39 18:02:57  -219332.726308        1.615709
LBFGS:   40 18:02:57  -219333.305199        1.569580
LBFGS:   41 18:02:57  -219333.970322        3.006942
LBFGS:   42 18:02:57  -219334.506446        2.066373
LBFGS:   43 18:02:57  -219335.328380        2.397958
LBFGS:   44 18:02:57  -219335.977965        2.081684
LBFGS:   45 18:02:57  -219336.651444        1.911870
LBFGS:   46 18:02:57  -219337.296986        1.681653
LBFGS:   47 18:02:58  -219337.811632        1.945694
LBFGS:   48 18:02:58  -219338.418707        2.383325
LBFGS:   49 18:02:58  -219338.894501        3.185843
LBFGS:   50 18:02:58  -219339.660321        4.470887
LBFGS:   51 18:02:58  -219340.796330        7.120422
LBFGS:   52 18:02:58  -219341.238104        3.943954
LBFGS:   53 18:02:58  -219341.917947        3.993502
LBFGS:   54 18:02:58  -219342.391798        3.557323
LBFGS:   55 18:02:58  -219342.879053        2.006574
LBFGS:   56 18:02:58  -219343.477883        2.318122
LBFGS:   57 18:02:58  -219344.303131        2.213468
LBFGS:   58 18:02:58  -219345.058518        2.433112
LBFGS:   59 18:02:58  -219345.803509        2.145141
LBFGS:   60 18:02:58  -219346.061019        2.219554
LBFGS:   61 18:02:58  -219346.740909        1.743542
LBFGS:   62 18:02:59  -219347.199912        1.734694
LBFGS:   63 18:02:59  -219347.777829        1.549236
LBFGS:   64 18:02:59  -219348.263043        1.439877
LBFGS:   65 18:02:59  -219348.803893        1.722568
LBFGS:   66 18:02:59  -219349.326779        1.333683
LBFGS:   67 18:02:59  -219349.858905        1.028222
LBFGS:   68 18:02:59  -219350.268495        1.081172
LBFGS:   69 18:02:59  -219350.598105        1.081970
LBFGS:   70 18:02:59  -219350.817865        1.771204
LBFGS:   71 18:02:59  -219351.231356        1.188270
LBFGS:   72 18:02:59  -219351.644307        0.762211
LBFGS:   73 18:02:59  -219352.096639        1.120646
LBFGS:   74 18:02:59  -219352.485486        1.160254
LBFGS:   75 18:02:59  -219352.868064        1.063222
LBFGS:   76 18:03:00  -219353.353834        0.955451
LBFGS:   77 18:03:00  -219353.774773        1.236677
LBFGS:   78 18:03:00  -219353.979930        1.616595
LBFGS:   79 18:03:00  -219354.393967        1.545141
LBFGS:   80 18:03:00  -219354.751762        1.197235
LBFGS:   81 18:03:00  -219355.139364        0.983427
LBFGS:   82 18:03:00  -219355.350922        1.087018
LBFGS:   83 18:03:00  -219355.721111        0.846469
LBFGS:   84 18:03:00  -219356.117473        0.957733
LBFGS:   85 18:03:00  -219356.299948        1.478807
LBFGS:   86 18:03:00  -219356.615024        1.275797
LBFGS:   87 18:03:00  -219356.878978        0.884792
LBFGS:   88 18:03:00  -219357.270299        0.739055
LBFGS:   89 18:03:00  -219357.558179        0.998836
LBFGS:   90 18:03:01  -219357.822699        0.973269
LBFGS:   91 18:03:01  -219358.105160        1.117686
LBFGS:   92 18:03:01  -219358.395835        0.792823
LBFGS:   93 18:03:01  -219358.687180        1.057418
LBFGS:   94 18:03:01  -219359.031525        1.031102
LBFGS:   95 18:03:01  -219359.335693        0.816342
LBFGS:   96 18:03:01  -219359.641420        0.819444
LBFGS:   97 18:03:01  -219359.906110        0.957871
LBFGS:   98 18:03:01  -219360.184053        1.580802
LBFGS:   99 18:03:01  -219360.488426        1.024823
LBFGS:  100 18:03:01  -219360.808508        0.793755
LBFGS:  101 18:03:01  -219361.081812        1.068990
LBFGS:  102 18:03:01  -219361.372216        1.119173
LBFGS:  103 18:03:02  -219361.634900        1.021045
LBFGS:  104 18:03:02  -219361.916128        1.008316
LBFGS:  105 18:03:02  -219362.146291        1.106301
LBFGS:  106 18:03:02  -219362.430831        1.078862
LBFGS:  107 18:03:02  -219362.720261        0.892234
LBFGS:  108 18:03:02  -219362.981364        0.941894
LBFGS:  109 18:03:02  -219363.274947        0.945998
LBFGS:  110 18:03:02  -219363.454638        0.885175
LBFGS:  111 18:03:02  -219363.650369        0.646177
LBFGS:  112 18:03:02  -219363.852416        0.510500
LBFGS:  113 18:03:02  -219364.170156        0.724249
LBFGS:  114 18:03:02  -219364.415406        0.744342
LBFGS:  115 18:03:02  -219364.725161        0.752749
LBFGS:  116 18:03:02  -219364.967638        0.703021
LBFGS:  117 18:03:03  -219365.204931        0.838067
LBFGS:  118 18:03:03  -219365.426498        0.728826
LBFGS:  119 18:03:03  -219365.636572        0.747842
LBFGS:  120 18:03:03  -219365.871690        1.007606
LBFGS:  121 18:03:03  -219366.119220        1.003195
LBFGS:  122 18:03:03  -219366.395849        0.724181
LBFGS:  123 18:03:03  -219366.662381        0.892869
LBFGS:  124 18:03:03  -219366.912810        1.109777
LBFGS:  125 18:03:03  -219367.126782        1.131307
LBFGS:  126 18:03:03  -219367.300544        1.196067
LBFGS:  127 18:03:03  -219367.521274        0.811816
LBFGS:  128 18:03:03  -219367.779399        0.793826
LBFGS:  129 18:03:03  -219368.029416        1.248653
LBFGS:  130 18:03:03  -219368.251811        1.086550
LBFGS:  131 18:03:04  -219368.525173        0.654965
LBFGS:  132 18:03:04  -219368.775056        0.812326
LBFGS:  133 18:03:04  -219369.050076        1.059038
LBFGS:  134 18:03:04  -219369.301366        1.234541
LBFGS:  135 18:03:04  -219369.447476        1.715167
LBFGS:  136 18:03:04  -219369.784196        1.111987
LBFGS:  137 18:03:04  -219370.047335        1.238586
LBFGS:  138 18:03:04  -219370.349667        1.280809
LBFGS:  139 18:03:04  -219370.639765        0.892342
LBFGS:  140 18:03:04  -219370.874698        0.580985
LBFGS:  141 18:03:04  -219371.153015        0.701809
LBFGS:  142 18:03:04  -219371.410492        0.833214
LBFGS:  143 18:03:04  -219371.581367        1.249375
LBFGS:  144 18:03:04  -219371.867419        0.782285
LBFGS:  145 18:03:05  -219372.170035        0.853511
LBFGS:  146 18:03:05  -219372.486953        0.680352
LBFGS:  147 18:03:05  -219372.748704        0.756998
LBFGS:  148 18:03:05  -219373.003447        0.760854
LBFGS:  149 18:03:05  -219373.228384        0.716895
LBFGS:  150 18:03:05  -219373.475801        0.615131
LBFGS:  151 18:03:05  -219373.717246        0.693260
LBFGS:  152 18:03:05  -219373.966109        0.802631
LBFGS:  153 18:03:05  -219374.193225        1.541349
LBFGS:  154 18:03:05  -219374.477830        0.929883
LBFGS:  155 18:03:05  -219374.739101        0.618506
LBFGS:  156 18:03:05  -219374.962978        0.698953
LBFGS:  157 18:03:05  -219375.194956        0.506321
LBFGS:  158 18:03:06  -219375.411730        0.530328
LBFGS:  159 18:03:06  -219375.617022        0.573642
LBFGS:  160 18:03:06  -219375.802003        0.745312
LBFGS:  161 18:03:06  -219375.988210        0.797690
LBFGS:  162 18:03:06  -219376.183447        0.653585
LBFGS:  163 18:03:06  -219376.371931        0.486938
LBFGS:  164 18:03:06  -219376.503687        0.414184
LBFGS:  165 18:03:06  -219376.640600        0.431754
LBFGS:  166 18:03:06  -219376.774522        0.440757
LBFGS:  167 18:03:06  -219376.896555        0.426647
LBFGS:  168 18:03:06  -219377.020479        0.442332
LBFGS:  169 18:03:06  -219377.163671        0.535231
LBFGS:  170 18:03:06  -219377.314148        0.556779
LBFGS:  171 18:03:06  -219377.430627        0.501124
LBFGS:  172 18:03:07  -219377.529640        0.458235
LBFGS:  173 18:03:07  -219377.633016        0.464048
LBFGS:  174 18:03:07  -219377.739552        0.466586
LBFGS:  175 18:03:07  -219377.848934        0.503203
LBFGS:  176 18:03:07  -219377.970234        0.529013
LBFGS:  177 18:03:07  -219378.095751        0.535387
LBFGS:  178 18:03:07  -219378.231471        0.476668
LBFGS:  179 18:03:07  -219378.360479        0.554754
LBFGS:  180 18:03:07  -219378.465660        0.861206
LBFGS:  181 18:03:07  -219378.600059        0.454505
LBFGS:  182 18:03:07  -219378.758383        0.462833
LBFGS:  183 18:03:07  -219378.919794        0.598788
LBFGS:  184 18:03:07  -219379.079988        0.593857
LBFGS:  185 18:03:07  -219379.230773        0.377091
LBFGS:  186 18:03:08  -219379.355382        0.402227
LBFGS:  187 18:03:08  -219379.468253        0.890065
LBFGS:  188 18:03:08  -219379.544267        1.155797
LBFGS:  189 18:03:08  -219379.659864        0.692304
LBFGS:  190 18:03:08  -219379.760205        0.521272
LBFGS:  191 18:03:08  -219379.862240        0.405513
LBFGS:  192 18:03:08  -219379.945134        0.389994
LBFGS:  193 18:03:08  -219380.047043        0.527764
LBFGS:  194 18:03:08  -219380.157587        0.404165
LBFGS:  195 18:03:08  -219380.255234        0.385979
LBFGS:  196 18:03:08  -219380.361812        0.408302
LBFGS:  197 18:03:08  -219380.473492        0.353957
LBFGS:  198 18:03:08  -219380.582672        0.380270
LBFGS:  199 18:03:09  -219380.682817        0.372919
LBFGS:  200 18:03:09  -219380.793813        0.428885
